game,archive_dir,vmi,vms,archive_filename,creator,description,chosen
Power Stone,powerstone,v27222.vmi,v27222.VMS,POWSTONE_DAT,Master fighter,"Unlocked everything. All character and weapons, unlocked gallery and music hall.",yes
Power Stone,powerstone,v39744.vmi,v39744.VMS,POWSTONE_DAT,Zach Pulliam,Ok ok listen up this save has everything besides artwork and music hall.,
Power Stone,powerstone,v74193.vmi,v74193.VMS,POWSTONE_DAT,gReg,"Decent save. Not exactly the best you can get, but I've got most of the secrets and hidden characters unlocked!",
Power Stone,powerstone,v83943.vmi,v83943.VMS,POWSTONE_DAT,Steven Santiago,"This is the best it gets!!!I have everything, and I mean everything unlocked...even the art museum and the soundthingy opened. This tookalot of work so please write back ASAP!!!",
Power Stone,powerstone,v62607.vmi,v62607.VMS,POWSTONE_DAT,raydog15,Everything including art gallery and music hall!,
Power Stone,powerstone,v79451.vmi,v79451.VMS,POWSTONE_DAT,J,Every secret and every character with everything else.,
Power Stone,powerstone,v72823.vmi,v72823.VMS,POWSTONE_DAT,Todd Esson,Perfect Save Press L to taunt Energy re-fill between battles: off,
Power Stone,powerstone,00000033.vmi,00000033.VMS,POWSTONE_DAT,Kris M Bohler,"Everything complete,all pages opened.",
Power Stone,powerstone,PSTONE1.VMI,PSTONE1.VMS,POWSTONE_DAT,,Perfect Save! All secret open!,
Power Stone 2,powerstone2,v48514.vmi,v48514.VMS,P_STONE2_DAT,trunkszero157,"everything unlocked,all items, all characters!",
Power Stone 2,powerstone2,v4427.vmi,v4427.VMS,P_STONE2_DAT,666,"all stages,itens,mel and pride and very $$$$$$$$$$$$$$$$$$$",
Power Stone 2,powerstone2,v13088.vmi,v13088.VMS,P_STONE2_DAT,dreamcast maniaco,Para a versao japoneza com dois personagens secretos e viva ao Brasil!!!,
Power Stone 2,powerstone2,v28372.vmi,v28372.VMS,P_STONE2_DAT,Zam,"All bonus levels, pride, mel, and all bonus options unlocked.",
Power Stone 2,powerstone2,v3876.vmi,v3876.VMS,P_STONE2_DAT,segafreak,"Over 110 items, extra stages 1,2,3extra characters pride and mel,all texts.",
Power Stone 2,powerstone2,v77729.vmi,v77729.VMS,P_STONE2_DAT,Derek Lawson,I have every thing in the game complete with all items 99 and    over twenty million saved up.,
Power Stone 2,powerstone2,v83431.vmi,v83431.VMS,P_STONE2_DAT,boni puertorico,All characters and all items.,
Power Stone 2,powerstone2,v20786.vmi,v20786.VMS,P_STONE2_DAT,Kenneth Washington,Good save. It has 110 items and all materials. I have extra stage 1 and I have both of the secret Characters.,
Power Stone 2,powerstone2,v23004.vmi,v23004.VMS,P_STONE2_DAT,roberto,"All characters,items,stages and.....15.000.000.000 gold points",
Power Stone 2,powerstone2,v61589.vmi,v61589.VMS,P_STONE2_DAT,byron,"All characters, sercets, and stages avilible.",
Power Stone 2,powerstone2,v74828.vmi,v74828.VMS,P_STONE2_DAT,jj,85 items all characters all boards,
Power Stone 2,powerstone2,v63191.vmi,v63191.VMS,P_STONE2_DAT,RJ,[Japanese Version] All charactors and levels unlocked.,
Power Stone 2,powerstone2,v99484.vmi,v99484.VMS,P_STONE2_DAT,gr8muta,"[Japanese Version] All the characters, stages, and items.Plus a lot of money!",
Power Stone 2,powerstone2,v67990.vmi,v67990.VMS,P_STONE2_DAT,(HR)WilSin,Every single thing unlocked all three extra boards all characters all items all essence and material.,yes
Power Stone 2,powerstone2,v59109.vmi,v59109.VMS,P_STONE2_DAT,ED CABILES,Everything unlocked except for one item.,
Power Stone 2,powerstone2,v56529.vmi,v56529.VMS,P_STONE2_DAT,MICHAEL BICKLEY,"All characters, all stages, and alot of items",
Power Stone 2,powerstone2,PSTONE2.VMI,PSTONE2.VMS,P_STONE2_DAT,,Perfect Save! All secret open!,
Soul Calibur,soulcalibur,v63274.vmi,v63274.VMS,SCALIBUR_MBE,Evolution,"This is the complete ending of the game, all characters including Inferno and Edge Master! Metallic fighters, different versions of their weapons, all the images of the gallery, all! Game Completed!",
Soul Calibur,soulcalibur,v27888.vmi,v27888.VMS,SCALIBUR_MBU,CHARLY BROWN ( GDL ),"Personajes secretos, todos los ecenarios, todas las katas, todos los trajes, todas las armas, personajes metalicos...! estan esperandote !comentarios: [email removed]",yes
Soul Calibur,soulcalibur,v97060.vmi,v97060.VMS,SCALIBUR_MBU,Robert Castro,Everything open. !!!!!!!,
Soul Calibur,soulcalibur,v82858.vmi,v82858.VMS,SCALIBUR_MBE,RICARDO,[European Version] Secret characters.,
Soul Calibur,soulcalibur,00000031.vmi,00000031.VMS,SCALIBUR_MBU,Kris M Bohler,"Everything opened, all secerts open.",
Soul Calibur,soulcalibur,SOULCEU.VMI,SOULCEU.VMS,SCALIBUR_MBE,,Cool save for Soul Calibur!,
Soul Calibur,soulcalibur,SCALIBUR.VMI,SCALIBUR.VMS,SCALIBUR_MBE,,All unlocked.,
Marvel vs Capcom,marvelcapcom,v4581.vmi,v4581.VMS,MVLVSCAP_DAT,Ron Morris,"Complete, perfect save with all secret characters, Onslaught mode, and the best control options.",yes
Marvel vs Capcom,marvelcapcom,v48687.vmi,v48687.VMS,MVLVSCAP_DAT,Sweet P,Everything unlocked including all secret characters and Onsaulot mode. Perfect Japanese Game Save!,
Marvel vs Capcom,marvelcapcom,v2865.vmi,v2865.VMS,MVLVSCAP_DAT,Richy,Everything you can get on marvel vs. capcom plus onslaught and all secret characters!,
Marvel vs Capcom,marvelcapcom,v8814.vmi,v8814.VMS,MVLVSCAP_DAT,Sean Errol Allen,"All characters unlocked, including ONSLAUGHT!!",
Marvel vs Capcom,marvelcapcom,v9936.vmi,v9936.VMS,MVLVSCAP_DAT,joe,ultimate save,
Marvel vs Capcom,marvelcapcom,v30334.vmi,v30334.VMS,MVLVSCAP_DAT,(HR)WilSin,everything unlocked.,
Marvel vs Capcom,marvelcapcom,v55825.vmi,v55825.VMS,MVLVSCAP_DAT,Nelson Algarin.PUERTO RICO,OPENING ALL SECRETS,
Marvel vs Capcom,marvelcapcom,00000007.vmi,00000007.VMS,MVLVSCAP_DAT,Garrett Wilke,Perfect Save. Onslaught Mode.,
Marvel vs Capcom,marvelcapcom,00000008.vmi,00000008.VMS,MVLVSCAP_DAT,,JP Perfect Save! All Open!,
Marvel vs Capcom 2,marvelcapcom2,v60728.vmi,v60728.VMS,MVLVSCP2_SYS,Cesar,"Quieres tener todos los peleadores,todos los colores, todas las areasextras, maxima experiencia y dineroinfinito? Escogeme....",
Marvel vs Capcom 2,marvelcapcom2,v51054.vmi,v51054.VMS,MVLVSCP2_SYS,jim molkes,"Highest Mvc 2 score, unhacked all players and levels.",
Marvel vs Capcom 2,marvelcapcom2,v28680.vmi,v28680.VMS,MVLVS.C2_SYS,Fabio Simoes,"[Japanese] All characters, all colors, 7 new stages and EXP. LEVEL 99",
Marvel vs Capcom 2,marvelcapcom2,v84538.vmi,v84538.VMS,MVLVSCP2_SYS,Burn150,I got all 54 characters and all 54 new colors.I got all new stages and the EXP.[LEVEL] is 99.,
Marvel vs Capcom 2,marvelcapcom2,v35013.vmi,v35013.VMS,MVLVS.C2_SYS,ANDRE N ALVES BRASIL-SP,"JAPONESA56 PERSONAGENS,7 NOVAS FASES,TODAS ASROUPAS.",
Marvel vs Capcom 2,marvelcapcom2,v56171.vmi,v56171.VMS,MVLVSCP2_SYS,Armando Reyna,"This download includes everything. All 56 characters, all secret costumes, all 7 secret stages, and it will let you pick three of the same character(ex: Guile, Guile, Guile)",
Marvel vs Capcom 2,marvelcapcom2,v90768.vmi,v90768.VMS,MVLVSCP2_SYS,gReg,"Awesome Save w/ 56 characters, 56 NEW COLORS, 7 New stages, EXP. LEVEL 99! 3x same character!! (example: 3 Ryus) Everything you need!",yes
Marvel vs Capcom 2,marvelcapcom2,v24953.vmi,v24953.VMS,MVLVS.C2_SYS,Ricardo-Brasil-RJ,"[Japanese] All 56 fighters enabled, all colors, level 99",
Marvel vs Capcom 2,marvelcapcom2,v83988.vmi,v83988.VMS,MVLVSCP2_SYS,bodyc,"All characters, all costmes and all hidden stages. 80+ hours.",
Marvel vs Capcom 2,marvelcapcom2,v84452.vmi,v84452.VMS,MVLVSCP2_SYS,DuoMaxwell14,All 56 character All hidden stages + All 56 colours,
Marvel vs Capcom 2,marvelcapcom2,v94837.vmi,v94837.VMS,MVLVSCP2_SYS,Anthony Badajos from Guam,"This save was not hacked like othersall original, all characters, stages, and colors. EXP level 99, and play time60 hours of gameplay. Also try and beat my score.",
Marvel vs Capcom 2,marvelcapcom2,v98338.vmi,v98338.VMS,MVLVSCP2_SYS,{^N3cR0-X^},THE BEST SAVE HERE TRUST ME IVE SEEN THEM ALL AND THIS IS THE BEST ONE... ALL 56 ALL COSTUMES AND MAXXED OUT POINTS AND HOURS!!!!!!!!!!!!!!!,
Marvel vs Capcom 2,marvelcapcom2,v65071.vmi,v65071.VMS,MVLVSCP2_SYS,Daniel Moore,ALL 56 CHARACTERS ALL COSTUMES TIMER MAXED-OUT LEVEL 99 MAXED-OUT POINTS>,
Marvel vs Capcom 2,marvelcapcom2,v32375.vmi,v32375.VMS,MVLVSCP2_SYS,D-God,Want Everything download this,
Marvel vs Capcom 2,marvelcapcom2,v29973.vmi,v29973.VMS,MVLVSCP2_SYS,Jazce,"DOWNLOAD THIS NOW!!! All 56 characters,99hours of gameplay, all colors,all stages",
Marvel vs Capcom 2,marvelcapcom2,v39569.vmi,v39569.VMS,MVLVSCP2_SYS,Hentai Sean,Play as Aybess and all characters.,
Marvel vs Capcom 2,marvelcapcom2,v22074.vmi,v22074.VMS,MVLVSCP2_SYS,Simon,"56 Characters , 7 new stages , a dozen colors. (lv.99 and at least 27 hoursof game play.",
Marvel vs Capcom 2,marvelcapcom2,v23461.vmi,v23461.VMS,MVLVSCP2_SYS,Asghar Mashti,"ALL 56 CHAR, ALL STAGES AND CUSTOM COLORS",
Marvel vs Capcom 2,marvelcapcom2,v17998.vmi,v17998.VMS,MVLVSCP2_SYS,jittyg,Almost every character and some new stages!!,
Marvel vs Capcom 2,marvelcapcom2,v28160.vmi,v28160.VMS,MVLVSCP2_SYS,Timothy Conner,"All characters, All colors, Shop sold out!",
Marvel vs Capcom 2,marvelcapcom2,v2407.vmi,v2407.VMS,MVLVSCP2_SYS,ED CABILES,"ALL 56 CHARACTERS, ALL STAGES, ALL COSTUMES",
Marvel vs Capcom 2,marvelcapcom2,v42203.vmi,v42203.VMS,MVLVSCP2_SYS,william maldonado,56 characters 7 stages and severalcostumes,
Marvel vs Capcom 2,marvelcapcom2,v32499.vmi,v32499.VMS,MVLVSCP2_SYS,Kelly Martin,"The FIRST U.S. game save for Marvel vs. Capcom2 with all 56 characters, a couple of colors, and 4 levels.  Enjoy!!!",
Marvel vs Capcom 2,marvelcapcom2,v1589.vmi,v1589.VMS,MVLVSCP2_SYS,Chad McCann,"USA version almost every secret character obtained@ hidden stages,about 12hrs game time and a few extra colors.",
Marvel vs Capcom 2,marvelcapcom2,00000009.vmi,00000009.VMS,MVLVS.C2_SYS,,JP Perfect Save! All Open!,
Marvel vs Capcom 2,marvelcapcom2,v45779.vmi,v45779.VMS,MVLVS.C2_SYS,,[Japanese] All Secrets,
Marvel vs Capcom 2,marvelcapcom2,v38806.vmi,v38806.VMS,MVLVSCP2_SYS,,Everything is unlocked. Beat my high score.,
Marvel vs Capcom 2,marvelcapcom2,v65991.vmi,v65991.VMS,MVLVSCP2_SYS,,"Everything unlocked, all characters,modes, costumes, and arenas.and some of my high scores.",
disc_capcomsnk,capcomsnk,dc_kool_00000022.vmi,dc_kool_00000022.VMS,VS.SNKMF_SYS,,"All Unlocked [source: DC_KOOL (Joe Endy, fp.enter.net/~jkool/DCSaves.htm); region US]",yes
Capcom Vs SNK 2,capcomsnk2,cvs2jp.VMI,cvs2jp.VMS,CVS.S2___SYS,,System Save. All mode and all character unlocked!,
Capcom Vs SNK 2,capcomsnk2,cvs2rep1.VMI,cvs2rep1.VMS,CVS.S2___RD0,,S.Gouki 26hit Combo Replay Save!,yes
Capcom Vs SNK 2,capcomsnk2,cvs2rep2.VMI,cvs2rep2.VMS,CVS.S2___RD1,,Kyo 19hit combo Replay Save!,yes
Capcom Vs SNK 2,capcomsnk2,cvs2rep3.VMI,cvs2rep3.VMS,CVS.S2___RD2,,Gouki 20hit combo Replay Save!,yes
Capcom Vs SNK 2,capcomsnk2,cvs2rep4.VMI,cvs2rep4.VMS,CVS.S2___RD3,,ChunLi 37hit combo Replay Save!,yes
Capcom Vs SNK 2,capcomsnk2,cvs2rep5.VMI,cvs2rep5.VMS,CVS.S2___RD4,,S.Gouki 19hit combo Replay Save!,yes
Capcom Vs SNK 2,capcomsnk2,cvs2rep6.VMI,cvs2rep6.VMS,CVS.S2___RD5,,King 43hit combo Replay Save!,yes
Capcom Vs SNK 2,capcomsnk2,cvs2rep7.VMI,cvs2rep7.VMS,CVS.S2___RD0,,Iori 30hit combo Replay Save!,
Capcom Vs SNK 2,capcomsnk2,cvs2rex1.VMI,cvs2rex1.VMS,CVS.S2___RD9,,S.Houki 9hit combo Replay Save!,yes
Capcom Vs SNK 2,capcomsnk2,cvs2rex2.VMI,cvs2rex2.VMS,CVS.S2___RD9,,Rock 18hit combo Replay Save!,
Capcom Vs SNK 2,capcomsnk2,v88291.vmi,v88291.VMS,CVS.S2___SYS,,"the best save of SNK vs CAPCOM 2,with the bosses unlocked and ex option opened.",
Capcom Vs SNK 2,capcomsnk2,v8117.vmi,v8117.VMS,CVS.S2___SYS,,king unlocked,
Capcom Vs SNK 2,capcomsnk2,v97936.vmi,v97936.VMS,CVS.S2___SYS,,Everything is unlocked.Hidden bosses God Rual and Shin Akuma.Grove edit.Extra opition,
Capcom Vs SNK 2,capcomsnk2,v3076.vmi,v3076.VMS,CVS.S2___SYS,,All character unlock.,
Capcom Vs SNK 2,capcomsnk2,v6561.vmi,v6561.VMS,CVS.S2___SYS,,"este save e do capcom vs snk 2 ,100% completo,god rugal e shim gouki.pontos de groove edit infinitos e extra options",
Capcom Vs SNK 2,capcomsnk2,v96710.vmi,v96710.VMS,CVS.S2___SYS,,Shin Akuma and God Rugal more colors(press start to choose a character),
Capcom Vs SNK 2,capcomsnk2,v92076.vmi,v92076.VMS,CVS.S2___SYS,,"S GOUKI, G RUGAL PRESS START IN RYU FOR RENATO THE SUPER FIGHTER",
Capcom Vs SNK 2,capcomsnk2,v7082.vmi,v7082.VMS,CVS.S2___SYS,"Fractucello, Nilson","Jogo 100% completo. Todos os lutadores, arenas, roupas extras e imagens.  Um alo para toda a galera da FFS Arte Formulas e para o Feno. Falooooouuuuu!!!!",yes
Capcom Vs SNK 2,capcomsnk2,v21640.vmi,v21640.VMS,CVS.S2___SYS,Anderson,"Esto em terceiro lugar com o RUBENS PE DE CHINELO, mastudo bem foda-se!!!",
Capcom Vs SNK 2,capcomsnk2,v75548.vmi,v75548.VMS,CVS.S2___SYS,Fabio Rj,todos os personagens todas as ropas e cenarios extras,
Capcom Vs SNK 2,capcomsnk2,v43895.vmi,v43895.VMS,CVS.S2___SYS,ivo,"estos datos son para el juego capcom vs.snk2,todo sacado lo que hay que hacer es jugar ok!",
Capcom Vs SNK 2,capcomsnk2,v59287.vmi,v59287.VMS,CVS.S2___SYS,,this is the first file of capcom vs. snk 2.it has all open from -characters [g.rugal&s.akuma] tospecial options.,
Capcom Vs SNK 2,capcomsnk2,v46252.vmi,v46252.VMS,CVS.S2___SYS,,Tudo aberto,
Street Fighter 3: Double Impact,streetfight3di,v50554.vmi,v50554.VMS,STF3_D_I.DAT,Felipe Callori,"Everything opened, extra options, Shin Gouki, Gill and records at parryng attack!!!",yes
Street Fighter 3: Double Impact,streetfight3di,v21939.vmi,v21939.VMS,STF3_D_I.DAT,darrell ames,Shin Akuma & Gill open hold start onAkuma & press a button for Shin Akuma.,
Street Fighter 3: Double Impact,streetfight3di,v68968.vmi,v68968.VMS,STF3_D_I.DAT,norberto miranda,play as shin akuma and play as gill,
Street Fighter 3: Double Impact,streetfight3di,v75558.vmi,v75558.VMS,STF3_D_I.DAT,lionsden,everything unlocked.shin Akuma: at selection screen go toAkuma and hold start and press anykick or punch buttons.,
Street Fighter 3: Double Impact,streetfight3di,v88846.vmi,v88846.VMS,STF3_D_I.DAT,Nelson Algarin.PUERTO RICO,OPENING ALL SECRETS & CHARACTERS,
Street Fighter 3: Double Impact,streetfight3di,v33370.vmi,v33370.VMS,STF3_D_I.DAT,,OPTION EXTRA ALL CLEAR,
Street Fighter 3rd Strike,streetfight3rd,v22797.vmi,v22797.VMS,STF3_3RD.SYS,"Fernando ""The best"" Braga",everything unlocked porra!!!!,
Street Fighter 3rd Strike,streetfight3rd,v26466.vmi,v26466.VMS,STF3_3RD.SYS,Jardel Natal/RN,Todas as paginas de `option` abilitadas.All option pages clear.,
Street Fighter 3rd Strike,streetfight3rd,v83707.vmi,v83707.VMS,STF3_3RD.SYS,Jardel Natal/RN,Todo o jogo 100%.All game 100%.,
Street Fighter 3rd Strike,streetfight3rd,v45220.vmi,v45220.VMS,STF3_3RD.SYS,handle187,High score without extra options (beat game using Gill to unlock),
Street Fighter 3rd Strike,streetfight3rd,v58703.vmi,v58703.VMS,STF3_3RD.SYS,ADAM COPPER,unlocked 100%,
Street Fighter 3rd Strike,streetfight3rd,v13702.vmi,v13702.VMS,STF3_3RD.SYS,jin kazama,"everything unlocked, Gill pressup on yang or down on yun, ex akuma costume press start and Lextra options, easy perfects andmsf,xp grades.",
Street Fighter 3rd Strike,streetfight3rd,v32290.vmi,v32290.VMS,STF3_3RD.SYS,"gypsy.cigano,me siu romh,brazil",kate si sar le segredoria katar e lumia,
Street Fighter 3rd Strike,streetfight3rd,v60835.vmi,v60835.VMS,STF3_3RD.SYS,spider999,BRASIL.JOGO JAPONES + ta tudo destravado.,
Street Fighter 3rd Strike,streetfight3rd,v72785.vmi,v72785.VMS,STF3_3RD.SYS,kike boy,Un verdadero codigo rompemad..sy no como los churritos del makakosaludos a todos mis brothers ale te amo.,
Street Fighter 3rd Strike,streetfight3rd,v76108.vmi,v76108.VMS,STF3_3RD.SYS,strech,"Everything unlocked. Gill,unlocked.[press up on yun,or down on yang.] Game complete with all perfect ko.",
Street Fighter 3rd Strike,streetfight3rd,v32947.vmi,v32947.VMS,STF3_3RD.SYS,Gr8 Muta,(Japanese version) Everything unlocked!,
Street Fighter 3rd Strike,streetfight3rd,v5311.vmi,v5311.VMS,STF3_3RD.SD0,Gr8 Muta,(Japanese version) All system direction pages set to helpyou cheat and win!,
Street Fighter 3rd Strike,streetfight3rd,v64392.vmi,v64392.VMS,STF3_3RD.SYS,RICARDO,[Japanese version] Secret Gill EX option,
Street Fighter 3rd Strike,streetfight3rd,v37955.vmi,v37955.VMS,STF3_3RD.SYS,Nelson Algarin.PUERTO RICO,ALL SECRETS OPEN & CHARACTERS.THIS FILE ONLY FOR U.S.A.,yes
Street Fighter 3rd Strike,streetfight3rd,v30505.vmi,v30505.VMS,STF3_3RD.SYS,Nelson Algarin.PUERTO RICO,"ALL SECRETS & BEST SCORE. Extra option(L or R for next page), Secrets Fighters: GILL(Jun + Up), AKUMA EX(Start & L). New Color (Hold Start and Any Botton in your Fighters Favorite). More Animation in SF3 (Level 8 & Damage 4).",
Street Fighter 3rd Strike,streetfight3rd,sf33rd.VMI,sf33rd.VMS,STF3_3RD.SYS,,Cool save for SF3 3rd Strike!,
disc_streetfighter3,streetfighter3,dc_kool_00000287.vmi,dc_kool_00000287.VMS,SFALPHA3.SYS,The Sega Dreamcast VMU Centre,"ALL Of The 30 Masters Beat And Full Power World Tour Characters! [source: DC_KOOL (Joe Endy, fp.enter.net/~jkool/DCSaves.htm); saved by The Sega Dreamcast VMU Centre; region US]",yes
Dead or Alive 2,doa2,v88538.vmi,v88538.VMS,DOA2DATA_JPN,Leandro,Absolutly all unlocked.Absolutamentetudo aberto,
Dead or Alive 2,doa2,v89251.vmi,v89251.VMS,DEADORALIVE2,j_dc-gamerz,all unlocked! Enjoy! luv ya! all dc gamer girls!,
Dead or Alive 2,doa2,v7135.vmi,v7135.VMS,DEADORALIVE2,Larry Johnson,"999 hours, age 255, and extras including Tina, Helena, and Kasumi by playing in sparring or tag mode. This is a European save that work for US Version.",
Dead or Alive 2,doa2,v36117.vmi,v36117.VMS,DOA2DATA_JPN,Mad Angel,"[Japanese] Everything, including Bayman's 3rd costume. For the Japanese Limited Edition of Dead or Alive 2.",
Dead or Alive 2,doa2,v23012.vmi,v23012.VMS,DOA2DATA_JPN,GAMALIEL HERNANDEZ DE CAROLINA,For LE version everything unlocked.Para la vercion LE todo accesible.,
Dead or Alive 2,doa2,v47192.vmi,v47192.VMS,DOA2DATA_JPN,crime,"Unlocked art gallary,extra charactersand a little nude footage.",
Dead or Alive 2,doa2,v62667.vmi,v62667.VMS,DEADORALIVE2,Terence,Original openimg demo with nudeKasumi. Age 255. Made by file modification.,
Dead or Alive 2,doa2,v64303.vmi,v64303.VMS,DOA2DATA_JPN,keith,"All girls costumes unlockednot like others 7 for kasumi, leifang,ayame etc.",
Dead or Alive 2,doa2,v95597.vmi,v95597.VMS,DOA2DATA_JPN,Emilio Aguirre,[Japanese] Save for regular version of DOA2. Everything is unlocked.,
Dead or Alive 2,doa2,v94463.vmi,v94463.VMS,DOA2DATA_JPN,heath,[Japanese] Everything unlocked.,
Dead or Alive 2,doa2,v67447.vmi,v67447.VMS,DEADORALIVE2,bruno mathias,costumes + hidden intro unlocked,
Dead or Alive 2,doa2,v56698.vmi,v56698.VMS,DOA2DATA_JPN,Robert Luckett,[Japanese] This save is for the JP DC version of DOA 2. This is the Best version of all. All costumes and stages unlocked. Bayman and Tengu also playable.,
Dead or Alive 2,doa2,v53357.vmi,v53357.VMS,DEADORALIVE2,Dorian,Uncut intro and all secrets unlocked.,yes
Dead or Alive 2,doa2,v16575.vmi,v16575.VMS,DEADORALIVE2,SEN,"Uncut introduction demo featuring a nude Kasumi in jello, which may slight border an ""M"" rating.",
Dead or Alive 2,doa2,v74756.vmi,v74756.VMS,DEADORALIVE2,Nelson Algarin.PUERTO RICO,OPENING ALL SECRET MODE & CHARACTERS,
Dead or Alive 2,doa2,00000701.vmi,00000701.VMS,DEADORALIVE2,Jerry Hsu,"(255 Age, 999 hours, service opening) Made by save file modification. Not through actual ingame tricks.",
Dead or Alive 2,doa2,doa2limi.VMI,doa2limi.VMS,DOA2DATA_JPN,,All secret open! (Limited edition),
Dead or Alive 2,doa2,doa2jpse.VMI,doa2jpse.VMS,DEADORALIVE2,,All secret open! (US Version),
Dead or Alive 2,doa2,v87623.vmi,v87623.VMS,DEADORALIVE2,,Everything gotten,
Dead or Alive 2,doa2,v64364.vmi,v64364.VMS,DOA2DATA_JPN,,"todos personagens, bye",
Virtua Fighter 3: Team Battle,vf,v96870.vmi,v96870.VMS,VF3TB0000000,OGUZ UYSAL,OYUN FULL GECILDI(EUROPE),
Virtua Fighter 3: Team Battle,vf,v57870.vmi,v57870.VMS,VF3TB0000000,Keenan Williams,Ending movie unlocked plus unbeatablerecords.VF 4 life,yes
Virtua Fighter 3: Team Battle,vf,v42173.vmi,v42173.VMS,VF3TB0000000,Draygon Xandoval,Ending unlocked!,
Virtua Fighter 3: Team Battle,vf,00001125.vmi,00001125.VMS,VF3TB0000000,Doug Hanselman,COMPLETE! Ending movie unlocked.,
Virtua Fighter 3: Team Battle,vf,vf3tb.VMI,vf3tb.VMS,VF3TB0000000,,Perfect Save! All Secret Open!,
Project Justice,projectjustice,v8186.vmi,v8186.VMS,MJUSTICE_DAY,jesus candelaria,only one character left...,
Project Justice,projectjustice,v7467.vmi,v7467.VMS,MJUSTICE_EDT,Max,All unlock minus Demon Hyo,
Project Justice,projectjustice,v15522.vmi,v15522.VMS,MJUSTICE_EDT,reginaldo-Regiss,(ver.jap) all players unlocked etc..save very good,
Project Justice,projectjustice,v30197.vmi,v30197.VMS,MJUSTICE_EDT,Jhon Savage,some NEW characters,
Project Justice,projectjustice,v3776.vmi,v3776.VMS,MJUSTICE_DAY,mr.F.MORA,"los 7 personjes ocultos,mas los personajes editados",
Project Justice,projectjustice,v7043.vmi,v7043.VMS,MJUSTICE_DAY,Lord kamui,All characters included custom characters have been unlocked. All endings are also unlocked. The game system settings are changed so turn them to the way you desire.,
Project Justice,projectjustice,v37747.vmi,v37747.VMS,MJUSTICE_DAY,HIDEO,"[Japanese]  Every character,level and ending. INCLUDING HIDEO's",
Project Justice,projectjustice,v70669.vmi,v70669.VMS,MJUSTICE_DAY,neoraziel,Almost all characters unlocked (only two are missing) and all theends unlocked in omake mode not hacked.,
Project Justice,projectjustice,school01.VMI,school01.VMS,MJUSTICE_SYS,,JP Save! All Open!,
Project Justice,projectjustice,schoolus.VMI,schoolus.VMS,PJUSTICE_SYS,,US Save! All Open!,yes
Project Justice,projectjustice,PJUSTEUR.VMI,PJUSTEUR.VMS,PJUSTICE_SYS,,Euro Save! All Open!,
Plasma Sword,plasmasword,v78823.vmi,v78823.VMS,PLASMA_SWORD,Santos Barron,"Has Rai-on,and Kaede unlocked!!",yes
Jojo's Bizarre Adventure,jojo,v11766.vmi,v11766.VMS,JOJO_ADV_SYS,adam,Everything unlocked!,yes
Jojo's Bizarre Adventure,jojo,v12859.vmi,v12859.VMS,JOJO_ADV_SYS,Nelson Algarin.PUERTO RICO,OPENING SECRET FIGHTERS & MODE.,
Jojo's Bizarre Adventure,jojo,jojoadv1.VMI,jojoadv1.VMS,JOJO_ADV_SYS,,Perfect Save! All Secret Open!,
Tech Romancer,techromancer,v64763.vmi,v64763.VMS,ROMANCER_DAT,Draygon Xandoval,All secrets unlocked,
Tech Romancer,techromancer,v75767.vmi,v75767.VMS,ROMANCER_DAT,ED CABILES,EVERYTHING UNLOCKED,yes
Tech Romancer,techromancer,v83828.vmi,v83828.VMS,ROMANCER_DAT,Tyler Smith,Most things unlock. Great serects within.-warwon-Rules-,
The King Of Fighters: Dream Match '99,kof99dm,v65184.vmi,v65184.VMS,KOF_1999.DAT,hivestar311,Max points and all artwork is unlocked,
The King Of Fighters: Dream Match '99,kof99dm,v93429.vmi,v93429.VMS,KOF_1999.DAT,MARTY,play as evel rugal. secrets photos greates scores and more.,yes
The King Of Fighters: Dream Match '99,kof99dm,v42176.vmi,v42176.VMS,KOF_1999.DAT,Nelson Algarin.PUERTO RICO,OPENING ALL SECRETS,
The King Of Fighters: Dream Match '99,kof99dm,v7284.vmi,v7284.VMS,KOF_1999.DAT,Nelson Algarin.PUERTO RICO,SECRETS PHOTOS,
The King Of Fighters: Dream Match '99,kof99dm,KOF_1998.VMI,KOF_1998.VMS,KOF_1999.DAT,,"Best Save, Everything Unlocked",
The King Of Fighters: Dream Match '99,kof99dm,v86685.vmi,v86685.VMS,KOF_1999.DAT,,KOF 99 Dream Match Save,
Last Blade 2,lastblade2,v35892.vmi,v35892.VMS,GEKKANOKENSI,D.N.,"This save has all secrets like all of the endings. This is not the import version, it's U.S. version.",yes
Last Blade 2,lastblade2,v73393.vmi,v73393.VMS,GEKKANOKENSI,ScarFace (from Brazil),Hanafuda game unlocked. All Memorial Movies unloked too.,
Last Blade 2,lastblade2,v29093.vmi,v29093.VMS,GEKKANOKENSI,Josue Caraveo,TODOS LOS FINALES Y EL JUEGO DE HANAFUDA ABIERTO,
Last Blade 2,lastblade2,v15978.vmi,v15978.VMS,GEKKANOKENSI,gabriel,All endings and play anafunda game.,
Last Blade 2,lastblade2,v64003.vmi,v64003.VMS,GEKKANOKENSI,KYO,"[Japanese] Musashi charathers unlock, all ending except for memorial movie.And bonus hanafuba mode.That all.",
Last Blade 2,lastblade2,yuehua.VMI,yuehua.VMS,GEKKANOKENSI,,Perfect Save! All secret open!,
Mortal Kombat Gold,mkg,v90217.vmi,v90217.VMS,MKGOLD___SYS,OGUZ UYSAL,max 8 wins...21 movies open...,
Mortal Kombat Gold,mkg,v50867.vmi,v50867.VMS,MKGOLD___SYS,Dennis Mangual,All secrets and movies open.,
Mortal Kombat Gold,mkg,v23409.vmi,v23409.VMS,MKGOLD___SYS,Leroy Brathwaite,"Every thing is unlocked finishing moves can be done with a press of a botton, and all ending movies are unlocked in theater mode enjoy!!!",yes
Mortal Kombat Gold,mkg,v5353.vmi,v5353.VMS,MKGOLD___SYS,Nelson Algarin.PUERTO RICO,EASY FATALITY,
Garou: Mark Of The Wolves,garou,garou1.VMI,garou1.VMS,GAROU_MOW000,,Gallery 100% Unlocked,yes
Guilty Gear X,guiltygearx,v612.vmi,v612.VMS,DCGUILTY.DAT,ScarFace (from Brazil),"GG Mode, Dizzy and Testament unlocked. All colors available (hold Y for the gold color and hold start for the Dark color), one record with Sol Badguy to beat.",
Guilty Gear X,guiltygearx,v86244.vmi,v86244.VMS,DCGUILTY.DAT,Michael Reyes,"[japanese] Testament, Dizzy and Guilty Gear mode unlock, and new costume colors.(press start for the 5th color and x+a for the 6th color). =)",
Guilty Gear X,guiltygearx,v55338.vmi,v55338.VMS,DCGUILTY.DAT,Computerman45,"[Japanese] Dizzy & testament,Guilty mode, and extra costumes unlock.",
Guilty Gear X,guiltygearx,v55699.vmi,v55699.VMS,DCGUILTY.DAT,carlos eduardo thompson,[Japanese]  Everything unlocked Characters GGMode gold and Shadow colors for gold press Y for the hard to obtain shadow color press start to get this you have to beat survival mode in under 10minites if you wish to do it your self but,yes
Guilty Gear X,guiltygearx,v34862.vmi,v34862.VMS,DCGUILTY.DAT,"luisrivera""aka""fatboy",[Japanese] ALL UNLOCKED,
Guilty Gear X,guiltygearx,v73542.vmi,v73542.VMS,DCGUILTY.DAT,TrunksSS3,100% done all the thing's u need in this game.,
Guilty Gear X,guiltygearx,v78223.vmi,v78223.VMS,DCGUILTY.DAT,atima,[Japanese] All characters open.,
Guilty Gear X,guiltygearx,v67530.vmi,v67530.VMS,DCGUILTY.DAT,Charlyto,[Japanese] Testament and Dizzy available.,
Guilty Gear X,guiltygearx,v26558.vmi,v26558.VMS,DCGUILTY.DAT,Garou,[Japanese] New characters and colors opened.,
Guilty Gear X,guiltygearx,v27776.vmi,v27776.VMS,DCGUILTY.DAT,durval pessoa amaro de oliveira,"[Japanese] New colors, new characters and new voices.",
Guilty Gear X,guiltygearx,v40444.vmi,v40444.VMS,DCGUILTY.DAT,Garou,"[Japanese] New colors, characters, voices and GG Mode opened. A great hi-score.",
Guilty Gear X,guiltygearx,v66277.vmi,v66277.VMS,DCGUILTY.DAT,Darkstalker.Br,[Japanese] New colors. Dizzy and Testament avaliable.,
Guilty Gear X,guiltygearx,guiltyx.VMI,guiltyx.VMS,DCGUILTY.DAT,,Perfect save!all secret open!,
The King Of Fighters 99 Evolution,kof99evo,v21370.vmi,v21370.VMS,KOF_EVOL.SYS,Elvis-Brasil,This is for the american version of The King of Fighters Evolution. Save with all strikers justice and dark in level 3. Including Gai and Syo. One record with K' on the survival endless to beat (94 victories). Beat my record and send me an emai,
The King Of Fighters 99 Evolution,kof99evo,v60865.vmi,v60865.VMS,KOF_EVOL.SYS,OrochiJDP,"US version of King of Fighters Evolution. All extra strikers unlocked and atlevel 3, Including Syo & Gai.",
The King Of Fighters 99 Evolution,kof99evo,v64262.vmi,v64262.VMS,KOF99EVO.SYS,]eandro,"KOF '99 Evolutiom (JP)All striker JUSTCE and DARK,+6605PTS Point and a socer rankup 650",
The King Of Fighters 99 Evolution,kof99evo,v25865.vmi,v25865.VMS,KOF99EVO.SYS,Nelson Algarin.PUERTO RICO,[Japanese] KOF*99 EVOLUTION...ALL SECRETS OPEN & SECRETS ENDING,
The King Of Fighters 99 Evolution,kof99evo,v37628.vmi,v37628.VMS,KOF99EVO.SYS,"Adrian Rivers, Clifton N.J","This is for KOF99 Evolution, All Strikers with Justice & Dark Mode",
The King Of Fighters 99 Evolution,kof99evo,KOF_1999.VMI,KOF_1999.VMS,KOF99EVO.SYS,,Perfect Save! All Striker Lv3!,
The King Of Fighters 99 Evolution,kof99evo,v95799.vmi,v95799.VMS,KOF_EVOL.SYS,,Quase todos os strikers,
The King Of Fighters 99 Evolution,kof99evo,v65162.vmi,v65162.VMS,KOF99EVO.SYS,rafofo power from brazil,"All Strikers are in Level 3(MAX) with Daimon,Billy,Yamazaki,Kyo SP,Chizuru,Athena SP,Alfred,Fio,Gai and Syo!",
The King Of Fighters 99 Evolution,kof99evo,v70036.vmi,v70036.VMS,KOF99EVO.SYS,rafofo power from brazil,A score up to 800 and all strikers in justice and dark versions(also with gai and syo)!!!,
The King Of Fighters 99 Evolution,kof99evo,v62523.vmi,v62523.VMS,KOF_EVOL.SYS,EVIL_KEN,"You'll have verything you can get in this game (all straikers, characters, and full straikers levels).",yes
The King Of Fighters 99 Evolution,kof99evo,v75278.vmi,v75278.VMS,KOF99EVO.SYS,Nelson Algarin.PUERTO RICO,[Japanese] ALL SECRETS OPEN & SECRETS ENDING,
The King Of Fighters 2000,kof2000,KOF_2000.VMI,KOF_2000.VMS,KOF2000_0000,,Puzzle Mode & All Gallery Unlocked,yes
The King Of Fighters 2000,kof2000,v76270.vmi,v76270.VMS,KOF2000_0000,Ryo,o unico vmu save the king of fighters 2000,
The King Of Fighters 2001,kof2001,KOF_2001.VMI,KOF_2001.VMS,KOF2001_0000,,Puzzle Mode & All Gallery Unlocked,yes
The King Of Fighters 2001,kof2001,v37891.vmi,v37891.VMS,KOF2001_0000,Diogo,modo puzzle habilitadothe king of fighters 2001,
The King Of Fighters 2001,kof2001,v91551.vmi,v91551.VMS,KOF2001_0000,,KOF2001 mestres feitos.Perfectsalve.Aproveite.ass:GERECO.,
The King Of Fighters 2002,kof2002,KOF_2002.VMI,KOF_2002.VMS,KOF2002_0000,,Everything Unlocked,yes
disc_bs_fightvip2,fightvip2,blue_swirl_fighting_v_SAVE0000.vmi,blue_swirl_fighting_v_SAVE0000.VMS,FIGHTINGVPS2,,"tout est debloqué! [source: BLUE_SWIRL (blueswirl.shorturl.com, (c) 2006 Blue Swirl; site now offline)]",yes
Super Street Fighter 2X,ssf2x,ssf2x001.VMI,ssf2x001.VMS,SSF2X___.SYS,,Power Bar Always MAX!,
Super Street Fighter 2X,ssf2x,SSF2X.VMI,SSF2X.VMS,SSF2X___.SYS,,"Everything unlocked, including DIP Switch Menu!",yes
Super Street Fighter 2X,ssf2x,v70779.vmi,v70779.VMS,SSF2X___.SYS,fernando de jesus goiania BRASIL,jogue com gouki no arcade mode sobre ryu pressione start+SR+SM+SF.pronto gouki ja esta selecionavel,
Super Street Fighter 2X,ssf2x,pfighter.VMI,pfighter.VMS,SSF2X___.SYS,,Perfect Save! All Secret Open!,
Psychic Force 2012,psychicforce,v27440.vmi,v27440.VMS,PSYCHIC_2012,Kulmuras,Everything Unlocked!!Keith Burn Wong and all of Emilio's costumesEvery stage unlocked including psychic zone,yes
Psychic Force 2012,psychicforce,v34121.vmi,v34121.VMS,PSYCHIC_2012,SSJ Brandon,Every fighter unlocked. Some reallyreally hard to beat scores and most off the really kickbutt new opening displayingKeith and Burn in an intensefire fight.,
Psychic Force 2012,psychicforce,v34278.vmi,v34278.VMS,PSYCHIC_2012,Marlon,Has all characters plus both of Emilos costumes. Gold and Evil Emilo,
Psychic Force 2012,psychicforce,v5122.vmi,v5122.VMS,PSYCHIC_2012,Dupree Stotts,All fighters unlocked,
Psychic Force 2012,psychicforce,v34660.vmi,v34660.VMS,PSYCHIC_2012,clifton zachrty,you fight mind,
Psychic Force 2012,psychicforce,v16199.vmi,v16199.VMS,PSYCHIC_2012,Santos Barron,Has wong keith burn unlocked!!!,
Psychic Force 2012,psychicforce,v10468.vmi,v10468.VMS,PSYCHIC_2012,Nelson Algarin,OPENING SECRET MODE & CHARACTER,
Psychic Force 2012,psychicforce,00000035.vmi,00000035.VMS,PSYCHIC_2012,Kris M Bohler,Wong opened,
Psychic Force 2012,psychicforce,P2012.VMI,P2012.VMS,PSYCHIC_2012,,Perfect Save! All Secret Open!,
disc_ufc,ufc,dc_kool_00000345.vmi,dc_kool_00000345.VMS,ULTIMATE.SYS,Joe Endy,"All Belts Bruce Buffer's Card Girl's John McCarthey's Fighting Style Voice & Nickname Unlocked In Career Mode Also Ulti Man's Body Type Unlocked In Career Mode Octagon Location Open In Career Mode & Some Awesome Created Characters With Maxed Stats! *2 SAVES* [source: DC_KOOL (Joe Endy, fp.enter.net/~jkool/DCSaves.htm); saved by Joe Endy; region US]",yes
Spawn: In the Demon's Hand,spawn,v4980.vmi,v4980.VMS,SPAWNTDH.SYS,enzo,hi y have alls characters and all weapons.please send a email to me.,
Spawn: In the Demon's Hand,spawn,v9280.vmi,v9280.VMS,SPAWNTDH.SYS,fernanda,todos os estajios personagens e o blakbrinstone,
Spawn: In the Demon's Hand,spawn,v25416.vmi,v25416.VMS,SPAWNTDH.SYS,DIEGO V RENATO,TUDO DESTRAVADO! JUIZ DE FORA _ MG,
Spawn: In the Demon's Hand,spawn,v71485.vmi,v71485.VMS,SPAWNTDH.SYS,anonymous,Just missing a character way out in the left. Other than that Ive got everything else ('ceopt for a few weapons but who cares). Even go BLACK BRIMSTONE!!!!!,
Spawn: In the Demon's Hand,spawn,v41557.vmi,v41557.VMS,SPAWNTDH.SYS,Unknown,"Perfecty SPAWN save!!!Unlocked All Stages, Characters, Gallery, Items collectd !!!! SAVE NOW !!",
Spawn: In the Demon's Hand,spawn,v68482.vmi,v68482.VMS,SPAWNTDH.SYS,Nordberg,"All characters unlocked, all but 8 weapons found, and 6 galleries earned.  Please e-mail me with a reply. ENJOY !!  :)",
Spawn: In the Demon's Hand,spawn,v86613.vmi,v86613.VMS,SPAWNTDH.SYS,Gr8 Muta,[Japanese] Almost every character and all stages.,
Spawn: In the Demon's Hand,spawn,v90013.vmi,v90013.VMS,SPAWNTDH.SYS,Gr8 Muta,[Japanese Version] Only missing 2 characters & 4 items.,
Spawn: In the Demon's Hand,spawn,v26930.vmi,v26930.VMS,SPAWNNGM.701,Gr8 Muta,[Japanese Version] the Vaporizer!,
Spawn: In the Demon's Hand,spawn,v51199.vmi,v51199.VMS,SPAWNL0U.A01,Gr8 Muta,[Japanese Version] Angel Teneres!,
Spawn: In the Demon's Hand,spawn,v21645.vmi,v21645.VMS,SPAWNNGM.701,COWBOY BRASIL,[Japanese] Best save all characters super demon. O MARCO E O CARA !!!,
Spawn: In the Demon's Hand,spawn,v96524.vmi,v96524.VMS,SPAWNTDH.SYS,Gr8 Muta,[Japanese] Ultimate SPAWN save! all characters! all gallery pictures! all items collected! all stages(w/variations),
Spawn: In the Demon's Hand,spawn,v61185.vmi,v61185.VMS,SPAWNTDH.SYS,Chad,[USA] Some charecters and items unlocked,
Spawn: In the Demon's Hand,spawn,v13340.vmi,v13340.VMS,SPAWNTDH.SYS,Tha Chef,[USA] Everything unlocked!!!!,yes
Spawn: In the Demon's Hand,spawn,SPAWN001.VMI,SPAWN001.VMS,SPAWNTDH.SYS,,Perfect Save! All Secret Open!,
Spawn: In the Demon's Hand,spawn,SPAWNJ.VMI,SPAWNJ.VMS,SPAWNTDH.SYS,,All unlocked. (Jap),
Spawn: In the Demon's Hand,spawn,v44274.vmi,v44274.VMS,SPAWNTDH.SYS,,almost all characters except [sub curse] u can get by passing it with [curse] including blackbrimstone.,
Virtual On: Oratorio Tangram,virtualon,v39368.vmi,v39368.VMS,VOORATAN.R01,jason,watch this replay at the laststage and see the CG endingon version 5.45!(and see the best way to beatthe tangram!),yes
Virtual On: Oratorio Tangram,virtualon,v1971.vmi,v1971.VMS,VOORATAN.SYS,Gr8 Muta,Everything unlocked!,yes
Virtual On: Oratorio Tangram,virtualon,v8748.vmi,v8748.VMS,VOORATAN.R06,Gr8 Muta,"Check out this replay, watch the wholething and you'll see the hidden CG ending!",yes
Virtual On: Oratorio Tangram,virtualon,v81022.vmi,v81022.VMS,VOORATAN.SYS,Adam Fthorn,A main save file with some things unlocked.,
Virtual On: Oratorio Tangram,virtualon,virtuaon.VMI,virtuaon.VMS,VOORATAN.SYS,,Perfect Save! All Secret Open!,
Gundam: Renpou Vs Zeon,gundamrvz,gundadx1.VMI,gundadx1.VMS,GUNDAM___SYS,,Disc1 Clear Once!,yes
Gundam: Renpou Vs Zeon,gundamrvz,gundadx2.VMI,gundadx2.VMS,GUNDAMDX_SYS,,Disc2 Have All MS!,yes
Virtua Tennis,virtuatennis,v41263.vmi,v41263.VMS,VIRTUATENNIS,Andres A,todos los jugadores y ropajugar con una guitarra?all players and clothesplay whit a guitar?,
Virtua Tennis,virtuatennis,v71306.vmi,v71306.VMS,VIRTUATENNIS,cripalow,"All players but master, 21/28 outfits, sunflower outfit, world circuit complete.",
Virtua Tennis,virtuatennis,v36332.vmi,v36332.VMS,VIRTUATENNIS,tcg2k1,"Perfect, grand master, trainer, everything unlockedplus clothing.",
Virtua Tennis,virtuatennis,v6482.vmi,v6482.VMS,VIRTUATENNIS,Anthony Badajos from Guam,Everything completed! Also try and beat my score. This file was not modified/hacked.,yes
Virtua Tennis,virtuatennis,v60789.vmi,v60789.VMS,VIRTUATENNIS,video33,"100% COMPLETE training,tennis wear,charactersand stages.",
Virtua Tennis,virtuatennis,v65179.vmi,v65179.VMS,VIRTUATENNIS,Road Dogg,"9/20 characters, 5/5 stages, 21/28 tennis wear",
Virtua Tennis,virtuatennis,v46380.vmi,v46380.VMS,VIRTUATENNIS,chosen1420,8/9 characters5/5 stages20/28 tennis wearover $9 million in world circuit mode,
Virtua Tennis,virtuatennis,v94519.vmi,v94519.VMS,VIRTUATENNIS,chosen1420,9/9 characters5/5 stages20/28 tennis wear,
Virtua Tennis,virtuatennis,v18934.vmi,v18934.VMS,VIRTUATENNIS,Cornelius,This save contains all but one player and stage. All tennis wear included.,
Virtua Tennis,virtuatennis,v67423.vmi,v67423.VMS,VIRTUATENNIS,BRANDON NORMAN,almost all levels complete,
Virtua Tennis,virtuatennis,v68528.vmi,v68528.VMS,VIRTUATENNIS,video33,5 extra courts8 extra players20 extra costumeslevel 4 match with kingall mini games done except the pins,
Virtua Tennis,virtuatennis,v4577.vmi,v4577.VMS,VIRTUATENNIS,jason robles,"everybody collected including King and Master,missing just 8 outfits",
Virtua Tennis,virtuatennis,v39841.vmi,v39841.VMS,VIRTUATENNIS,Chris,"All players, stages, and wear.",
Virtua Tennis,virtuatennis,v61156.vmi,v61156.VMS,VIRTUATENNIS,chosen1420,7/9 characters 1/5 stages16/28 tennis wear,
Virtua Tennis,virtuatennis,psmash1.VMI,psmash1.VMS,POWER_SMASH.,,Perfect Save,
Virtua Tennis,virtuatennis,v38485.vmi,v38485.VMS,VIRTUATENNIS,,Everything available.,
Virtua Tennis,virtuatennis,v1927.vmi,v1927.VMS,POWER_SMASH.,,"circuito mundial,completo.",
Sega Sports Tennis 2K2,virtuatennis2,v81384.vmi,v81384.VMS,TENNIS_2K2__,lex,some new caracters,
Sega Sports Tennis 2K2,virtuatennis2,v10523.vmi,v10523.VMS,TENNIS_2K2__,jose m.o,"World tour salvo, numero 1 do ranking,todos os mestres e todos os estadius abertos.",
Sega Sports Tennis 2K2,virtuatennis2,v54432.vmi,v54432.VMS,TENNIS_2K2__,wellington,unlocked king and queen,
Sega Sports Tennis 2K2,virtuatennis2,v659.vmi,v659.VMS,TENNIS_2K2__,nemesis,27/28 stages freemany clothes,
Sega Sports Tennis 2K2,virtuatennis2,v87870.vmi,v87870.VMS,TENNIS_2K2__,silent,"modo wold tour con jugadores rankeados en 100 y 83,Varias vestimentas y torneos ganados..",
Sega Sports Tennis 2K2,virtuatennis2,v14890.vmi,v14890.VMS,TENNIS_2K2__,JLSTORM2000,"Two special rackets (FLAG & BULLSEYE) King &Queen, and a ton of other things.",
Sega Sports Tennis 2K2,virtuatennis2,v11522.vmi,v11522.VMS,TENNIS_2K2__,Santi.,"all stages (at least, all theones you can buy),an almost perfect player (not both ofthem) and three secret raquets",
Sega Sports Tennis 2K2,virtuatennis2,v35077.vmi,v35077.VMS,TENNIS_2K2__,sham dean,4 special raquet won.all things purchased.only level 4 match left.,
Sega Sports Tennis 2K2,virtuatennis2,v75853.vmi,v75853.VMS,TENNIS_2K2__,godbeat,A GOOD FILE WITH TWO PLAYERS AT LEVEL 11.DOWNLOAD THIS FILE NOW!!!!!,
Sega Sports Tennis 2K2,virtuatennis2,v62887.vmi,v62887.VMS,TENNIS_2K2__,peter from Slovakia,"World Tour complete,$8 million,King and Queen,all stages,characters have got fullabilities",
Sega Sports Tennis 2K2,virtuatennis2,v38583.vmi,v38583.VMS,TENNIS_2K2__,oasis,"I made J.Henin and she's like in the top 50 now,also made my self lol,check out my site xboxzone.cjb.net I was the owner of allsega.com Tango Down!",
Sega Sports Tennis 2K2,virtuatennis2,v77824.vmi,v77824.VMS,TENNIS_2K2__,X_KbM,19 of 25 open courts.Created Kuerten andCapriati.Under the 100 rankings.,
Sega Sports Tennis 2K2,virtuatennis2,v7754.vmi,v7754.VMS,TENNIS_2K2__,martin ruvalcaba,EARLY IN THE GAME 2 CUSTOM PLAYERS MY KOURNIKOBA VERSION IS GOOD!,
Sega Sports Tennis 2K2,virtuatennis2,v38031.vmi,v38031.VMS,TENNIS_2K2__,holykoraan,"this has a created P.Samp-ras,ranked#8 on hard.also, capriati ranked #34.all special rackets unlockedover $1,300,000.",
Sega Sports Tennis 2K2,virtuatennis2,v76246.vmi,v76246.VMS,TENNIS_2K2__,juan plana,"ranking los dos 30, 27 canchas a elegir",
Sega Sports Tennis 2K2,virtuatennis2,v41236.vmi,v41236.VMS,TENNIS_2K2__,Andric Nebojsa,"Prvi na svetskoj turneji i pobedjeni ""KING"" i ""QUEEN"" na ""very hard"" modu.",
Sega Sports Tennis 2K2,virtuatennis2,v76933.vmi,v76933.VMS,TENNIS_2K2__,AIOROS,Try this save.All courts unlocked and many clothes.,
Sega Sports Tennis 2K2,virtuatennis2,v70334.vmi,v70334.VMS,TENNIS_2K2__,puneet(pluto),two characters created may suit,
Sega Sports Tennis 2K2,virtuatennis2,v488.vmi,v488.VMS,TENNIS_2K2__,neobrazil,Guga o melhor do mundo. hehehehe Anna K. a mais gostosa jogadorade tennis. huaaaaaaaa,
Sega Sports Tennis 2K2,virtuatennis2,v10145.vmi,v10145.VMS,TENNIS_2K2__,rich carrington,male is a master 48th placefemale just started all accesseories bought for male alsos,
Sega Sports Tennis 2K2,virtuatennis2,v76017.vmi,v76017.VMS,TENNIS_2K2__,sham dean,"world tour-level 3,one secret raquet unlock,characters with fast run & powerfull strokes.",
Sega Sports Tennis 2K2,virtuatennis2,v92746.vmi,v92746.VMS,TENNIS_2K2__,reza fazel,complet game,
Sega Sports Tennis 2K2,virtuatennis2,v34163.vmi,v34163.VMS,TENNIS_2K2__,Reza cheshmi,complete world tour 100%,
Sega Sports Tennis 2K2,virtuatennis2,v32753.vmi,v32753.VMS,TENNIS_2K2__,X_KbM,Created guy and Anna Kournikova.All wear.All shoes missing a fewrackets.27/28 stages.Guy:20th Anna:24thEnjoy!!,
Sega Sports Tennis 2K2,virtuatennis2,v38075.vmi,v38075.VMS,TENNIS_2K2__,plana juan alberto,"el de tipo en giro mundial esta en ranking 20 y el de la mina [que se parece a natalia],esta en ranking 40,27 lugares habilitados,y casi le ganaba a King",
Sega Sports Tennis 2K2,virtuatennis2,v42714.vmi,v42714.VMS,TENNIS_2K2__,Matheus Pietra,Very good save Gustavo Kuerten and Anna Kournikova added allstadiums and acessories beat the SPT FINAL,
Sega Sports Tennis 2K2,virtuatennis2,v66225.vmi,v66225.VMS,TENNIS_2K2__,Chad Rudolph,Everythimg complete and unlocked!,
Sega Sports Tennis 2K2,virtuatennis2,v72667.vmi,v72667.VMS,TENNIS_2K2__,Esteban,"This one is the best. Play with AGASSI and KORNUKOVA in the world tour, both are rank 1st. All items bought and almost 3 million dollar in  money",
Sega Sports Tennis 2K2,virtuatennis2,v57580.vmi,v57580.VMS,TENNIS_2K2__,Rodrigo,sou foda fui o primeiro a colocar todos os jogadores.,
Sega Sports Tennis 2K2,virtuatennis2,v42600.vmi,v42600.VMS,TENNIS_2K2__,chalino sanchez,Start of with almost all attributes for created player in career mode,
Sega Sports Tennis 2K2,virtuatennis2,v28159.vmi,v28159.VMS,TENNIS_2K2__,Behrang,"This file is full.You must download this file becuse we have KING AND ALL TORNEMETS ARE beat AND 1,000,000$ FOR YOU.",
Sega Sports Tennis 2K2,virtuatennis2,v36526.vmi,v36526.VMS,TENNIS_2K2__,andres,"world tour un poco evolucionado, pero peor es nada",
Sega Sports Tennis 2K2,virtuatennis2,v89979.vmi,v89979.VMS,TENNIS_2K2__,Tan Kai Sian,Very good save!!I won the a.c and unlock all shop.,
Sega Sports Tennis 2K2,virtuatennis2,v96173.vmi,v96173.VMS,TENNIS_2K2__,SIR AXY,"QUIERES TENER TODAS LAS CANCHAS,TODOS LOS UNIFORMES Y ACCESORIOTODAS LAS RAQUETAS NO LO PIENSES MAS BAJATELO YA!!!!.ALL UNLOCKED!!! AND ANNA KOURNIKOVA CREATED. saludos desde MEXICO",
Sega Sports Tennis 2K2,virtuatennis2,v99866.vmi,v99866.VMS,TENNIS_2K2__,Mr. Hingis,8 stages brought and two awesome created characters!,
Sega Sports Tennis 2K2,virtuatennis2,v5863.vmi,v5863.VMS,TENNIS_2K2__,Reza cheshmi,"end of world tour.all lands,clothes and rockets unlocked.",
Sega Sports Tennis 2K2,virtuatennis2,v1337.vmi,v1337.VMS,TENNIS_2K2__,Esteban,"This one is the best. Play with AGASSI and KORNUKOVA in the world tour, both are rank 1st. All items bought and almost 3 million dollar in  money. ESTEBAN ZAPATA RXN",
Sega Sports Tennis 2K2,virtuatennis2,v45068.vmi,v45068.VMS,TENNIS_2K2__,miguel,all stages and Hingis edited,
Sega Sports Tennis 2K2,virtuatennis2,v24289.vmi,v24289.VMS,TENNIS_2K2__,abdul sameer,KING & QUEEN UNLOCKED,
Sega Sports Tennis 2K2,virtuatennis2,v55044.vmi,v55044.VMS,TENNIS_2K2__,Richard,"all courts unlocked,two specalized rackets and some money",
Sega Sports Tennis 2K2,virtuatennis2,v39116.vmi,v39116.VMS,TENNIS_2K2__,Behrang,"This file is full.You must download this file becuse we have KING AND ALL TORNEMETS ARE beat AND 1,000,000$ FOR YOU.",
Sega Sports Tennis 2K2,virtuatennis2,2k2jonny.VMI,2k2jonny.VMS,TENNIS_2K2__,,Perfect Save,
Sega Sports Tennis 2K2,virtuatennis2,psmash02.VMI,psmash02.VMS,POWER_SMASH2,,Perfect Save,
Sega Sports Tennis 2K2,virtuatennis2,VTENNIS2.VMI,VTENNIS2.VMS,V_TENNIS2___,,All unlocked. (Euro),
Sega Sports Tennis 2K2,virtuatennis2,TENN2K2.VMI,TENN2K2.VMS,TENNIS_2K2__,,All unlocked. (USA),yes
Sega Sports Tennis 2K2,virtuatennis2,v11696.vmi,v11696.VMS,TENNIS_2K2__,,eu ainda nao terminei tudo mas eso continuar da onde eu parei que vcvai bem!,
Xtreme Sports,xsports,v34612.vmi,v34612.VMS,XTREMESP.SYS,Pat,I have all the levels and sports in this save.,yes
Xtreme Sports,xsports,v94008.vmi,v94008.VMS,XTREMESP.SYS,nastyonez,I have  all the bonus pointsand tracks except one.,
Xtreme Sports,xsports,v37050.vmi,v37050.VMS,EXTREMES.SYS,BORIS MEDICA,Game complete with all the sportsavaliable.,
Xtreme Sports,xsports,v20833.vmi,v20833.VMS,EXTREMES.SYS,BORIS MEDICA,This game save is on the perfect middle.,
Xtreme Sports,xsports,exsports.VMI,exsports.VMS,EXTREMES.SYS,,Perfect Save! All Secret Open!,yes
Xtreme Sports,xsports,EXTS1.VMI,EXTS1.VMS,EXTREMES.SYS,,Xtreme Sports save.,
Xtreme Sports,xsports,EXTS2.VMI,EXTS2.VMS,EXTREMES.SYS,,Xtreme Sports save.,
Xtreme Sports,xsports,EXTS3.VMI,EXTS3.VMS,EXTREMES.SYS,,Xtreme Sports save.,
Xtreme Sports,xsports,EXTS4.VMI,EXTS4.VMS,EXTREMES.SYS,,Xtreme Sports save.,
102 Dalmatians: Puppies to the Rescue,puppies,v82937.vmi,v82937.VMS,102DALMATIAN,kinverli,The entire game has been completed and allsecrets unlocked.,
102 Dalmatians: Puppies to the Rescue,puppies,v90561.vmi,v90561.VMS,102DALMATIAN,tim ellis,all levels complete and secret levels unlocked,yes
18 Wheeler: Pro American Trucker,18wheeler,v21706.vmi,v21706.VMS,18WHDATA.SYS,gambit,"Todo abierto, 100% de estacionamiento pasado y conductor japones accsesible cool man.",
18 Wheeler: Pro American Trucker,18wheeler,v45386.vmi,v45386.VMS,18WHDATA.SYS,Pepi[brazilian team],Save 100% parking mode complete and all trucks and a secret truck and big records.,yes
18 Wheeler: Pro American Trucker,18wheeler,v93849.vmi,v93849.VMS,18WHDATA.SYS,Joe Wauthy,"Have all truck drivers including the bonus one. And have your truck fully upgraded with ""X"" for horn and muffler, and engine bonus completed.",
18 Wheeler: Pro American Trucker,18wheeler,v57155.vmi,v57155.VMS,18WHDATA.SYS,Igor Soprano,Parking mode cleared and japanese trucker unlocked.,
18 Wheeler: Pro American Trucker,18wheeler,v91373.vmi,v91373.VMS,18WHDATA.SYS,andre,save 100% complete,
18 Wheeler: Pro American Trucker,18wheeler,v71799.vmi,v71799.VMS,18WHDATA.SYS,DAVID  BRASIL,all stages completed,
18 Wheeler: Pro American Trucker,18wheeler,v16797.vmi,v16797.VMS,18WHDATA.SYS,LiL Bo,"All parking challenges done, and secret character unlocked.",
18 Wheeler: Pro American Trucker,18wheeler,v78825.vmi,v78825.VMS,18WHDATA.SYS,GRILO BRASIL,completed 1 stage,
18 Wheeler: Pro American Trucker,18wheeler,18LUN.VMI,18LUN.VMS,18WHDATA.SYS,,Perfect Save! All Secret Unlocked!,
18 Wheeler: Pro American Trucker,18wheeler,v61567.vmi,v61567.VMS,18WHDATA.SYS,,todos as fazes abertas e todos os caminhoes,
21 -Two One-,twoone,21twoone.VMI,21twoone.VMS,21TWOONE.SYS,,Perfect Save! Everything Unlocked!,yes
4 Wheel Thunder,4wheelthunder,v77702.vmi,v77702.VMS,4WHLTHNDR_BK,hector puerto rico,all the cars and their cost. i even got all the toy cars,
4 Wheel Thunder,4wheelthunder,v33294.vmi,v33294.VMS,4WHLTHNDR_BK,Alan Ayoung,"4 wheel thunder every vehicle,every upgrade & every track",
4 Wheel Thunder,4wheelthunder,v30471.vmi,v30471.VMS,4WHLTHNDR_BK,Scott Shiflett,few upgrades and a few extra vehicles.,
4 Wheel Thunder,4wheelthunder,4WHEEL.VMI,4WHEEL.VMS,4WHLTHNDR_BK,,All unlocked.,yes
4x4 Evolution,4x4evolution,v51863.vmi,v51863.VMS,4X4__EVO.PRX,Danny,V8 turbocharged Toyota tundra ltd access cab 4wd.490 hp. Cant get any faster than it is. Maxed modificaition.V8 turbocharged Toyota land cruiser 4wd.460 hp. As fast as it will go. Maxed modificaition. Both have14 inch lift and 24 inches of trav,
4x4 Evolution,4x4evolution,v20872.vmi,v20872.VMS,4X4__EVO.P3V,Dreama,"4 trucks in garage (Blue Dakota Club Cab, Black F-250 XL Super Cab, Black Toyota Ext. Cab V6, Medium Red Nissan Path finder XE). All races completed $67 in bank not much. Dodge and Ford Truck Are Maxed And Have MY Little Secret Already Installe",
4x4 Evolution,4x4evolution,v13943.vmi,v13943.VMS,4X4__EVO.PHP,Anthony Kent,"Save with a '00 Ford Explorer Sport Trac3/4 way loaded, but only 1,200 dollars.Go to Garage to check it out!",
4x4 Evolution,4x4evolution,v73566.vmi,v73566.VMS,4X4__EVO.PZB,dclover,"Every Career Race series/single races complete.  $1,527,640 CASH!",
4x4 Evolution,4x4evolution,v64906.vmi,v64906.VMS,4X4__EVO.PWQ,Dane,Trailblazer race truck fully upgraded. 1250 hp.,
4x4 Evolution,4x4evolution,v96459.vmi,v96459.VMS,4X4__EVO.P9R,harrisfiles,doctor evil says you can have 1.2 million dollars he he he>:),
4x4 Evolution,4x4evolution,v84161.vmi,v84161.VMS,4X4__EVO.PTY,$PI$MiSTAGRiM,Ford F150 race truck maxed out!,
4x4 Evolution,4x4evolution,v84865.vmi,v84865.VMS,4X4__EVO.PQ7,Scott Shiflett/Death Cythe,4WD Tundra race truck fully upgraded.,
4x4 Evolution,4x4evolution,v6405.vmi,v6405.VMS,4X4__EVO.PMP,Mike,"BIGGEST, BADDEST RED DODGE DAKOTA CLUB CAB 2WD/4WD I'VE EVER MADE CAN EVEN KEEP UP WITH SOME RACE TRUCKS GOT 38"" TIRES 14"" LIFT CHASSIS MAXED, BRAKES MAXED ENEGINE MAXED ELECTRONICS MAXED APPERANCE MAXED LIGHTS MAXED SUPINSION HALF MAXED TIRES H",yes
4x4 Evolution,4x4evolution,v47323.vmi,v47323.VMS,4X4__EVO.P0Q,beany,"As far as i can tell from the file location, if you sell all the cars, you should have $351,000.",
4x4 Evolution,4x4evolution,v38150.vmi,v38150.VMS,4X4__EVO.P12,gcody74,"500,000 in cash but no car.",
4x4 Evolution,4x4evolution,v89900.vmi,v89900.VMS,4X4__EVO.PL0,Nathan Dorsey,"$525,000 +  dollars.  No vehicle,  just money.Lots o cash.  This way you can just build your owntruck from scratch",
4x4 Evolution,4x4evolution,v50629.vmi,v50629.VMS,4X4__EVO.PKA,h0tb0y,Here is a few good cars to start out with.Not that much cash but u can sell all of them to get alot of it.,
4x4 Evolution,4x4evolution,v28697.vmi,v28697.VMS,4X4__EVO.PZQ,Jason,"Check this fully loaded V10 615 horsepower peice of steel.  A very well kept truck,with a 12 in lift sitton on some 38's agreat 4x toy if you like to offroad.  Ford Excursion",
4x4 Evolution,4x4evolution,v94882.vmi,v94882.VMS,4X4__EVO.P1K,cynthia,"This truck is fast fully maxed out tons of extras, will sacrafice for $900,000.",
4x4 Evolution,4x4evolution,v71943.vmi,v71943.VMS,4X4__EVO.PO0,MAXMAN,F 250 BLACK MONSTER FULL ON EVERY THING! 620 HP TURBO /38 TIRES /24 RACE susp./ 14 LIFT +2500$$$,
4x4 Evolution,4x4evolution,v62679.vmi,v62679.VMS,4X4__EVO.PG6,MAXMAN,TOYOTA TACOMA (RED) TURBO V6 380 HP (FULL) TOP SPEED OVER 140 MPH,
4x4 Evolution,4x4evolution,v38087.vmi,v38087.VMS,4X4__EVO.PJD,brntguy,Almost a half a million bucks for you to build with. Hey its a start.,
4x4 Evolution,4x4evolution,v57955.vmi,v57955.VMS,4X4__EVO.P5Z,Dane,GMC with it all! Not much extra cash though.,
4x4 Evolution,4x4evolution,v75486.vmi,v75486.VMS,4X4__EVO.PL1,Scott Shiflett/Death Cythe,4WD X-Terra race suv with all the upgrades.,
4x4 Evolution,4x4evolution,v10463.vmi,v10463.VMS,4X4__EVO.PRS,gReg,"Own a highly upgraded 2001 Ford Explorer Sport & 2000 Nissan Xterra Race SUV!!!$250,000+ in account!!!!!!!",
4x4 Evolution,4x4evolution,v96302.vmi,v96302.VMS,4X4__EVO.PMP,Mike,Updated: Mike's Blue Silverado LT Ext nicely loaded plus $130k cash.,
4x4 Evolution,4x4evolution,v66282.vmi,v66282.VMS,4X4__EVO.P22,Darksidr_357,"A well upgraded Lx 470 worth more than $160,00. If you look under the install/uninstall you can get almost 500hp out of this. Hope you like.",
4x4 Evolution,4x4evolution,v35636.vmi,v35636.VMS,4X4__EVO.PM5,4x4-online,"LAND CRUISER, LOADED, CAN SELL FOR SOME GOOD START-UP CASH",
4x4 Evolution,4x4evolution,v42684.vmi,v42684.VMS,4X4__EVO.PVT,Hotrod,"'00 Nissan Race X-Terra.  Single owner, low miles, mint condition. Lots of Extras - 38in. tires, 24 in travel suspension, too many to mention... Only raced once and wife wants me to get out of the sport.  MUST SELL - $400,000 OBO. No calls afte",
4x4 Evolution,4x4evolution,v55290.vmi,v55290.VMS,4X4__EVO.PYZ,KennyMac2k,"4x4 Blazer almost fully stock. Worth 140,000",
4x4 Evolution,4x4evolution,v46776.vmi,v46776.VMS,4X4__EVO.PMP,chris hall,NISSAN PATHFINDER UPGRADED COOL STUFF,
4x4 Evolution,4x4evolution,v23037.vmi,v23037.VMS,4X4__EVO.PHI,gcody,"Lots of cash (not much), but its better than whats here.",
4x4 Evolution,4x4evolution,v85979.vmi,v85979.VMS,4X4__EVO.PZD,KEITH,Dakota that has it all,
4x4 Evolution,4x4evolution,v64624.vmi,v64624.VMS,4X4__EVO.PK7,,good.car.4x4evo.rord.,
Advanced Daisenryaku,dazhanlu,dazhanlu.VMI,dazhanlu.VMS,ADV_DAI1.ADW,,Everything Unlocked,yes
Aero Dancing,aeroi,aeroisys.VMI,aeroisys.VMS,AERODANI.SYS,,best save! unlock all plane!,yes
Aero Dancing,aeroi,aeroie00.VMI,aeroie00.VMS,AERODANI.E00,,Emblem Date 1,
Aero Dancing,aeroi,aeroie01.VMI,aeroie01.VMS,AERODANI.E01,,Emblem Date 2,
Aero Dancing,aeroi,aeroie02.VMI,aeroie02.VMS,AERODANI.E02,,Emblem Date 3,
Aero Dancing,aeroi,aeroie03.VMI,aeroie03.VMS,AERODANI.E09,,Emblem Date 4,
Aero Dancing,aeroi,aeroie04.VMI,aeroie04.VMS,AERODANI.E05,,Emblem Date 5,
Aero Dancing,aeroi,aeroie05.VMI,aeroie05.VMS,AERODANI.E08,,Emblem Date 6,
Aero Dancing,aeroi,aeroie06.VMI,aeroie06.VMS,AERODANI.E07,,Emblem Date 7,
Aero Dancing,aeroi,aeroie07.VMI,aeroie07.VMS,AERODANI.E02,,Emblem Date 8,
Aero Dancing,aeroi,aeroie08.VMI,aeroie08.VMS,AERODANI.E06,,Emblem Date 9,
Aero Dancing,aeroi,aeroie09.VMI,aeroie09.VMS,AERODANI.E04,,Emblem Date 10,
Aero Dancing,aeroi,aeroie10.VMI,aeroie10.VMS,AERODANI.E03,,Emblem Date 11,
Aero Dancing,aeroi,aeroie11.VMI,aeroie11.VMS,AERODANI.E00,,Emblem Date 12,
Aero Dancing,aeroi,aeroie12.VMI,aeroie12.VMS,AERODANI.E00,,Emblem Date 13,
Aero Dancing,aeroi,aeroie13.VMI,aeroie13.VMS,AERODANI.E01,,Emblem Date 14,
Aero Dancing,aeroi,aeroie14.VMI,aeroie14.VMS,AERODANI.E02,,Emblem Date 15,
Aero Dancing Fan Disc,aeroif,aerocnem.VMI,aerocnem.VMS,AERO_ISD.SYS,,best save! unlock all plane!,yes
Aero Dancing Fan Disc,aeroif,aeroife0.VMI,aeroife0.VMS,AERO_ISD.E00,,Emblem Data,
Aero Dancing Fan Disc,aeroif,aeroife1.VMI,aeroife1.VMS,AERO_ISD.E01,,Emblem Data,
Aero Dancing Fan Disc,aeroif,aeroife2.VMI,aeroife2.VMS,AERO_ISD.E02,,Emblem Data,
Aero Dancing Fan Disc,aeroif,aeroife3.VMI,aeroife3.VMS,AERO_ISD.E03,,Emblem Data,
Aero Dancing Fan Disc,aeroif,aeroife4.VMI,aeroife4.VMS,AERO_ISD.E01,,Emblem Data,
Aero Dancing Fan Disc,aeroif,aeroife5.VMI,aeroife5.VMS,AERO_ISD.E01,,Emblem Data,
Aero Dancing Fan Disc,aeroif,aeroife6.VMI,aeroife6.VMS,AERO_ISD.E00,,Emblem Data,
Aero Dancing Fan Disc,aeroif,aeroife7.VMI,aeroife7.VMS,AERO_ISD.E06,,Emblem Data,
Aero Dancing Fan Disc,aeroif,aeroife8.VMI,aeroife8.VMS,AERO_ISD.E00,,Emblem Data,
Aero Dancing Fan Disc,aeroif,aeroife9.VMI,aeroife9.VMS,AERO_ISD.E00,,Emblem Data,
Aero Dancing Fan Disc,aeroif,aeroifea.VMI,aeroifea.VMS,AERO_ISD.E00,,Emblem Data,
Aero Wings,aerowings,v23956.vmi,v23956.VMS,AEROWING.SYS,gohann,HAVE ALL PLUS 100 on everything hidden levels bonus,
Aero Wings,aerowings,v41382.vmi,v41382.VMS,AEROWING.SYS,MELISSA JOAN HART,ALL COMPLETE BEST SAVED GAME.,
Aero Wings,aerowings,v61068.vmi,v61068.VMS,AEROWING.SYS,Iceman,This is the best save for aerowings that you can get!I've got all the planes and all the levels beaten.There's even a dolphin to fly as well as a dune buggy.Have you ever wanted to fly a dune buggy?,yes
Aero Wings,aerowings,v9211.vmi,v9211.VMS,AEROWING.SYS,Scott Shiflett,"all aircraft,everything.",
Aero Wings,aerowings,v36893.vmi,v36893.VMS,AEROWING.SYS,,TUDO LIBERADO.,
Aero Wings 2: Air Strike,aerowings2,v36311.vmi,v36311.VMS,AEROWIN2.SYS,Abdulilah Alahdl,"This save contains all 23 planes, all extra options, all levels beaten, very cool replay, all Fighter pilot missioncomplete.",yes
Aero Wings 2: Air Strike,aerowings2,v22200.vmi,v22200.VMS,AEROWIN2.SYS,Iceman,"This save contains a shocking 364 kills, 50 carrier landings, all 23 planes which includes F-18 agressor 1, F-15 agressor 2, and the XF3 super recipro, along with all the regulars. I will have another when I reach 500 kills, and 100 carrier lan",
Aero Wings 2: Air Strike,aerowings2,v22413.vmi,v22413.VMS,AEROWIN2.000,daryl,Everything unlocked plus 2 cool replays,
Aero Wings 2: Air Strike,aerowings2,v60076.vmi,v60076.VMS,AEROWIN2.SYS,Nick Bring,"All levels beaten, extra levels unlocked, all 22 planes unloked, including F-15 agressor 2, and XF3. Plus 201 kills.",
Aero Wings 2: Air Strike,aerowings2,v43351.vmi,v43351.VMS,AEROWIN2.000,Randy,"Water trails behind F-1 as it goessupersonic barely over the ocean, followed by an edgey landing.",
Aero Wings 2: Air Strike,aerowings2,v51815.vmi,v51815.VMS,AEROWIN2.003,Glen Barnard,F-14A Carrier landing under fire/shoot down 2 F-15 aggressors.,
Aero Wings 2: Air Strike,aerowings2,v4721.vmi,v4721.VMS,AEROWIN2.001,Italian33,Perfect F-18 Carrier landings....,
Aero Wings 2: Air Strike,aerowings2,v6206.vmi,v6206.VMS,AEROWIN2.000,Glen Barnard,F-14A Carrier landing/evening/aircraft armed,
Aero Wings 2: Air Strike,aerowings2,v80974.vmi,v80974.VMS,AEROWIN2.SYS,Glen Barnard,F-14A Game save with aircraft per request,
Aero Wings 2: Air Strike,aerowings2,v90411.vmi,v90411.VMS,AEROWIN2.001,Glen Barnard,Carrier landing F-14,
Aero Wings 2: Air Strike,aerowings2,v55157.vmi,v55157.VMS,AEROWIN2.000,Timo Heikkila,F-18 carrier landing,
Aero Wings 2: Air Strike,aerowings2,v86752.vmi,v86752.VMS,AEROWIN2.001,Italian33,"Fighter Pilot mission complete, plus some pretty cool replays.",
Air Force Delta,airforcedelta,v45403.vmi,v45403.VMS,AIRFORCE.SYS,gonzalo,completo [4 block],
Air Force Delta,airforcedelta,v8448.vmi,v8448.VMS,AIRFORCE.003,J. Carlos,"bom pessoal esta na mission 3 e com todos os avioes , e bom que esta no comeco do jogo e da pra se divertir muito .",
Air Force Delta,airforcedelta,v8450.vmi,v8450.VMS,AIRFORCE.003,Miles,"All American fighters exceptthe F-15 Strike Eagle, on hardsetting, mission 19.",
Air Force Delta,airforcedelta,v39495.vmi,v39495.VMS,AIRFORCE.001,jonathan,"All missions open, all aircraftsincluding the two harriers, s-37 berkut, f22raptor, mig1.44.Infinite weapons in normal mode.",yes
Air Force Delta,airforcedelta,v25379.vmi,v25379.VMS,AIRFORCE.001,black squid,All levels completed with every plane bought and nearly 2 billion dollars to spend on nothing. Levels opened to 20 and controls are set for expert.,
Air Force Delta,airforcedelta,v96714.vmi,v96714.VMS,AIRFORCE.003,CattBo,"All the planes (including the 31st one, the ""MFI"") through to the 14th Level (Hard Mode).",
Air Force Delta,airforcedelta,v84491.vmi,v84491.VMS,AIRFORCE.001,Christian Hidalgo,"In hard mode, all the planes are bought including harriers, EE lightnig, etc...",
Air Force Delta,airforcedelta,v82163.vmi,v82163.VMS,AIRFORCE.004,Christian Hidalgo,"In hard mode,  all the planes are bought including harriers, EE lightning, etc.",
Air Force Delta,airforcedelta,v49408.vmi,v49408.VMS,AIRFORCE.003,zen4me,"All planes, levels, missions, difficulty easy, normal and hard plus bonuses and secrets unlocked.",
Air Force Delta,airforcedelta,v88719.vmi,v88719.VMS,AIRFORCE.001,starson,"All planes unlocked, including the SU-37, it's not as cool as the F-22, but it's just fun to watch it in action with it's reversed swept wings.",
Air Force Delta,airforcedelta,v49818.vmi,v49818.VMS,AIRFORCE.004,Jason Coy,All the planes unlocked.,
Air Force Delta,airforcedelta,v40825.vmi,v40825.VMS,AIRFORCE.002,Herro Yuy,all of the planes are bought!it's in the easy mode.,
Air Force Delta,airforcedelta,00000682.vmi,00000682.VMS,AIRFORCE.003,Kristerpher Henderson,All planes except Harriers are bought.,
Air Force Delta,airforcedelta,airforce.VMI,airforce.VMS,AIRFORCE.002,,Perfect Save! All Secret Open!,
Air Force Delta,airforcedelta,v85446.vmi,v85446.VMS,AIRFORCE.001,,"This is a special saved file with infinite missiles, custom hud colour option, all planes including sea harriers and the special one EE LIGHTNING. don't forget to fly F22 RAPTOR.",
Air Force Delta,airforcedelta,v27367.vmi,v27367.VMS,AIRFORCE.001,,EVERYTHING UNLOCKED!!!,
Air Force Delta,airforcedelta,v74019.vmi,v74019.VMS,AIRFORCE.001,,completo menos un avion,
Alone in the Dark: The New Nightmare,alonedark,v66414.vmi,v66414.VMS,_ALONE4_.000,NrvsYet,Middle of 1st disk lots of ammo and helth,
Alone in the Dark: The New Nightmare,alonedark,v9840.vmi,v9840.VMS,_Alone4_.000,freestyler,This is very hacked save with all guns and 999 ammo and all items available!!! What else do you want?NOTE:DON'T RELOAD THE GUNS WITH 999 AMMO.,yes
Alone in the Dark: The New Nightmare,alonedark,v84284.vmi,v84284.VMS,_ALONE4_.000,Len Schepise II,Alone in the DarkThe new nightmareStuck at the library control board!,
Alone in the Dark: The New Nightmare,alonedark,v65834.vmi,v65834.VMS,_Alone4_.000,miguel,start game with all weapons and items,
Alone in the Dark: The New Nightmare,alonedark,v83379.vmi,v83379.VMS,_Alone4_.000,Miguel Angel Rosas,just ending of disc 1,
Alone in the Dark: The New Nightmare,alonedark,v33710.vmi,v33710.VMS,_Alone4_.000,joshua,good 100% game completed,
Alone in the Dark: The New Nightmare,alonedark,v51789.vmi,v51789.VMS,_ALONE4_.000,keith,"Is that timer pissing you off? This save starts you off right after the wall to the caves of darkness gets blown wide open. Got tons o save charms, all weapons, not much ammo though. But there's lots of crystals in the caves to recharge your sh",
Alone in the Dark: The New Nightmare,alonedark,v85699.vmi,v85699.VMS,_Alone4_.000,josue,save game  ////  mansion//  100% arms.,
Alone in the Dark: The New Nightmare,alonedark,v12303.vmi,v12303.VMS,_ALONE4_.000,Monte  G,"This save is with Carnby in the Library.Get ready to fight a bad flying boss.I have most of the doors in the house unlocked.I am really low on ammo on this save,so good luck ifyou decide try this save.",
Alone in the Dark: The New Nightmare,alonedark,v58587.vmi,v58587.VMS,_ALONE4_.000,sean,"half way done on disk 1  still, i'm playing with the chicka",
Alone in the Dark: The New Nightmare,alonedark,v22685.vmi,v22685.VMS,_ALONE4_.001,jason f,aline at last boss,
Alone in the Dark: The New Nightmare,alonedark,ALONE4.VMI,ALONE4.VMS,_ALONE4_.000,,Last Save! at disc 2!,
Alone in the Dark: The New Nightmare,alonedark,AITDA1.VMI,AITDA1.VMS,_Alone4_.000,,Aline at end of 1st disc.,
Alone in the Dark: The New Nightmare,alonedark,AITDA2.VMI,AITDA2.VMS,_Alone4_.001,,Aline at half of 2nd disc.,
Alone in the Dark: The New Nightmare,alonedark,AITDC1.VMI,AITDC1.VMS,_Alone4_.005,,Carnby at end of 1st disc.,
Angel Present,angelpre,angelpre.VMI,angelpre.VMS,ANGELPRE_SYS,,Perfect Save! All Secret Open!,yes
Armada,armada,v44206.vmi,v44206.VMS,ARMADA00.DAT,Miles McCloud,"Level 44 Terren,has shiva plus desruptor,kill armada units in 1 shot. I also have unlimitd powerpods.A few other weaker races.This is the save to get",yes
Armada,armada,v51270.vmi,v51270.VMS,ARMADA00.DAT,Rick T.,Heres an armada file with a level 32 Terran ship which has shiva and 2 disruptors. R.I.P Armada!! 2 other ships as well<high level>,
Armada,armada,v99148.vmi,v99148.VMS,ARMADA00.DAT,kj,"level 20 Terran , shiva and other cool weapons",
Armada,armada,v96116.vmi,v96116.VMS,ARMADA00.DAT,Stanger,Level 29 Vorgan ship.  Many upgrades including shiva.  I've only died three times.,
Armada,armada,v98724.vmi,v98724.VMS,ARMADA00.DAT,Computerman45,"A couple of cool ships level 16,12 and 9. Also have the Shiva.",
Armada,armada,v8538.vmi,v8538.VMS,ARMADA00.DAT,Jack,"level 25 vorgan, and a couple of other, weaker races",
Army Men: Sarge's Heroes,armymen,v93695.vmi,v93695.VMS,AM_SARGE.SAV,K00L5h0w,unlocked everything in game,yes
Army Men: Sarge's Heroes,armymen,v51940.vmi,v51940.VMS,AM_SARGE.SAV,Dj,Riff Mission.,
Army Men: Sarge's Heroes,armymen,v54315.vmi,v54315.VMS,AM_SARGE.SAV,judas,"Snow stage, almost finished.",
Army Men: Sarge's Heroes,armymen,v83075.vmi,v83075.VMS,AM_SARGE.SAV,Travis B. Phipps,Thick Mission,
Army Men: Sarge's Heroes,armymen,v66921.vmi,v66921.VMS,AM_SARGE.SAV,carlos g.,Game has been finished.,
Army Men: Sarge's Heroes,armymen,v28863.vmi,v28863.VMS,AM_SARGE.SAV,charles t.,On 2nd fort plastro level.,
Army Men: Sarge's Heroes,armymen,v23978.vmi,v23978.VMS,AM_SARGE.SAV,charles t.,Entering the hoover rescue mission,
Army Men: Sarge's Heroes,armymen,v82896.vmi,v82896.VMS,AM_SARGE.SAV,rip,The last level in Army men sarges heros (The Way Home.) Also all multiplayer characters have been unlocked.,
Army Men: Sarge's Heroes,armymen,v14368.vmi,v14368.VMS,AM_SARGE.SAV,Dave Kalman,Entering grimms base,
Bang! Gunship Elite,bang,v2523.vmi,v2523.VMS,BANGBANG.000,David Jackson,all levels 19 total enjoyBang gunship elite,
Bang! Gunship Elite,bang,v73147.vmi,v73147.VMS,BANGBANG.002,Trooper-BR,ALL STAGES UNLOCKED! Check it out and have fun.,yes
Bang! Gunship Elite,bang,v64092.vmi,v64092.VMS,BANGBANG.000,David Jackson,all levels 19 total enjoyBang gunship elite,
Bang! Gunship Elite,bang,v51819.vmi,v51819.VMS,BANGBANG.003,Monte  G,"Saved at mission 6.Phase Shift cannon unlocked,Titans hammer unlocked.Game on easy setting.",
Bang! Gunship Elite,bang,v31440.vmi,v31440.VMS,BANGBANG.SYS,Maestro1,"2nd mission,try to beat my score,good luck.",
Bang! Gunship Elite,bang,v88695.vmi,v88695.VMS,BANGBANG.000,ryan leblanc,Level 4,
Bang! Gunship Elite,bang,v69358.vmi,v69358.VMS,BANGBANG.003,Ray Whitmer,2nd mission,
Bangai-O,bangaio,v95185.vmi,v95185.VMS,BANGAIODC001,musashi,"*UPDATE* All stages completed, some new high scores, and codes inplace.  Just press 'B' when you're at the options screen, to bring up the ""Secret Garden""",yes
Bangai-O,bangaio,v8919.vmi,v8919.VMS,BANGAIODC001,vanthea,"Barely started. Only at stage 24, but it's better than no saves at all.",
Black Matrix Advanced,blackmatrix,v53621.vmi,v53621.VMS,BMADDATA.002,hong,middle savefile,
Black Matrix Advanced,blackmatrix,blackad1.VMI,blackad1.VMS,BMADDATA.004,,Perfect Save! Everything Unlocked!,yes
Blue Stinger,bsting,v52713.vmi,v52713.VMS,BLUESTIN.000,Ben Moore,At Final Battle Eleit with bazookalots of ammo!,
Blue Stinger,bsting,v20263.vmi,v20263.VMS,BLUESTIN.001,Mack Gonzalez,"Lazer, Ray, Crossbow, Acid, Napalm guns with loads of cash. Almost near the Dino-Site. Equippedwith iron fists for short range and plasma gun for high-range weapon.  Cash status: $9.000.000 and going down.  Also 150 lifehooks bought by me.",
Blue Stinger,bsting,v45198.vmi,v45198.VMS,BLUESTIN.000,Mack Gonzalez,Handgun & crossbow hasinfinite ammo! Also includes$9.999.999 or less! Game savedfrom inside the market.,
Blue Stinger,bsting,v22896.vmi,v22896.VMS,BLUESTIN.001,Mack Gonzalez,"Game savedinside Brain Area with loadsof cash, over $9.000.000! Withall weapons acquired.",
Blue Stinger,bsting,v99300.vmi,v99300.VMS,BLUESTIN.000,Mario Knapp,"Cured , mad mode , missing key card for room inside clone-room . If you find it please let me know! Thank youu",
Blue Stinger,bsting,v92834.vmi,v92834.VMS,BLUESTIN.001,rustae,Infinite everything final battle. Gameshark enhanced.,
Blue Stinger,bsting,v98744.vmi,v98744.VMS,BLUESTIN.000,josh bewley,"Almost transformed, mad mode, at experiment laboratory.",
Blue Stinger,bsting,v16130.vmi,v16130.VMS,BLUESTIN.002,javad,All weapons no infinite ammo.,
Blue Stinger,bsting,v98538.vmi,v98538.VMS,BLUESTIN.001,gradychampion,"100 large & small hassies, all guns, infinite ammo, automatic reload, haven't even started new game, all you have to do is beat it on hard and get swimmer mode.",
Blue Stinger,bsting,v31243.vmi,v31243.VMS,BLUESTIN.000,Kenneth spencer,About halfway through the game.  Hope it helps!,
Blue Stinger,bsting,v59496.vmi,v59496.VMS,BLUESTIN.001,gradychampion,"Infinite ammo, ray gun, almost completed for all weapons.",
Blue Stinger,bsting,v17010.vmi,v17010.VMS,BLUESTIN.000,Jonathan King,"MAD MODE WITH INFINTE HEALTH, A LOAD OF CASH, ALL WEAPONS INCLUDING RAY GUN WITH INFINTE ROUNDS",
Blue Stinger,bsting,v81544.vmi,v81544.VMS,BLUESTIN.002,Luis Mendoza,"Game has been beat 6 times, You get all weapons, 100 small and large hassys.",
Blue Stinger,bsting,v12669.vmi,v12669.VMS,BLUESTIN.000,Sonicguy,Eliot market 1f 999999 cash all weapons and all ammo full health bar hard difficulty 48:23 min game time.,yes
Blue Stinger,bsting,v75365.vmi,v75365.VMS,BLUESTIN.000,Sonicguy,Big eye mode,
Blue Stinger,bsting,v62879.vmi,v62879.VMS,BLUESTIN.000,Kevin Gibson,Game cleared.  Start game with all weapons available in the game.,
Blue Stinger,bsting,v36002.vmi,v36002.VMS,BLUESTIN.000,Nelson Algarin.PUERTO RICO,ALL CLEAR & NEW OPTIONS,
Blue Stinger,bsting,v10039.vmi,v10039.VMS,BLUESTIN.000,wild weezle,mad mode,
Blue Stinger,bsting,00000391.vmi,00000391.VMS,BLUESTIN.002,Kevin Fernandes,Cleared w/ Swimmer Mode,
Blue Stinger,bsting,bluestin.VMI,bluestin.VMS,BLUESTIN.001,,Perfect Save! All Secret Open!,
Boku Doraemon,doraemon,dingdang.VMI,dingdang.VMS,DORAEMON_002,,Perfect Save! All Secret Open!,yes
Bomber Hehhe,bomberhe,bomberhe.VMI,bomberhe.VMS,BOMB_HEH_SYS,,Perfect Save! All Secret Unlocked!,yes
Bomberman Online,bomberman,v5687.vmi,v5687.VMS,BOMBERONLINE,John Toner,Bosses beaten.  Still plenty of cards to win and discover.  It's no fun if there isn't anything new left for you to find.  Have fun. Peace and happiness in 2002.,
Bomberman Online,bomberman,v58626.vmi,v58626.VMS,BOMBERONLINE,Justin Bolander,I have some of the costumes. Beat 1 player mode.,
Bomberman Online,bomberman,v11158.vmi,v11158.VMS,BOMBERONLINE,TYLER,good start 15 items good luck,
Bomberman Online,bomberman,v51939.vmi,v51939.VMS,BOMBERONLINE,polar bear,Lot of stuff done almost finished.,
Bomberman Online,bomberman,v72691.vmi,v72691.VMS,BOMBERONLINE,Ernesto Sena Bezerra,"I didn't manage to beat the ""BomberAladdin"" (wind boss). He is the only one missing.",
Bomberman Online,bomberman,v75708.vmi,v75708.VMS,BOMBERONLINE,Silvio,"Any collection, 4 boss clear and only one level to the end.",
Bomberman Online,bomberman,v61788.vmi,v61788.VMS,BOMBERONLINE,TheDMaster,This is a good way to Start This game Online!  I got 40 custume set and 25 colection.. so Have fun.      The DevilMaster ;;),
Bomberman Online,bomberman,v67819.vmi,v67819.VMS,BOMBERONLINE,Manny Santos,Great save. Many online costumes to choose from.Working on better file that has the super costume,
Bomberman Online,bomberman,v41120.vmi,v41120.VMS,BOMBERONLINE,adriana te amo,all unlocked exept some levels,
Bomberman Online,bomberman,v11063.vmi,v11063.VMS,BOMBERONLINE,Ricardo Ribeiro Martins,"Este save esta no final, com 56 Itens.",
Bomberman Online,bomberman,v21769.vmi,v21769.VMS,BOMBERONLINE,Manny Santos,"NEW!!!.updated costume log. soldier online costumes, including ronin and fairy.",
Bomberman Online,bomberman,v32866.vmi,v32866.VMS,BOMBERONLINE,konstantin,99%Game,yes
Bomberman Online,bomberman,v87622.vmi,v87622.VMS,BOMBERONLINE,Den PR,Just a boss defeated(thunder guy).And a couple of panels,
Bomberman Online,bomberman,v70850.vmi,v70850.VMS,BOMBERONLINE,Tony,"most of the collection panels are gotten. game has been beaten almost all uniforms, well anywho its a great save",
Bomberman Online,bomberman,v99727.vmi,v99727.VMS,BOMBERONLINE,Silvio,All area clear!! And extra box with something.,
Bomberman Online,bomberman,v17160.vmi,v17160.VMS,BOMBERONLINE,daniel fabiano,almost everything,
Bomberman Online,bomberman,v51947.vmi,v51947.VMS,BOMBERONLINE,TOPO.BRA,SUPER SALVE COM POUCA COISA LIBERADAMAIS E COMECO,
Bomberman Online,bomberman,boonline.VMI,boonline.VMS,BOMBERONLINE,,All collection and all charcater design!,
Bomberman Online,bomberman,BOMBMO.VMI,BOMBMO.VMS,BOMBERONLINE,,All unlocked.,
Bust A Move 4,bustamove4,v2285.vmi,v2285.VMS,BUST_A_MOVE4,sureshot8,Perect save. All characters. all sounds. plus a bonus tarrot card random reading!Enjoy!,
Bust A Move 4,bustamove4,v24180.vmi,v24180.VMS,BUST_A_MOVE4,Chang,"All characters and extra puzzles unlocked.Also, a ""Tarot Reading"" and ""Talk Demo"" modeare unlocked.",
Bust A Move 4,bustamove4,v65683.vmi,v65683.VMS,BUST_A_MOVE4,JUST-JIF,All characters unlocked & playable. Enjoy!!!,
Bust A Move 4,bustamove4,v1608.vmi,v1608.VMS,BUST_A_MOVE4,purHAZE,Complete game,
Bust A Move 4,bustamove4,pb4jp.VMI,pb4jp.VMS,PZLBBL4FORDC,,JP Perfect Save! All Open!,
Bust A Move 4,bustamove4,pb4us.VMI,pb4us.VMS,BUST_A_MOVE4,,US Perfect Save! All Open!,yes
Buzz Lightyear of Star Command,buzzlightyear,v74825.vmi,v74825.VMS,BUZZ2000.000,Michelle,This save has 7 levels completed.,yes
Buzz Lightyear of Star Command,buzzlightyear,v48931.vmi,v48931.VMS,BUZZ2000.000,Argel,MISSION 8 complete,
Buzz Lightyear of Star Command,buzzlightyear,v15769.vmi,v15769.VMS,BUZZ2000.000,Anderson T. K.,8 fases completadas,
Buzz Lightyear of Star Command,buzzlightyear,v18060.vmi,v18060.VMS,BUZZ2000.000,Buzz lightyear,"este juego esta bacan, completo!",
Buzz Lightyear of Star Command,buzzlightyear,v30491.vmi,v30491.VMS,BUZZ2000.000,Shadow,almost done with game,
Buzz Lightyear of Star Command,buzzlightyear,v65591.vmi,v65591.VMS,BUZZ2000.000,Leonardo,"First,second,and third completed.",
Caesar's Palace 2000,caesar,v7771.vmi,v7771.VMS,CPAL2000.001,Dennis Dman Doolin,Lots of money,yes
Cannon Spike,cannonspike,v25804.vmi,v25804.VMS,CANNONSP_001,bajan,Everything completed.,yes
Cannon Spike,cannonspike,v57068.vmi,v57068.VMS,CANNONSP_001,viper,All pictures in gallery,
Cannon Spike,cannonspike,v50562.vmi,v50562.VMS,ICONDATA_VMS,Edgar David,Cannon Spike: Icon data,yes
Cannon Spike,cannonspike,v62540.vmi,v62540.VMS,CANNONSP_001,Megaman,Everything unlocked.,
Canvas,canvas,CANVAS.VMI,CANVAS.VMS,CANVAS__.SYS,,Perfect Save! Everything Unlocked!,yes
Carrier,carrier,v26111.vmi,v26111.VMS,CARRIER__ENV,ssj5gokou,15% through the game with the 19'o clock,
Carrier,carrier,v5628.vmi,v5628.VMS,CARRIER__002,Joey Voldarski,Starts game in girls new costume.,
Carrier,carrier,v88552.vmi,v88552.VMS,CARRIER__003,Joey Voldarski,4 star save after Jennifer.,
Carrier,carrier,v94735.vmi,v94735.VMS,CARRIER__001,Joey Voldarski,Starts game in Jack's new costume.,
Carrier,carrier,v49690.vmi,v49690.VMS,CARRIER__000,Protasio-BR,WITH ALMOST 80% DONE ENJOY YOUSELF!!!PAL-M VERSION,
Carrier,carrier,v97548.vmi,v97548.VMS,CARRIER__002,lynyrd15,"All weapons,unlimted amo,last save,and tons of items.",
Carrier,carrier,v80139.vmi,v80139.VMS,CARRIER__000,andrew hart,Deck 6/ last monster/2 level 3 health1 level 2 health/ all weapons15:00:00,
Carrier,carrier,v16562.vmi,v16562.VMS,CARRIER__001,Chris Oldaker,Starts the game with Jack in a different costume.,
Carrier,carrier,v666.vmi,v666.VMS,CARRIER__002,Nelson Algarin.PUERTO RICO,FINAL STAGE WITH ALL ARMOL...,
Carrier,carrier,00000812.vmi,00000812.VMS,CARRIER__002,Mark Lasmanis,Last save for Jack before ending.,
Carrier,carrier,CARRIER.VMI,CARRIER.VMS,CARRIER__000,,Perfect Save! All Secret Unlocked!,yes
Castle Fantasia,castlefan,CASTLEFA.VMI,CASTLEFA.VMS,CF2R_DC_SAVE,,"Best Save, Everything Unlocked",yes
Centipede,centipede,v72205.vmi,v72205.VMS,CENTIPEDE_01,Stuart,"All levels and 1,028 lives.",yes
Championship Surfer,champsurfer,v91655.vmi,v91655.VMS,SURFING1.GAM,ROSI ROY{BRAZIL}!!!!!,DAI GALERA TODAS AS PRAIAS ABERTASE MAIS UM JOGADOR SECRETO !!         FALO!!,
Championship Surfer,champsurfer,v86604.vmi,v86604.VMS,SURFING1.GAM,Lessandro Gomes,"All Beaches [10 beaches]Todas as praias Galera!!!arquivos - sanzao e srnfrom: ""BRASIL""",yes
Championship Surfer,champsurfer,v57326.vmi,v57326.VMS,SURFING1.GAM,mouse,Championship surfer all beaches opened but two.,
Championship Surfer,champsurfer,v20426.vmi,v20426.VMS,SURFING1.SAV,brandon pompeo,"good save,half of the beaches unlocked",
Championship Surfer,champsurfer,v47130.vmi,v47130.VMS,SURFING1.GAM,vitor mateus costa,1 level complete in arcade mode! (MUITO BOM),
Charge 'N Blast,chargeblast,v23820.vmi,v23820.VMS,C_BLAST_DATA,Alucard,BEST SAVE (american version)has both character's easy modeunlocked!!!,yes
Charge 'N Blast,chargeblast,v34436.vmi,v34436.VMS,C_BLAST_DATA,the man,[Japanese] This save is for the Japanese version of Charge N Blast and it has been completed 2 times.,
Chicken Run,chickenrun,v70580.vmi,v70580.VMS,CHICKENRUNDC,VLADIMIR GARCIA,A CAMINHO DO FIM!80% DO JOGO.SEM TRUQUES!VARIOS MOVIES EFOTOS.SEJA FERA E TERMINE ESSEJOGO NA RACA!,
Chicken Run,chickenrun,v7111.vmi,v7111.VMS,CHICKENRUNDC,Mad Angel,100% beaten. Including the Bonus Movie.All pics/movies/map pieces unlocked.,yes
Chicken Run,chickenrun,v98258.vmi,v98258.VMS,CHICKENRUNDC,raman sapra,"100% game complete with all levels,picture gallery and movie clipings except only one bonus ending clip.",
Chicken Run,chickenrun,CHICKEN.VMI,CHICKEN.VMS,CHICKENRUNDC,,Perfect Save! All Open!,
disc_chuchu,chuchu,dc_kool_00000031.vmi,dc_kool_00000031.VMS,CHU_CHU_RCT,,"All Puzzle 1P stages completed with stars All Stage Challenge 1~2P stages completed & all characters available in general settings [source: DC_KOOL (Joe Endy, fp.enter.net/~jkool/DCSaves.htm); region US]",yes
Coaster Works,coasterworks,v27261.vmi,v27261.VMS,COASTER1_001,Emmanuel Hoachlander,Levels 1-3 compleated with some really sickining coasters,
Coaster Works,coasterworks,v5473.vmi,v5473.VMS,COASTER1_001,edwin canizar,all 6 stages done. there are 2 coasters in stage 6. you can change the color of the coasters in stage 6.,
Coaster Works,coasterworks,v17167.vmi,v17167.VMS,COASTER1_001,Phillip burbank,game is beaten and cool coasters,
Coaster Works,coasterworks,v60797.vmi,v60797.VMS,COASTER1_002,CherryCheeseCake,"All 5 stages complete+a bonus coaster, The ""Pink Peril!""",
Coaster Works,coasterworks,v14850.vmi,v14850.VMS,COASTER1_001,Dc Gotenks,"Game 100% completo,com o sexto estagio,o Dream Coaster,onde voce monta sua montanha russa sem nenhuma meta a ser cumprida.",yes
Coaster Works,coasterworks,v75685.vmi,v75685.VMS,COASTER1_001,jere,"All five levels done with some ""Crazy Coasters""and killer Death Drops.+New level: DreamCoaster Land, there are noG-force limits!",
Coaster Works,coasterworks,v55985.vmi,v55985.VMS,COASTER1_001,GameMaster,All five levels completed with a custom made level 6 coaster.,
Coaster Works,coasterworks,v89321.vmi,v89321.VMS,COASTER1_002,Jorge Montiel,All 5 levels completed each one with an original coaster also theres one in the bonus level/,
Coaster Works,coasterworks,v35815.vmi,v35815.VMS,COASTER1_001,Lil Bee,This file has all of the 5 stages done with kick @ss coasters.  You can have fun with the secret stage.,
Coaster Works,coasterworks,v13052.vmi,v13052.VMS,COASTER1_001,Hawkmoon,"Levels 1-5 Completed, plus a Coaster In Level 6",
Coaster Works,coasterworks,v13912.vmi,v13912.VMS,COASTER1_001,daniel m,Levels 1-4 passed.,
Comic Party,comicpart,comicpar.VMI,comicpar.VMS,COMICPARTY00,,Perfect Save! All secret unlocked,yes
Confidential Mission,cmission,v23841.vmi,v23841.VMS,C_MISSION_DC,Reza cheshmi,100% COMPLETE,yes
Confidential Mission,cmission,v1309.vmi,v1309.VMS,C_MISSION_DC,Jorge Montiel,All training levels completed (including reflexes) also another world missions.,
Confidential Mission,cmission,v76464.vmi,v76464.VMS,C_MISSION_DC,Andy Mariupol,All missions completed.,
Confidential Mission,cmission,cmission.VMI,cmission.VMS,C_MISSION_DC,,Perfect Save! All Open!,
Confidential Mission,cmission,CONF_MS.VMI,CONF_MS.VMS,C_MISSION_DC,,All unlocked.,
Conflict Zone,conflictzone,v30142.vmi,v30142.VMS,CONFLICT.SYS,Redeemer,"I really like this game.All ICP campaing done,all but 1 campaing for ghost completed.have fun",yes
Conflict Zone,conflictzone,v76378.vmi,v76378.VMS,CONFLICT.SYS,Vitor,Otimo save; ICP e GOST na decima segunda fase,
Conflict Zone,conflictzone,v35226.vmi,v35226.VMS,CONFLICT.SYS,etic,up 6 level icp,
Conflict Zone,conflictzone,v97802.vmi,v97802.VMS,CONFLICT.002,fernando,4 fases passadas,
Conflict Zone,conflictzone,v43307.vmi,v43307.VMS,CONFLICT.SYS,ALEX,"very good and very new file!all levels are complited.MAIL ME PLEASE ,what you thinkabout this!P.S.RESPECT TO ALL RUSSIANS DC-GAMERS!!!",
Conflict Zone,conflictzone,v58911.vmi,v58911.VMS,CONFLICT.012,howard,icp: 09 double blow,
Conflict Zone,conflictzone,v38790.vmi,v38790.VMS,CONFLICT.SYS,jorlan del valle,"tengo pasada una parte, save Venezuela por jjv",
Conflict Zone,conflictzone,v32795.vmi,v32795.VMS,CONFLICT.SYS,mark,the game is fun once you get the hang of it. all  hte ICP missions won and about half the ghost.,
Conflict Zone,conflictzone,v63179.vmi,v63179.VMS,CONFLICT.SYS,,Quarta missao...,
Cool Cool Toon,cooltoon,COOLCT.VMI,COOLCT.VMS,COOLCOOL.SYS,,"Cool Cool Toon Save, all unlocked.",yes
Crazy Taxi,crazytaxi,v12719.vmi,v12719.VMS,CRAZYTAXI_DC,joseph hudgens,"Over 81,000 in arcade and over 88,000 in original.All crazy boxes completed, bike unlocked. Happy New Year and enjoy!",
Crazy Taxi,crazytaxi,v81909.vmi,v81909.VMS,CRAZYTAXI_DC,gReg,You want all the Crazy Box games unlocked? It's all right here.You want the hidden rickshaw bicycle taxi? I got that too. Unbelievably high scores and record Crazy Box times!Everything is unlocked! DOWNLOAD THIS SAVE IF YOU WANT IT ALL!,yes
Crazy Taxi,crazytaxi,v9916.vmi,v9916.VMS,CRAZYTAXI_DC,omar alahdl,"This save is the bast save you willsee in crazy taxi.it has all crazy boxes completed,crazy bike unlocked.my highest score is 62,467.82 in arcade mode with arcade rules.and75,472,60 in orignal mode with arcaderules.",
Crazy Taxi,crazytaxi,v7806.vmi,v7806.VMS,CRAZYTAXI_DC,Jonatan,"$73.000 in original and $33,000 on arcade all secrets.",
Crazy Taxi,crazytaxi,v41834.vmi,v41834.VMS,CRAZYTAXI_DC,Jay,"Over $62,000 in arcade mode! Crazy bike unlocked!",
Crazy Taxi,crazytaxi,v5134.vmi,v5134.VMS,CRAZYTAXI_DC,jeremy,9000 top score beat this.,
Crazy Taxi,crazytaxi,v40831.vmi,v40831.VMS,CRAZYTAXI_DC,Brandon,"All crazy boxes completed. Bike unlocked. Try and beat my high score of over $51,000 in original mode with arcade rules.",
Crazy Taxi,crazytaxi,v71770.vmi,v71770.VMS,CRAZYTAXI_DC,Alex Sartor,"The whole game cracked, everything unlocked.All the mini-games and the rickshaws too!",
Crazy Taxi,crazytaxi,v44060.vmi,v44060.VMS,CRAZYTAXI_DC,Johmmy Boy,Hacked save..... unlimited time..,
Crazy Taxi,crazytaxi,v90975.vmi,v90975.VMS,CRAZYTAXI_DC,Dubkiller,Crazy bike available.No added high scores whatsoever.No Crazy Box events completed.This way you have the bike withoutanyone else's records,
Crazy Taxi,crazytaxi,v96196.vmi,v96196.VMS,CRAZYTAXI_DC,Atif Bokhari,"Bike unlocked/all of crazy box completed (check out crazy jump score). Also, no time limit in arcade/original mode! Drive forever",
Crazy Taxi,crazytaxi,v57529.vmi,v57529.VMS,CRAZYTAXI_DC,Mike Wright,"Check out these scores, on original and crazy box.",
Crazy Taxi,crazytaxi,v38253.vmi,v38253.VMS,CRAZYTAXI_DC,Mike Wright,High score on original,
Crazy Taxi,crazytaxi,v95038.vmi,v95038.VMS,CRAZYTAXI_DC,Luis Martinez,"All crazy boxes unlocked and bikeunlocked.ENJOY!!! 29,000 on Originalmode.",
Crazy Taxi,crazytaxi,v88004.vmi,v88004.VMS,CRAZYTAXI_DC,James Buhls,"All crazy box levels complete,on all four save areas.  CrazyTaxi opened.  About 62,000 on Arcade mode.  Can YOU do better?",
Crazy Taxi,crazytaxi,v71342.vmi,v71342.VMS,CRAZYTAXI_DC,evileye855,all liscenses. all of crazy box beaten. secret taxi bike unlocked,
Crazy Taxi,crazytaxi,v31853.vmi,v31853.VMS,CRAZYTAXI_DC,Nelson Algarin.PUERTO RICO,OPENING ALL SECRET & NEW TAXI,
Crazy Taxi,crazytaxi,v93402.vmi,v93402.VMS,CRAZYTAXI_DC,Dario Mendoza,"All Crazy boxes finished. Won $41,200 in Arcade and $29,000 in Original!",
Crazy Taxi,crazytaxi,v90394.vmi,v90394.VMS,CRAZYTAXI_DC,Kirkules,"all crazyboxes and over 26,000 collected on arcade mode.",
Crazy Taxi,crazytaxi,00000590.vmi,00000590.VMS,CRAZYTAXI_DC,Richard Netherlain,"Won over $13,000.00 in Original Mode with an awesome licence, all Crazy Boxes done.",
Crazy Taxi,crazytaxi,c_taxi1.VMI,c_taxi1.VMS,CRAZYTAXI_DC,,Perfect Save! All Secret Unlocked!,
Crazy Taxi,crazytaxi,CRAZYT.VMI,CRAZYT.VMS,ICONDATA_VMS,,Crazy Taxi VMU icon.,yes
Crazy Taxi,crazytaxi,v99089.vmi,v99089.VMS,CRAZYTAXI_DC,,limp bizkit unlocked.,
Crazy Taxi 2,crazytaxi2,v69916.vmi,v69916.VMS,C_TAXI02.SYS,K00L5h0w,most stuff unlocked,
Crazy Taxi 2,crazytaxi2,v91142.vmi,v91142.VMS,C_TAXI02.SYS,Edwin Cancel,every thing unlocked. pyramid complet old cabbies..crazy cat cabbie unlocked,
Crazy Taxi 2,crazytaxi2,v94843.vmi,v94843.VMS,C_TAXI02.SYS,Jim 2k2,"Game 99% completo,faltando apenas a ultima fase da crazy piramid. Possui carrinho de bebe e bike selecionaveis.",
Crazy Taxi 2,crazytaxi2,v9346.vmi,v9346.VMS,C_TAXI02.SYS,Gary,"I got everything in the game,plus the saves off the website.  All drivers, all cabs,and some crazy records.",
Crazy Taxi 2,crazytaxi2,v51513.vmi,v51513.VMS,C_TAXI02.SYS,master cabster,This game is 100% complete. San Francisco cabbies & all other vehicles unlocked. Crazy Pyramid cleared. Unbeatable records. Awesome licsense.,yes
Crazy Taxi 2,crazytaxi2,v22908.vmi,v22908.VMS,C_TAXI02.SYS,[email removed],This game save has every thing and some unbeatable scores like 1966.00 on crazy golf and 14 sec. on crazy drop.,
Crazy Taxi 2,crazytaxi2,v55580.vmi,v55580.VMS,C_TAXI02.SYS,chatuba de miskita,"Todos os taxistas do crazy taxi 1, carros secretos, crazy pyramid completa, CRAZY LICENSE alcancada acima de 30.000 no around apple.",
Crazy Taxi 2,crazytaxi2,v1869.vmi,v1869.VMS,C_TAXI02.SYS,"Luis ""KAIN""",Todas las piramydes terminadas y chequen los records para que vean que no es trucado ni nada.,
Crazy Taxi 2,crazytaxi2,v43160.vmi,v43160.VMS,C_TAXI02.R00,Scott,This is a replay of the golf hit in the crazy pyramid. totalfeet is 445. watch and enjoy.,yes
Crazy Taxi 2,crazytaxi2,v70722.vmi,v70722.VMS,C_TAXI02.SYS,fabyanno boy,ae caras tenho um desafio para voces tiren meu recorde se foream capais 100% do jogo todos taxistas e carros secretos,
Crazy Taxi 2,crazytaxi2,v26222.vmi,v26222.VMS,C_TAXI02.SYS,20comer (Brazilian Team),"All 4 cabbies from crazy taxi 1 unlocked, crazy pyramid completed, Crazy license reached on around apple.",
Crazy Taxi 2,crazytaxi2,v74510.vmi,v74510.VMS,C_TAXI02.SYS,Cartman,"100% completo, tente bater meu100% completo,tente bater meu record no around apple, ja que tirei o record do Roko(Brazilian Team) logo na primeira jogada.",
Crazy Taxi 2,crazytaxi2,v78872.vmi,v78872.VMS,C_TAXI02.SYS,Roko[Brazilian Team],"Crazy Pyramide  completed, all old cabbies and secret vehicles unlocked.CRAZY LICENSE on small and around apple .",
Crazy Taxi 2,crazytaxi2,v3135.vmi,v3135.VMS,C_TAXI02.SYS,fabyanno boy,100% do joga aberto todos os taxistas piramid mode completa tire meu record se for capas.,
Crazy Taxi 2,crazytaxi2,v69153.vmi,v69153.VMS,C_TAXI02.SYS,chatuba de miskita,"All characters from crazy taxi 1 unlocked, crazy pyramid unlocked, big awesome license records.",
Crazy Taxi 2,crazytaxi2,v62993.vmi,v62993.VMS,C_TAXI02.SYS,Pepi[brazilian team],"Crazy pyramide complete new and old crazy drivers bike and baby car unlocked around apple,small apple maps unlocked and big scores.",
Crazy Taxi 2,crazytaxi2,v90467.vmi,v90467.VMS,C_TAXI02.SYS,Jorge Montiel,"All the tests from the pyramid completed, all maps, all vehicles and the 4 cabbies from crazy taxi 1.",
Crazy Taxi 2,crazytaxi2,v86957.vmi,v86957.VMS,C_TAXI02.SYS,Dave Rhhodes,All secret vehicles and cabbies unlocked.Crazy Pyramid Finished.Awesome License reached on Around Apple,
Crazy Taxi 2,crazytaxi2,v72153.vmi,v72153.VMS,C_TAXI02.SYS,Garou,Crazy pyramid completed and 4 characters unlocked.,
Crazy Taxi 2,crazytaxi2,v13458.vmi,v13458.VMS,C_TAXI02.SYS,Matt Middleton,"Crazy Pyramid completed. Bike, baby Stroller, both maps,and old cabbies open.Records beat on bottom row of Pyramid. Best license so far is only Son Around Apple, but that willchange, soon.",
Crazy Taxi 2,crazytaxi2,c_taxi2.VMI,c_taxi2.VMS,C_TAXI02.SYS,,Perfect save! Everything unlocked!,
D2,d2,v60528.vmi,v60528.VMS,D2SYSTEM____,E-106 Leader Of Bluerouge Clan,Max stats and ammo. Its just alittle while after the begining.,
D2,d2,v40396.vmi,v40396.VMS,D2_______003,Samer Sublaban,"Jeast about to go to the lastboss, lots of items and all weapons.",
D2,d2,v13970.vmi,v13970.VMS,D2_______003,Samer Sublaban,"I saved it right before the final ending onDisk 4. Go into the cave, beat boss22 and endind will start.",
D2,d2,v89763.vmi,v89763.VMS,D2_______003,khal~nayak,"Can't finish the game? Well thisis the PERFECT SAVE, LAST BOSS WITHLEVEL 21, LOTS OF AMMOS AND HEALTH",
D2,d2,v70664.vmi,v70664.VMS,D2_______001,cut49,The ultimate save. 99 health recovery,
D2,d2,v5514.vmi,v5514.VMS,D2_______001,cut49,Last boss 18th level,
D2,d2,v64228.vmi,v64228.VMS,D2_______001,gutz,Saved just outside cave entrance before final boss.,
D2,d2,v76524.vmi,v76524.VMS,D2_______002,kkaaooss,lev 21 last boss kaput,
D2,d2,v93751.vmi,v93751.VMS,D2_______001,na cheuna,Start at disc one all level maxed out and exp too999 meats got at booyaka.com the perfect savethnx for this na chenua we are in your debt forever  casey,yes
D2,d2,v89015.vmi,v89015.VMS,CRAZY_EXPO99,HONG SANG-SOO,Hidden disc 2 movie put in disc two and load,
D2,d2,v80068.vmi,v80068.VMS,D2_______001,lou,Last boss save.,
D2,d2,v69484.vmi,v69484.VMS,D2SYSTEM____,Bigjimeka,Second disk. Haven't cracked the lab basement puzzle just yet.,
D2,d2,v52278.vmi,v52278.VMS,D2_______001,Brett,Third disk!  Level tengood story so far.,
D2,d2,v76630.vmi,v76630.VMS,D2_______001,john hayes,"Decent hunts, at the base, fighting grandpa",
D2,d2,v64744.vmi,v64744.VMS,D2_______001,casey avrett,On disc three parker just hit kim and laura is going outside to look for clues.The musician is still mad and is going crazy. Its your move next.,
D2,d2,v24276.vmi,v24276.VMS,D2_______001,K.B Showtime,Plenty of ammo Level 6 and still begining of the game,
D2,d2,D2EXPMAX.VMI,D2EXPMAX.VMS,D2_______001,,EXP Max at the beginning!,
D2,d2,d2jp0001.VMI,d2jp0001.VMS,D2_______002,,Good save for D2! (Jap),
D2,d2,D2END1.VMI,D2END1.VMS,D2_______001,,End of disc 1.,
Dabitsuku 1,dabi1,DABI1.VMI,DABI1.VMS,DABITUKU_FAM,,Money Max!,yes
Dabitsuku 2,dabi2,DABI2.VMI,DABI2.VMS,DABITUK2_FAM,,Money Max!,yes
Dance Dance Revolution Club Mix,ddrclubmix,DDRCLUB.VMI,DDRCLUB.VMS,DDR_CLUB.SYS,,All unlocked.,yes
Dave Mirra Freestyle BMX,davemirra,v47784.vmi,v47784.VMS,DAVEMIRRABMX,jer-uruguay,"Done with  dave,ryan,mcmurray,slimjim,kagy,harkin,laird, and a lot with tim. I think 5 cheats unlocked and 2 videos.",
Dave Mirra Freestyle BMX,davemirra,v62106.vmi,v62106.VMS,DAVEMIRRABMX,Knucklez,"Everything unlocked. All characters. All moves mastered for all characters. Every cheat unlocked. There is pretty much nothing to do, because I have done it all.",yes
Dave Mirra Freestyle BMX,davemirra,v81769.vmi,v81769.VMS,DAVEMIRRABMX,allthewomencallme,Everything unlocked slim jim and amish boy most of it done in proquest its all here,
Dave Mirra Freestyle BMX,davemirra,v8604.vmi,v8604.VMS,DAVEMIRRABMX,Luke Chidester,"EVERYTHING UNLOCKED!  100% including ALL styles, tracks, bikes, all movies (including Amish Boy), and all riders (Slim Jim and Amish Boy).  Let's go ride!",
Dave Mirra Freestyle BMX,davemirra,v20365.vmi,v20365.VMS,DAVEMIRRABMX,djkirby70,"Game finished with Mirra, Liard, and Mcmurray.All bikes and styles plus Slim Jim. One cheat unlocked. First person veiw.",
Dave Mirra Freestyle BMX,davemirra,v65954.vmi,v65954.VMS,DAVEMIRRABMX,vitor mateus costa,All records are complete. Very nice.,
Dave Mirra Freestyle BMX,davemirra,v72860.vmi,v72860.VMS,DAVEMIRRABMX,paull stanley,"Game completed with the following: Dave Mirra, Slim Jim and a little done with Ryan Nyquist.",
Dave Mirra Freestyle BMX,davemirra,v12134.vmi,v12134.VMS,DAVEMIRRABMX,Pedro Tokarski,Good save with 2 secret bikes and 1 new biker.,
Dave Mirra Freestyle BMX,davemirra,v32898.vmi,v32898.VMS,DAVEMIRRABMX,rayman,A good start with Dave Mirra. 3 bikes open and a lot of challengescompleted.,
Dave Mirra Freestyle BMX,davemirra,v93616.vmi,v93616.VMS,DAVEMIRRABMX,toby harris,Finished with Dave Mirra little done with Ryan.,
Dave Mirra Freestyle BMX,davemirra,v58769.vmi,v58769.VMS,DAVEMIRRABMX,Charlie,Beat all the way through with Dave Mirra only the last compitition board left to beat.,
Dave Mirra Freestyle BMX,davemirra,v7838.vmi,v7838.VMS,DAVEMIRRABMX,@Onslauth,finish with dave and ryanboth secret bike unlocked.,
Dave Mirra Freestyle BMX,davemirra,v13769.vmi,v13769.VMS,DAVEMIRRABMX,thug102,here is the ultimate save all bikesall outfits and slimjim is all hereand all unlocked for you.,
Dave Mirra Freestyle BMX,davemirra,v39009.vmi,v39009.VMS,DAVEMIRRABMX,dave,a decent start with some of the bikes.,
Dave Mirra Freestyle BMX,davemirra,v42220.vmi,v42220.VMS,DAVEMIRRABMX,@Onslauth,Game is finished with Ryan,
Dave Mirra Freestyle BMX,davemirra,v35319.vmi,v35319.VMS,DAVEMIRRABMX,DcMasta,This save is Sweet. Not fully done yet.check back 4 another 1 soon.,
Daytona USA,daytona,v5692.vmi,v5692.VMS,DAYTONA__CNF,cyber JAN,"Intermediate save for the japaneseversion.Two extra cars,and good lap times.All tracksunlocked.",
Daytona USA,daytona,v58535.vmi,v58535.VMS,DAYTONA__CNF,Igor NUCLEAR,"Brasileiros o Dreamcast detona.Esse save tem todos os carros, cores legais no custon e a melhor configuracao para os controles",
Daytona USA,daytona,v57953.vmi,v57953.VMS,DAYTONA__CNF,Roko[Brazilian Team],You want all cars to play online?Now you can!Download this save to have ALL CARS!!!,
Daytona USA,daytona,v84127.vmi,v84127.VMS,DAYTONA__CNF,MES michell,"All cars,the best calibrationcomplete, all circuits.",yes
Daytona USA,daytona,v49059.vmi,v49059.VMS,DAYTONA__CNF,TENCHI,This save has almost all thecars. Im missing the net battlecar and uma the horse. I have played for 67 hrs you need 100 hrs to get the net battlecar.,
Daytona USA,daytona,v42830.vmi,v42830.VMS,DAYTONA__CNF,Jeff Groeninger,"This is for all the impatient begginers out there, and online competitors alike! This file has all cars except 100hours car, 37 hours currently, you'll get it eventually!It also has the nations current fastest ghost to practice with too on dino",
Daytona USA,daytona,v24536.vmi,v24536.VMS,DAYTONA__CNF,pitboss1,"4 cars unlocked (red cat,unicorn,pywacket&pywacket super).",
Daytona USA,daytona,v78651.vmi,v78651.VMS,DAYTONA__CNF,Chris Raposa,"First two cars (Unicorn and Barchetta) unlocked. Custom color 1 for each car uses the Hornet scheme, color 3 is all black.",
Daytona USA,daytona,v48733.vmi,v48733.VMS,DAYTONA__CNF,alaindc,"One car won in championship,the unicorn carstats:grip=35,accel+speed=90,max speed=227mph.",
Daytona USA,daytona,v13379.vmi,v13379.VMS,DAYTONA__CNF,MIKE THE DREAMER,[Japanese] ALL UNLOCKED.,
Daytona USA,daytona,v77273.vmi,v77273.VMS,DAYTONA__CNF,Rockman,[Japanese] Two news cars and a high score.,
Daytona USA,daytona,dusa2001.VMI,dusa2001.VMS,DAYTONA__CNF,,Perfect Save,
Death Crimson OX,deathcrim,deathcox.VMI,deathcox.VMS,DEATHCROXSYS,,JP Perfect Save! Credit Max!,yes
Deep Fighter,deepfighter,v31737.vmi,v31737.VMS,DEEPFITE.000,Mack Gonzalez,4 awards acquired with 3 subsonlineStatus: Savage Commander,
Deep Fighter,deepfighter,v34013.vmi,v34013.VMS,DEEPFITE.000,Taipan,"Here's a save just after the boss that skates on the water surface,(disc 1), it's just before the abyss, 3 subs avaliable. 4 blocks.",
Deep Fighter,deepfighter,v2644.vmi,v2644.VMS,DEEPFITE.000,Aaron,Beat game not sure if it saved after defeating the final boss.,yes
Deep Fighter,deepfighter,v28538.vmi,v28538.VMS,DEEPFITE.000,Aaron,"First few levels done, three subs, and at second boss.Second Boss is Hard to beat.",
Deep Fighter,deepfighter,v81336.vmi,v81336.VMS,DEEPFITE.000,roughneck,this is the first few levels with 3 of the subs,
Demolition Racer: No Exit,demolitionrace,v44947.vmi,v44947.VMS,DEMORACER_00,Skyli,80% game completed lots cars and almost all tracks its a good save <><><><> falta apenas 2 trofeis para completar o jogo quase todos os carros e pistas um bom save,
Demolition Racer: No Exit,demolitionrace,v21403.vmi,v21403.VMS,DEMORACER_00,muffin man,100% all complete game all cars all tracks everiting unlocked tenis hunter modes are all open ><><>< jogo comlpeto todos os carros abertos todas as pistas todos os modos extras tenis hunter e mais outros abertos o melhor save para o melhor jogo,yes
Demolition Racer: No Exit,demolitionrace,v29310.vmi,v29310.VMS,DEMORACER_00,DaMuffinMan,All Unlocked =-)All mini games everyting,
Demolition Racer: No Exit,demolitionrace,v24288.vmi,v24288.VMS,DEMORACER_00,evilron,100%!  everything...we played this game to death!,
Demolition Racer: No Exit,demolitionrace,v1918.vmi,v1918.VMS,DEMORACER_00,Stephen Bazemore,"Everything unlocked!!  Every mini game, all tracks, cars, it's all here..  :)",
Demolition Racer: No Exit,demolitionrace,v83825.vmi,v83825.VMS,DEMORACER_00,Cruz_Control,"100% Completed, All cars and tracks unlocked.",
Demolition Racer: No Exit,demolitionrace,v10278.vmi,v10278.VMS,DEMORACER_00,x2k13,97% finished,
Demolition Racer: No Exit,demolitionrace,v39167.vmi,v39167.VMS,DEMORACER_00,Mr.Food,OOh!!It's so good. Everthimg unlocked.,
Demolition Racer: No Exit,demolitionrace,v33584.vmi,v33584.VMS,DEMORACER_00,Adam,50% done with gun game unlocked good for ray,
Demolition Racer: No Exit,demolitionrace,v97306.vmi,v97306.VMS,DEMORACER_00,Adam,100% complete all cars and tracksand hidden modes #1 save.,
Demolition Racer: No Exit,demolitionrace,v91658.vmi,v91658.VMS,DEMORACER_00,norm,Everything unlocked. Dr tennis uncompleted.,
DiGi Charat Fantasy,digichar,DIGICHAR.VMI,DIGICHAR.VMS,DIGICHAR.SYS,,Perfect Save! All Open!,yes
Dino Crisis,dinocrisis,v34274.vmi,v34274.VMS,DINO____.002,ADAM COPPER,completed 3 timesall unlockedsaved at first save romego 2 my webpage---www.gamechallenge.8m.net,
Dino Crisis,dinocrisis,v6784.vmi,v6784.VMS,DINO____.001,hamlet2k2,"beat 5 times...try this download.....its real, no cheats/codes...",
Dino Crisis,dinocrisis,v44434.vmi,v44434.VMS,DINO____.001,THIAGO ASSIS/SP BRASIL,(100%)OPEN JOGO COM 75% DETONADO,
Dino Crisis,dinocrisis,v57518.vmi,v57518.VMS,DINO____.001,Dubkiller,"Grenade gun w/ infinite ammo available.Cleared three times, all three endings completed.Operation Wipeout available. All four costumes available.",yes
Dino Crisis,dinocrisis,v33127.vmi,v33127.VMS,DINO____.001,Arnold Olaes,"Game finish, Gail's way.  Two xtra costumes.",
Dino Crisis,dinocrisis,v86342.vmi,v86342.VMS,DINO____.001,Protasio-BR,THIS IS A SAVE IN THE MIDDLE OF THE GAME . GOOD LUCK!!!(JAPAN VERSION),
Dino Crisis,dinocrisis,v34053.vmi,v34053.VMS,DINO____.002,JUSTIN,BEATEN GAME ONCE; HAS OPERATION WIPEOUT:,
Dino Crisis,dinocrisis,v24016.vmi,v24016.VMS,DINO____.002,Endulgence420,This file will let you finish out the last part of the game so you can see the ending.,
Dino Crisis,dinocrisis,v18718.vmi,v18718.VMS,DINO____.001,Ignacio Lastra,At the end of the game. All you have to do is to find outhow are you going to scape. Try to solve this last challenge.,
Dino Crisis,dinocrisis,DINO1.VMI,DINO1.VMS,DINO____.001,,Perfect Save! All Secret Open!,
Dino Crisis,dinocrisis,DINOCR.VMI,DINOCR.VMS,DINO____.002,,Operation Wipeout unlocked.,
Dinosaur,dinosaur,v42869.vmi,v42869.VMS,DINOSAUR.CEY,nonya,100 percent everything.BET YOU CAN*T BEAT THAT.....................,yes
Dinosaur,dinosaur,v30174.vmi,v30174.VMS,DINOSAUR.CEY,ceyhun,%100 complete,
Disney World Magical Racing Tour,disneymagical,v15203.vmi,v15203.VMS,WDWORLDQ_MRT,ray,"Everything opened. All tracks,hidden characters, over 115% complete.",
Disney World Magical Racing Tour,disneymagical,v80503.vmi,v80503.VMS,WDWORLDQ_MRT,Sweet P,"The whole game is complete, extremly hard times to beat, all characters unlocked, and all tracks unlocked. The Perfect Game Save!",yes
Disney World Magical Racing Tour,disneymagical,v85326.vmi,v85326.VMS,WDWORLDQ_MRT,Kevin Dressel,"This file is right after the fireworks thing has been completed.  As long you dont progress on this file, you may veiw the fireworks as many times as you like!  =)",
Disney World Magical Racing Tour,disneymagical,v35455.vmi,v35455.VMS,WDWORLDQ_MRT,otec,102% is going.,
Disney World Magical Racing Tour,disneymagical,v80612.vmi,v80612.VMS,WDWORLDQ_MRT,jag carlisle,"All three hidden characters, bonus track. Good times on time trials.",
Disney World Magical Racing Tour,disneymagical,v34869.vmi,v34869.VMS,WDWORLDQ_MRT,jag carlisle,"Everything open, bonus track, all characters. At 139%",
Disney World Magical Racing Tour,disneymagical,v53567.vmi,v53567.VMS,WDWORLDQ_MRT,carley john,Everything including extra characters and tracks.,
Donald Duck: Goin' Quackers,donaldduck,v33741.vmi,v33741.VMS,DONALD_Q.DAM,Daniel,100% aberto {Rio de Janeiro},
Donald Duck: Goin' Quackers,donaldduck,v27734.vmi,v27734.VMS,DONALD_Q.NYO,nyo,100% done. Everything unlocked.,
Donald Duck: Goin' Quackers,donaldduck,v41043.vmi,v41043.VMS,DONALD_Q.ONR,omar alahdl,Everthing opened. The game is 100% complete.,
Donald Duck: Goin' Quackers,donaldduck,v89294.vmi,v89294.VMS,DONALD_Q.DUN,Kevin Wagner,Absolutly everthing.,
Donald Duck: Goin' Quackers,donaldduck,v2502.vmi,v2502.VMS,DONALD_Q.JDW,Jeffrey D. Wright,"100% Complete, all costumes, everything.",yes
Donald Duck: Goin' Quackers,donaldduck,v48835.vmi,v48835.VMS,DONALD_Q.HEN,Henry Lee,"100% complete with all costumes.nothing is hacked,it's such an easy game anyway.special thanx to my wife for sharing the passion with me on this game.thanx,Xinyi:)",
Donald Duck: Goin' Quackers,donaldduck,v39306.vmi,v39306.VMS,DONALD_Q.DAN,Dan Mills,100% Complete (Last Outfit Not Unlocked),
Draconus: Cult of the Wyrm,draconus,v2726.vmi,v2726.VMS,DRACONUS.001,SWORD MASTER,Cynric with a middle levelrank=3 offense=3 defense=3,
Draconus: Cult of the Wyrm,draconus,v62188.vmi,v62188.VMS,DRACONUS.001,Darkstar,A little more than halfway through with Cynric. Not Cheat codes used..,
Draconus: Cult of the Wyrm,draconus,v98110.vmi,v98110.VMS,DRACONUS.001,Fig,"well, not very far with cynrc,but i am past the first 4 or so level; he's still very customizible. rank=2  offense=2 defense=1  earth=1   enjoy!",
Draconus: Cult of the Wyrm,draconus,v59123.vmi,v59123.VMS,DRACONUS.001,the destroyer,Last level with superpowerful cynric as conquerer tons of spells.,yes
Draconus: Cult of the Wyrm,draconus,v55336.vmi,v55336.VMS,DRACONUS.001,Dark Angel,You have to play 5 levels for the end of the game.,
Draconus: Cult of the Wyrm,draconus,v86050.vmi,v86050.VMS,DRACONUS.001,Highlander,Last stage with Cynric as Conquerer.He's VERY strong and with adequetly powerful magic.Have fun...,
Draconus: Cult of the Wyrm,draconus,v83380.vmi,v83380.VMS,DRACONUS.001,Tim,Last stage with sorceress. Powerful andcool magic.,
Dragon Riders: Chronicles of Pern,dragon,v68252.vmi,v68252.VMS,DRAGONRIDERS,rodrigo borges,"no final do jogo com tudo completo,so faltou o gold fire lizard egg",yes
Dragon Riders: Chronicles of Pern,dragon,v10984.vmi,v10984.VMS,DRAGONRIDERS,Fieldy,"This save is a little past the half point in the game ended just after receiving the healing skill was acquired, all skills except 1, have most weapons if not all and 2 upgrades on the knife, and 3 fire lizzards",
Dragon Riders: Chronicles of Pern,dragon,v10250.vmi,v10250.VMS,DRAGONRIDERS,Moiba,"Um otimo save, metade do jogo, boneco bem equipado pronto pra ir pro final. Apenas termine. Vc pode fazer isso???",
Dragon Riders: Chronicles of Pern,dragon,v18754.vmi,v18754.VMS,DRAGONRIDERS,bk,at the ista caves,
Dragon Riders: Chronicles of Pern,dragon,v99654.vmi,v99654.VMS,DRAGONRIDERS,Zenmaster,"This save is good if you would like a ""dry run"" to get a feel for the game (and the sometimes questionable camera placement which is greatly overshadoed by the vast world and storyline). This is a ""clean"" save, no cheats.",
Ducati World Racing Challenge,ducati,v12887.vmi,v12887.VMS,DUCATIDW.GAR,jer-uruguay,"Perfect ducati life mode with 750.000 bucksall licenses.in the garage; MH900e,foggy 996,888,ST4 WPand as a special surprise to all ducatifans the EXTREMELY RARE Hailwood TTENJOY...",yes
Ducati World Racing Challenge,ducati,v3342.vmi,v3342.VMS,DUCATIDW.GAR,Daniel,"All the licenses, check thegarage you will find a surprise.",
Ducati World Racing Challenge,ducati,v63358.vmi,v63358.VMS,DUCATIDW.GAR,Shifty Shellshock,"This save has it ALL, all licences, 800,000 in cash all licences with 4 rare bikes in the garage including the foggy 996 and the m900e.",
Ducati World Racing Challenge,ducati,v94629.vmi,v94629.VMS,DUCATIDW.GAR,Abel Stose,"Quick races beat in both difficulty levels.Foggy available in Aeorodome and 250,00 or so cash for ducati life and a 996 and 996R with all the upgrades and a MH900E (very fast) available.",
Ducati World Racing Challenge,ducati,v86688.vmi,v86688.VMS,DUCATIDW.GAR,Jaime Silva,"All quick races finish in bothdificulty settings with the 996Foggy availableAerodome tracksopen and with $50,414 in DucatiLife Mode.(sorry no bikes)",
Ducati World Racing Challenge,ducati,v31160.vmi,v31160.VMS,DUCATIDW.GAR,Guy Roy,All quick races unlocked and manybikes. $25.000 cash in Ducatilife mode. Good save for begin.,
Dynamite Cop,dynamitecop,v38473.vmi,v38473.VMS,D_COP_US.REC,Ollie Tabooger,"The best save, with everything unlocked, including illustrations , characters,  and missions.",
Dynamite Cop,dynamitecop,v65817.vmi,v65817.VMS,D_COP_US.REC,GameLegend,"All 6 missions finished,good bonus game score,and all illustrations found. All characters unlocked.",yes
Dynamite Cop,dynamitecop,v18467.vmi,v18467.VMS,D_COP_PL.REC,Marios,"[ImportCase file, unlocked missions 4,5,6. Completed missions 4,5.R Rare file! (5 blocks) without Detonator pack.",
Dynamite Cop,dynamitecop,v99721.vmi,v99721.VMS,D_COP_US.TRI,Rich Reinblatt,"All levels unlocked, characters found, pictures located, and extra modes cleared, including the insanely hard 100 enemy kitchen brawl which took 5 years off of my life.",
Dynamite Cop,dynamitecop,v99226.vmi,v99226.VMS,D_COP_US.REC,GameLegend,Every mission completed. Cindy & Originial Bruno from Die Hard Arcade unlocked. Super Detenator Pack added as well.NOTE:THERE IS NO MONKEY!!,
Dynamite Cop,dynamitecop,v78278.vmi,v78278.VMS,D_COP_US.REC,Super Scooper,"Perfect save. Combat file with allpictures found and all missions beat including 4,5,& 6. Two secretchars unlocked . I don't think thereis a secret monkey char. Could'nt find it even with mission 6 com-pleted, the most frustrating impossible le",
Dynamite Cop,dynamitecop,v92082.vmi,v92082.VMS,D_COP_US.REC,Joel,"All artwork unlocked, Cindy and alternate Bruno unlocked. Just play through missions 4 to 6 to unlock the monkey.",
Dynamite Cop,dynamitecop,v26274.vmi,v26274.VMS,D_COP_US.REC,Knightmare6,Combat File & Missions 1 & 3 are completed.,
Dynamite Cop,dynamitecop,00000728.vmi,00000728.VMS,D_COP_US.REC,Bruce Hamilton,"Dynamite Cop ""Combat File"" with detonator pack and mission #1 completed.",
Dynamite Cop,dynamitecop,kuaida2.VMI,kuaida2.VMS,DDEKA2DC.REC,,Perfect Save! Everything Unlocked!,
Dynamite Cop,dynamitecop,DET_PACK.VMI,DET_PACK.VMS,D_COP_US.TRI,,Dynamite Cop Detonator Pack.,
Ecco the Dolphin: Defender of the Future,ecco,v55326.vmi,v55326.VMS,ECCODOTF.NWF,Nightwolf,"this save file will take you to right before the great white shark or shortly after, its been awhile since i have played it.",
Ecco the Dolphin: Defender of the Future,ecco,v48991.vmi,v48991.VMS,ECCODOTF.ECO,jefferson,"un poco mas adelante de las minastrituradoras, 4cantos aprendidos y todos los poderes adquiridos hasta el poder del sigilo.",
Ecco the Dolphin: Defender of the Future,ecco,v49387.vmi,v49387.VMS,ECCODOTF.TRP,anthony ponce,This save is about 90% complete.  It has all levels and movies.  Not all vitals.  Has all songs.,
Ecco the Dolphin: Defender of the Future,ecco,v79960.vmi,v79960.VMS,ECCODOTF.MRC,Wolftalon,"Fourth level three songs, andtwo abilities.",
Ecco the Dolphin: Defender of the Future,ecco,v19532.vmi,v19532.VMS,ECCODOTF.HEN,Henry,Perfect Save! All levels beaten. All vitals.,yes
Ecco the Dolphin: Defender of the Future,ecco,v34450.vmi,v34450.VMS,ECCODOTF.JWP,Unknown,"Well, the worlds gone ta hell. These darn dolphin cult things have taken over the world. This file is in the cave of hope (75% through the game)almost all vitals.",
Ecco the Dolphin: Defender of the Future,ecco,v23408.vmi,v23408.VMS,ECCODOTF.RAY,Covenant,Game complete w/ dolphin soccer included everything except some vitalites.,
Ecco the Dolphin: Defender of the Future,ecco,v720.vmi,v720.VMS,ECCODOTF.LLR,Ace,"Finished game. You can start fromany level, or view any movie.",
Ecco the Dolphin: Defender of the Future,ecco,v20964.vmi,v20964.VMS,ECCODOTF.MSC,mikey C,Only last boss to beat.,
Ecco the Dolphin: Defender of the Future,ecco,v36417.vmi,v36417.VMS,ECCODOTF.PUR,purHAZE,"World 8: Atlantis Lost, perfect save so far",
Ecco the Dolphin: Defender of the Future,ecco,v86933.vmi,v86933.VMS,ECCODOTF.PUR,purHAZE,4th world good save,
Ecco the Dolphin: Defender of the Future,ecco,v21143.vmi,v21143.VMS,ECCODOTF.NOT,scott mcclellan,4th level with 5 songs 2 gifs,
Ecco the Dolphin: Defender of the Future,ecco,v45125.vmi,v45125.VMS,ECCODOTF.JUL,Gr8 Muta,finished game with all vitalities,
Ecco the Dolphin: Defender of the Future,ecco,ecco.VMI,ecco.VMS,ECCODOTF.JEF,,Perfect Save,
ECW: Anarchy Rulz,ecwanarchy,v39669.vmi,v39669.VMS,ECWANARC.OPN,christian vargas,"has most secret players unlocked, championship modes unlocked, secret stuff unlocked",yes
ECW: Anarchy Rulz,ecwanarchy,v34644.vmi,v34644.VMS,ECWANARC.WTS,christian vargas,custom wrestlers created for ECW,
ECW: Anarchy Rulz,ecwanarchy,v96747.vmi,v96747.VMS,ECWANARC.CLJ,lee,ecw tv title is open,
ECW: Hardcore Revolution,ecw,v42285.vmi,v42285.VMS,ECWHARDR.WA_,john,play as Y2Jplus 1 of my monsters,
ECW: Hardcore Revolution,ecw,v69549.vmi,v69549.VMS,ECWHARDR.OPN,israel f,all cheats unlockedtodos los trucos destrabados.ame y ray,yes
ECW: Hardcore Revolution,ecw,v89578.vmi,v89578.VMS,ECWHARDR.WWW,Foley Is Good,"Contains CAWS of Mick Foley,Cactus Jack, and Austin (WHAT?)",
ECW: Hardcore Revolution,ecw,v28759.vmi,v28759.VMS,ECWHARDR.WMY,K00L5h0w,"added bret hart, ultimate warrior and kevin nash",
ECW: Hardcore Revolution,ecw,v68275.vmi,v68275.VMS,ECWHARDR.WKA,NiceGuy14B,"""Play as Kane"". I did the best i could 2 make him, just his hair and mask is different.Some of his moves that he does in wwf are the same, and of course his special is the Choke Slam.",
ECW: Hardcore Revolution,ecw,v91811.vmi,v91811.VMS,ECWHARDR.WHG,Mick7,"This is a really cool save.  It contains The Rock, Stone Cold steve Austin, and Mick Foley as himself, not mankind, or any other gimmick.  I worked long and hard to make these look as real as possible.  I even got their moves as accuratly as I",
ECW: Hardcore Revolution,ecw,v56116.vmi,v56116.VMS,ECWHARDR.W00,ROADIE,"HHH, CHRIS BENOIT, PLUS 2 OF MY OWN.CUSTOM MOVES FOR BENOIT. GOOD FILE CHECK IT OUT, HOPE YOU LIKE IT.",
ECW: Hardcore Revolution,ecw,v31883.vmi,v31883.VMS,ECWHARDR.WSC,Matthew Elliott,Play as Stone Cold,
ECW: Hardcore Revolution,ecw,v24352.vmi,v24352.VMS,ECWHARDR.WA_,ZYYBORG,This is the best fighter I ever made.THE_ROCKS moves. He looks awesome!,
ECW: Hardcore Revolution,ecw,v76233.vmi,v76233.VMS,ECWHARDR.WA_,dr evil,The ultimate warrior.,
ECW: Hardcore Revolution,ecw,v20408.vmi,v20408.VMS,ECWHARDR.OPN,Dario Mendoza,Everything unlocked.,
ECW: Hardcore Revolution,ecw,v87666.vmi,v87666.VMS,ECWHARDR.OPN,Keenan Williams,"Every thing unlocked(Forget what the magazines say once your learn the moves this game isbetter than any of thq's games,I love it)",
EGG: Elemental Gimmick Gear,egg,v64848.vmi,v64848.VMS,EGG_DATA.001,Jaady,this save is right before the gates of hellI mean I cant get past this part so if youu can get past let me know and give me the savethanks.,
EGG: Elemental Gimmick Gear,egg,v13863.vmi,v13863.VMS,EGG_DATA.001,Ivan,Detonado com quase todos as capsulas 7 itens de poder so falta derrotar o ultimo mestre.,
EGG: Elemental Gimmick Gear,egg,v38057.vmi,v38057.VMS,EGG_DATA.002,matty420,I Think everything you need close to the last boss!,yes
EGG: Elemental Gimmick Gear,egg,v46355.vmi,v46355.VMS,EGG_DATA.001,putergeke,This is right at the beginning of the game.  I have beat the boy 100 times and got the ultimate weapon.,
EGG: Elemental Gimmick Gear,egg,v30225.vmi,v30225.VMS,EGG_DATA.001,Rafael,Great save! Ready to fight last boss!!! Also included is hidden item ecospin!,
EGG: Elemental Gimmick Gear,egg,00000003.vmi,00000003.VMS,EGG_DATA.001,,JP save! at Last boss!,
EGG: Elemental Gimmick Gear,egg,00000021.vmi,00000021.VMS,EGG_DATA.001,,US save! at Last boss!,
EGG: Elemental Gimmick Gear,egg,eggjp001.VMI,eggjp001.VMS,EGG_DATA.001,,Good save for E.G.G.! (Jap),
Eldorado Gate 1,eldorado1,eldgate1.VMI,eldgate1.VMS,ELDORADO.001,,Last Save! At last Boss!,yes
Eldorado Gate 7,eldorado7,eldgate7.VMI,eldgate7.VMS,ELDORADO.001,,Last Save! At last Boss!,yes
Espion Age Nts,espion,ESPION.VMI,ESPION.VMS,ESPIONAGE000,,Perfect Save! Everything Unlocked!,yes
ESPN International Track and Field,espntrack,v50113.vmi,v50113.VMS,ITANDF_U_000,mark,100m WR-9.15 theres more crraaaazy records DL now!,
ESPN International Track and Field,espntrack,v32768.vmi,v32768.VMS,ITANDF_E_000,"nelson ""BASS PLAYER"" & alejo castillo","todos los world records imbatibles. desde barranquilla, colombia.100 mts....... somos LA VERGA!!!!!",
ESPN International Track and Field,espntrack,v70272.vmi,v70272.VMS,ITANDF_E_000,dickman,Este archivo tiene todas las competencias menos el maldito tiro.,
ESPN International Track and Field,espntrack,v74596.vmi,v74596.VMS,ITANDF_E_000,paulo quintana,"All events unlocked, the best word record, made in PH brazil.",
ESPN International Track and Field,espntrack,v28269.vmi,v28269.VMS,ITANDF_E_000,paulo quintana,"all event unlocked, the best word record, made in PH brazil.",
ESPN International Track and Field,espntrack,v84435.vmi,v84435.VMS,ITANDF_E_000,Bob Gill,All Events Unlocked & Lots Of World Records,
ESPN International Track and Field,espntrack,v80721.vmi,v80721.VMS,ITANDF_U_000,Eddie,all events unlocked.,yes
ESPN International Track and Field,espntrack,ITANDF.VMI,ITANDF.VMS,ITANDF_E_000,,All unlocked. (Euro),
ESPN NBA 2 Night,espnnba,v36243.vmi,v36243.VMS,THENBA2NIGHT,redmantis,Season save with the Toronto Raptors. Perfect record so far and just a few games in an 82 game season.,yes
Evangelion Ayanami Rei,evarei,vmfl_173.VMI,vmfl_173.VMS,AYA_PROJ.SYS,,Money Max & Album All Open,yes
Evangelion Project E,evaproe,type_e01.VMI,type_e01.VMS,EVATYPEE.DAT,,Perfect Save! All Secret Open!,yes
Evil Dead: Hail to the King,evildead,v19528.vmi,v19528.VMS,EVILDEAD.000,NrvsYet,"At the start of the game 999 large med kits,999 hand gun bullets, 999 gas and 999 saves. The 999 helth will make it easy to pass this game :)",
Evil Dead: Hail to the King,evildead,v97286.vmi,v97286.VMS,EVILDEAD.001,Computerman45,Last save point. Come get some! Fight Evil Ash with plenty of health and ammo!,yes
Evil Dead: Hail to the King,evildead,v31957.vmi,v31957.VMS,EVILDEAD.000,Leather Sack,Fight evil ash. Good amount of ammo and health....,
Evil Dead: Hail to the King,evildead,v681.vmi,v681.VMS,EVILDEAD.000,lotox,Defeat evil ash now!!!,
Evil Dead: Hail to the King,evildead,v47853.vmi,v47853.VMS,EVILDEAD.000,jason,"Hell Billy Shack little ammo, no fuel. Granny is defeated. 1 sm.health, 1 lg. health.",
Evil Dead: Hail to the King,evildead,v9578.vmi,v9578.VMS,EVILDEAD.001,Tetro,"Just before the last boss. Lots ofhealth and ammo.Good luck,its ahard fight!",
Evil Dead: Hail to the King,evildead,v41854.vmi,v41854.VMS,EVILDEAD.000,Michael Castellanos,"LEAVING MINE AREA (23 BLOCKS)-Ash's status is 2/3 to 3/4 full health, has handgun fully loaded, boomstick fully loaded, and chainsaw at 3/4 full. Items held and stored in chest are as follows: 3 lg. health, 2 sm. health, saugage links, 26 handg",
Evil Twin,eviltwin,00000024.vmi,00000024.VMS,EVILTWIN.SYS,,Best Save! All Cheats On!,yes
Evolution,evolution,v77140.vmi,v77140.VMS,EVO_DATA.003,cesar,Finished lots of rare items skills complete lvl.99 characters both debts paid 100% comp.,yes
Evolution,evolution,v92335.vmi,v92335.VMS,EVO_DATA.001,nimbus2000,"second time thru the game, everything at 999 I swear.",
Evolution,evolution,v96083.vmi,v96083.VMS,EVO_DATA.001,Johnny 5,"Game completed with 500,000 dollars, level 99 characters, and debt paidoff.",
Evolution,evolution,v30167.vmi,v30167.VMS,EVO_DATA.000,Devin Sewell,"All ruins cleared and initial debt payed off. Characters are in the 80 range, and have a good deal of Green Moss and Apple Grass.",
Evolution,evolution,v8206.vmi,v8206.VMS,EVO_DATA.001,Mr.Perfect,"Last battle with Robo Eugene, Everyone at level 99 Download and destroy everything!",
Evolution,evolution,v74072.vmi,v74072.VMS,EVO_DATA.001,Cfris Murphy,First Ruin done after completion of the game the first time. Plus your debt paid off plus some pretty powerful weapons.,
Evolution,evolution,v49616.vmi,v49616.VMS,EVO_DATA.001,Ninja Panzer,All ruins cleared. All Ruins open.Done with hardwork. Characters arearound lv. 50,
Evolution,evolution,v81894.vmi,v81894.VMS,EVO_DATA.001,Sam,At the final battle with robot eugene.,
Evolution,evolution,v96215.vmi,v96215.VMS,EVO_DATA.002,Lance Starr a.k.a (WeZ),This a hacked saved file this save gives you level 99 and maxed stats and loads of cash this is at the very first of the game your debt has already been payed off and your asignment has been picked.,
Evolution,evolution,v69147.vmi,v69147.VMS,EVO_DATA.001,reggie ferguson,Beginning of game after 1st battle all charachters will be on level 99 with all stats maxed out!,
Evolution,evolution,v47072.vmi,v47072.VMS,EVO_DATA.001,Coolsib,"3rd dungeon, everyone level 55 or higher",
Evolution,evolution,v94887.vmi,v94887.VMS,EVO_DATA.001,Kevin Gibson,"This save is with the game cleared,with everyone at level 55 or higher.Only one more ruin to complete, the Heaven's Ruins!!!",
Evolution,evolution,v99264.vmi,v99264.VMS,EVO_DATA.001,mag,the second dungeon is completed and everyone on level 20 or higher.,
Evolution,evolution,00000606.vmi,00000606.VMS,EVO_DATA.003,Richard Netherlain,100% complete!,
Evolution,evolution,00000011.vmi,00000011.VMS,EVO_DATA.001,,Perfect Save! All Open!,
Evolution,evolution,evolujp.VMI,evolujp.VMS,EVO_DATA.001,,Good save for Evolution! (Jap),
Evolution 2: A Far Off Promise,evolution2,v46154.vmi,v46154.VMS,EVO2_DAT.001,Timothy M. Tatta,this is the first file of mine i ever uploaded. all cyframe parts maxed and dept should be paid off i hope you enjoy it. tell me what you think by emailing me at [email removed],
Evolution 2: A Far Off Promise,evolution2,v90202.vmi,v90202.VMS,EVO2_DAT.002,Roko[Brazilian Team],"If you want start with tons'o cash($9999999), dowload it now!!!",
Evolution 2: A Far Off Promise,evolution2,v24181.vmi,v24181.VMS,EVO2_DAT.002,ray,"Beat the game twice, debt paid off mag,pepper,and gre at level 99 chain and carcano both under level 50. 952,519 dollars and 111 appraisal items (55 %) found.",
Evolution 2: A Far Off Promise,evolution2,v43489.vmi,v43489.VMS,EVO2_DAT.001,YUN 2 THE SUPER STAR OF SHENMUE,Este archivo esta the new adventure pruebalo  si quieres mas reto.,
Evolution 2: A Far Off Promise,evolution2,v68067.vmi,v68067.VMS,EVO2_DAT.002,jimmy WALKER,At the end after beating the game twice MAX & Pepper LV 99,
Evolution 2: A Far Off Promise,evolution2,v38455.vmi,v38455.VMS,EVO2_DAT.001,macross maclin,Almost at the end of the game. Try it you might like it.,
Evolution 2: A Far Off Promise,evolution2,v97753.vmi,v97753.VMS,EVO2_DAT.005,e7valencia,On to new adventure. (after beating game the 1st time),
Evolution 2: A Far Off Promise,evolution2,v26039.vmi,v26039.VMS,EVO2_DAT.001,ACID666,Last boss almost maxed out will update,
Evolution 2: A Far Off Promise,evolution2,v40993.vmi,v40993.VMS,EVO2_DAT.002,James Taylor,Close to the end of evolution 2,
Evolution 2: A Far Off Promise,evolution2,v16778.vmi,v16778.VMS,EVO2_DAT.001,ACID666,so close to the end i can feel it,
Evolution 2: A Far Off Promise,evolution2,v52518.vmi,v52518.VMS,EVO2_DAT.001,Adam Fthorn,Finished,
Evolution 2: A Far Off Promise,evolution2,00000012.vmi,00000012.VMS,EVO2_DAT.001,,Perfect Save! All Open!,yes
Evolution 2: A Far Off Promise,evolution2,evo29999.VMI,evo29999.VMS,EVO2_DAT.005,,Good Evolution 2 save! All at 99,
Evolution 2: A Far Off Promise,evolution2,v47913.vmi,v47913.VMS,EVO2_DAT.002,,EVO SEARCH FROM THE EDEM FINAL FORMA HUMANA!!!!!,
Expendable,expendable,v68167.vmi,v68167.VMS,EXPENDAB.CFG,dl,THIS IS A SAVE AT THE 4th OR Solevel,
Expendable,expendable,v91860.vmi,v91860.VMS,EXPENDAB.001,Drew Dees,"This will start you out at Level 21, the last level of the game. You'll be going against the final boss in the game as soon as you enter the level so get ready for a good fight.",yes
Expendable,expendable,v84324.vmi,v84324.VMS,EXPENDAB.001,Nelson Algarin.PUERTO RICO,LAST LEVEL PLUS SUPER POWER ITEM,
Expendable,expendable,00000011.vmi,00000011.VMS,EXPENDAB.001,Garrett Wilke,This is a game save up to level 5 in the game.,
F1 World Grand Prix,f1worldprix,v75648.vmi,v75648.VMS,F1WGP4DC2CH0,jefferson,5 races remaining for the end of championshipand of course 1 in drivers and constructors championship,
F1 World Grand Prix,f1worldprix,v97839.vmi,v97839.VMS,F1WGP4DC_CH0,serge,nivel 11,yes
F1 World Grand Prix,f1worldprix,v6277.vmi,v6277.VMS,F1WGP4DC_CH0,Raul Asenjo (Argentina),"This save has the Williams driver with 36 points in the Canadian Grand Prix, I upload this save because is the only save in the F1 World Grand Prix index.",
F355 Challenge,f355challenge,v37728.vmi,v37728.VMS,F355DATA.SEP,Leonardo F. Portella,TUDO LIBERADO!!!! TE AMO BIA!!!,
F355 Challenge,f355challenge,v59007.vmi,v59007.VMS,F355DATA.LNG,THOMAS WONG,[Japanese] All tracks available.,yes
F355 Challenge,f355challenge,v63581.vmi,v63581.VMS,F355DATA.SEP,David Pietras,[US] All tracks + good Monza setup,
F355 Challenge,f355challenge,v49123.vmi,v49123.VMS,F355DATA.PLY,Gr8 Muta,Every tracks except the last one.You must download both files.,
F355 Challenge,f355challenge,v78899.vmi,v78899.VMS,F355DATA.SYS,Gr8 Muta,Every tracks except the last one.You must download both files.,
F355 Challenge,f355challenge,f355_1.VMI,f355_1.VMS,F355DATA.PLY,,Perfect Save!(Please Download both files),
F355 Challenge,f355challenge,f355_2.VMI,f355_2.VMS,F355DATA.SYS,,Perfect Save!(Please Download both files),
Fighting Force 2,fightforce2,v3810.vmi,v3810.VMS,F_FORCE2.000,main event,Level 3 with 4 saves,
Fighting Force 2,fightforce2,v94821.vmi,v94821.VMS,F_FORCE2.000,Charles Lofton,Level 8 after the polar base 1 continue,yes
Fighting Force 2,fightforce2,v57411.vmi,v57411.VMS,F_FORCE2.000,Humangamegenie,Start at the Polar Base with 5 continues and about 2000 pts. from another continue.,
Fighting Force 2,fightforce2,v72061.vmi,v72061.VMS,F_FORCE2.000,petesinois,First level beaten with 4 continues.,
Fire Pro Wrestling D,fireprowd,SYS.VMI,SYS.VMS,FIREPROD.SYS,,System File - All Wrestlers,yes
Fire Pro Wrestling D,fireprowd,REN.VMI,REN.VMS,FIREPROD.REN,,Rename File,
Fire Pro Wrestling D,fireprowd,W00.VMI,W00.VMS,FIREPROD.W00,,Blazing Tornado Suplex,
Fire Pro Wrestling D,fireprowd,E00.VMI,E00.VMS,FIREPROD.W00,,Blazing Tornado Suplex (English renamed move),
Fire Pro Wrestling D,fireprowd,W01.VMI,W01.VMS,FIREPROD.W01,,Eiffel De Parachute,
Fire Pro Wrestling D,fireprowd,E01.VMI,E01.VMS,FIREPROD.W01,,Eiffel De Parachute (English renamed move),
Fire Pro Wrestling D,fireprowd,W02.VMI,W02.VMS,FIREPROD.W02,,Deadly Go Round,
Fire Pro Wrestling D,fireprowd,E02.VMI,E02.VMS,FIREPROD.W02,,Deadly Go Round (English renamed move),
Fire Pro Wrestling D,fireprowd,W03.VMI,W03.VMS,FIREPROD.W03,,Super Muscle Buster,
Fire Pro Wrestling D,fireprowd,E03.VMI,E03.VMS,FIREPROD.W03,,Super Muscle Buster (English renamed move),
Fire Pro Wrestling D,fireprowd,W04.VMI,W04.VMS,FIREPROD.W04,,Sea Fire (Shiranui),
Fire Pro Wrestling D,fireprowd,E04.VMI,E04.VMS,FIREPROD.W04,,Sea Fire (Shiranui) (English renamed move),
Fire Pro Wrestling D,fireprowd,W05.VMI,W05.VMS,FIREPROD.W05,,Shining Wizard,
Fire Pro Wrestling D,fireprowd,E05.VMI,E05.VMS,FIREPROD.W05,,Shining Wizard (English renamed move),
Fire Pro Wrestling D,fireprowd,W06.VMI,W06.VMS,FIREPROD.W06,,The Worm,
Fire Pro Wrestling D,fireprowd,E06.VMI,E06.VMS,FIREPROD.W06,,The Worm (English renamed move),
Fire Pro Wrestling D,fireprowd,W07.VMI,W07.VMS,FIREPROD.W07,,Front Neck Lock,
Fire Pro Wrestling D,fireprowd,E07.VMI,E07.VMS,FIREPROD.W07,,Front Neck Lock (English renamed move),
Fire Pro Wrestling D,fireprowd,W08.VMI,W08.VMS,FIREPROD.W08,,Buffalo Sleeper,
Fire Pro Wrestling D,fireprowd,E08.VMI,E08.VMS,FIREPROD.W08,,Buffalo Sleeper (English renamed move),
Fire Pro Wrestling D,fireprowd,W09.VMI,W09.VMS,FIREPROD.W09,,Last Ride,
Fire Pro Wrestling D,fireprowd,E09.VMI,E09.VMS,FIREPROD.W09,,Last Ride (English renamed move),
Fire Pro Wrestling D,fireprowd,W10.VMI,W10.VMS,FIREPROD.W10,,Kanemoto's 6 Strike,
Fire Pro Wrestling D,fireprowd,E10.VMI,E10.VMS,FIREPROD.W10,,Kanemoto's 6 Strike (English renamed move),
Fire Pro Wrestling D,fireprowd,W11.VMI,W11.VMS,FIREPROD.W11,,Strike 3,
Fire Pro Wrestling D,fireprowd,E11.VMI,E11.VMS,FIREPROD.W11,,Strike 3 (English renamed move),
Fire Pro Wrestling D,fireprowd,W12.VMI,W12.VMS,FIREPROD.W12,,Brazilian Kick Rush,
Fire Pro Wrestling D,fireprowd,E12.VMI,E12.VMS,FIREPROD.W12,,Brazilian Kick Rush (English renamed move),
Fire Pro Wrestling D,fireprowd,W13.VMI,W13.VMS,FIREPROD.W13,,Ruby Frosion,
Fire Pro Wrestling D,fireprowd,E13.VMI,E13.VMS,FIREPROD.W13,,Ruby Frosion (English renamed move),
Fire Pro Wrestling D,fireprowd,W14.VMI,W14.VMS,FIREPROD.W14,,Phoenix Kick,
Fire Pro Wrestling D,fireprowd,E14.VMI,E14.VMS,FIREPROD.W14,,Phoenix Kick (English renamed move),
Fire Pro Wrestling D,fireprowd,W15.VMI,W15.VMS,FIREPROD.W15,,Londart Kangaroo Kick,
Fire Pro Wrestling D,fireprowd,E15.VMI,E15.VMS,FIREPROD.W15,,Londart Kangaroo Kick (English renamed move),
Fire Pro Wrestling D,fireprowd,W16.VMI,W16.VMS,FIREPROD.W16,,Side German Suplex,
Fire Pro Wrestling D,fireprowd,E16.VMI,E16.VMS,FIREPROD.W16,,Side German Suplex (English renamed move),
Fire Pro Wrestling D,fireprowd,W17.VMI,W17.VMS,FIREPROD.W17,,High Speed Dragon Screw,
Fire Pro Wrestling D,fireprowd,E17.VMI,E17.VMS,FIREPROD.W17,,High Speed Dragon Screw (English renamed move),
Fire Pro Wrestling D,fireprowd,W18.VMI,W18.VMS,FIREPROD.W18,,Turbo Drop,
Fire Pro Wrestling D,fireprowd,E18.VMI,E18.VMS,FIREPROD.W18,,Turbo Drop (English renamed move),
Fire Pro Wrestling D,fireprowd,W19.VMI,W19.VMS,FIREPROD.W19,,Sweet Chin Music,
Fire Pro Wrestling D,fireprowd,E19.VMI,E19.VMS,FIREPROD.W19,,Sweet Chin Music (English renamed move),
Fire Pro Wrestling D,fireprowd,W20.VMI,W20.VMS,FIREPROD.W20,,Amaze Impact,
Fire Pro Wrestling D,fireprowd,E20.VMI,E20.VMS,FIREPROD.W20,,Amaze Impact (English renamed move),
Fire Pro Wrestling D,fireprowd,W21.VMI,W21.VMS,FIREPROD.W21,,Repeated Knees to Head,
Fire Pro Wrestling D,fireprowd,E21.VMI,E21.VMS,FIREPROD.W21,,Repeated Knees to Head (English renamed move),
Fire Pro Wrestling D,fireprowd,W22.VMI,W22.VMS,FIREPROD.W22,,Cobra Hold,
Fire Pro Wrestling D,fireprowd,E22.VMI,E22.VMS,FIREPROD.W22,,Cobra Hold (English renamed move),
Fire Pro Wrestling D,fireprowd,W23.VMI,W23.VMS,FIREPROD.W23,,Triple Moonsault,
Fire Pro Wrestling D,fireprowd,E23.VMI,E23.VMS,FIREPROD.W23,,Triple Moonsault (English renamed move),
Fire Pro Wrestling D,fireprowd,W24.VMI,W24.VMS,FIREPROD.W24,,Cattle Mutilation,
Fire Pro Wrestling D,fireprowd,E24.VMI,E24.VMS,FIREPROD.W24,,Cattle Mutilation (English renamed move),
Fire Pro Wrestling D,fireprowd,W25.VMI,W25.VMS,FIREPROD.W25,,Top Rope Tiger Driver,
Fire Pro Wrestling D,fireprowd,E25.VMI,E25.VMS,FIREPROD.W25,,Top Rope Tiger Driver (English renamed move),
Fire Pro Wrestling D,fireprowd,W26.VMI,W26.VMS,FIREPROD.W26,,Leg Sweep using arm,
Fire Pro Wrestling D,fireprowd,E26.VMI,E26.VMS,FIREPROD.W26,,Leg Sweep using arm (English renamed move),
Fire Pro Wrestling D,fireprowd,W27.VMI,W27.VMS,FIREPROD.W27,,Blazing Chop,
Fire Pro Wrestling D,fireprowd,E27.VMI,E27.VMS,FIREPROD.W27,,Blazing Chop (English renamed move),
Fire Pro Wrestling D,fireprowd,W28.VMI,W28.VMS,FIREPROD.W28,,Front Headlock Takedown,
Fire Pro Wrestling D,fireprowd,E28.VMI,E28.VMS,FIREPROD.W28,,Front Headlock Takedown (English renamed move),
Fire Pro Wrestling D,fireprowd,W29.VMI,W29.VMS,FIREPROD.W29,,Running Shining Wizard,
Fire Pro Wrestling D,fireprowd,E29.VMI,E29.VMS,FIREPROD.W29,,Running Shining Wizard (English renamed move),
Fire Pro Wrestling D,fireprowd,W30.VMI,W30.VMS,FIREPROD.W30,,Anklelock,
Fire Pro Wrestling D,fireprowd,E30.VMI,E30.VMS,FIREPROD.W30,,Anklelock (English renamed move),
Fire Pro Wrestling D,fireprowd,W31.VMI,W31.VMS,FIREPROD.W31,,Minoru Special 2,
Fire Pro Wrestling D,fireprowd,E31.VMI,E31.VMS,FIREPROD.W31,,Minoru Special 2 (English renamed move),
Fire Pro Wrestling D,fireprowd,W32.VMI,W32.VMS,FIREPROD.W32,,Dead End,
Fire Pro Wrestling D,fireprowd,E32.VMI,E32.VMS,FIREPROD.W32,,Dead End (English renamed move),
Fire Pro Wrestling D,fireprowd,W33.VMI,W33.VMS,FIREPROD.W33,,Complete Shot AKA Flatliner,
Fire Pro Wrestling D,fireprowd,E33.VMI,E33.VMS,FIREPROD.W33,,Complete Shot AKA Flatliner (English renamed move),
Fire Pro Wrestling D,fireprowd,W34.VMI,W34.VMS,FIREPROD.W34,,Electric Chair Drop,
Fire Pro Wrestling D,fireprowd,E34.VMI,E34.VMS,FIREPROD.W34,,Electric Chair Drop (English renamed move),
Fire Pro Wrestling D,fireprowd,W35.VMI,W35.VMS,FIREPROD.W35,,Final Answer,
Fire Pro Wrestling D,fireprowd,E35.VMI,E35.VMS,FIREPROD.W35,,Final Answer (English renamed move),
Fire Pro Wrestling D,fireprowd,W36.VMI,W36.VMS,FIREPROD.W36,,Reverse Waterwheel Drop,
Fire Pro Wrestling D,fireprowd,E36.VMI,E36.VMS,FIREPROD.W36,,Reverse Waterwheel Drop (English renamed move),
Fire Pro Wrestling D,fireprowd,W37.VMI,W37.VMS,FIREPROD.W37,,Cycling Yahoo,
Fire Pro Wrestling D,fireprowd,E37.VMI,E37.VMS,FIREPROD.W37,,Cycling Yahoo (English renamed move),
Fire Pro Wrestling D,fireprowd,W38.VMI,W38.VMS,FIREPROD.W38,,Skyhigh Chokeslam,
Fire Pro Wrestling D,fireprowd,E38.VMI,E38.VMS,FIREPROD.W38,,Skyhigh Chokeslam (English renamed move),
Fire Pro Wrestling D,fireprowd,W39.VMI,W39.VMS,FIREPROD.W39,,Shining Black,
Fire Pro Wrestling D,fireprowd,E39.VMI,E39.VMS,FIREPROD.W39,,Shining Black (English renamed move),
Fire Pro Wrestling D,fireprowd,W40.VMI,W40.VMS,FIREPROD.W40,,Twist of Fate,
Fire Pro Wrestling D,fireprowd,E40.VMI,E40.VMS,FIREPROD.W40,,Twist of Fate (English renamed move),
Fire Pro Wrestling D,fireprowd,W41.VMI,W41.VMS,FIREPROD.W41,,Shubain,
Fire Pro Wrestling D,fireprowd,E41.VMI,E41.VMS,FIREPROD.W41,,Shubain (English renamed move),
Fire Pro Wrestling D,fireprowd,W42.VMI,W42.VMS,FIREPROD.W42,,Kea Rush,
Fire Pro Wrestling D,fireprowd,E42.VMI,E42.VMS,FIREPROD.W42,,Kea Rush (English renamed move),
Fire Pro Wrestling D,fireprowd,W43.VMI,W43.VMS,FIREPROD.W43,,Scissor Kick,
Fire Pro Wrestling D,fireprowd,E43.VMI,E43.VMS,FIREPROD.W43,,Scissor Kick (English renamed move),
Fire Pro Wrestling D,fireprowd,W44.VMI,W44.VMS,FIREPROD.W44,,Hyper Knee Kuga,
Fire Pro Wrestling D,fireprowd,E44.VMI,E44.VMS,FIREPROD.W44,,Hyper Knee Kuga (English renamed move),
Fire Pro Wrestling D,fireprowd,W45.VMI,W45.VMS,FIREPROD.W45,,Armbar/head Scissors,
Fire Pro Wrestling D,fireprowd,E45.VMI,E45.VMS,FIREPROD.W45,,Armbar/head Scissors (English renamed move),
Fire Pro Wrestling D,fireprowd,W46.VMI,W46.VMS,FIREPROD.W46,,Mounted Diving Knee Strikes,
Fire Pro Wrestling D,fireprowd,E46.VMI,E46.VMS,FIREPROD.W46,,Mounted Diving Knee Strikes (English renamed move),
Fire Pro Wrestling D,fireprowd,W47.VMI,W47.VMS,FIREPROD.W47,,Total Elimination,
Fire Pro Wrestling D,fireprowd,E47.VMI,E47.VMS,FIREPROD.W47,,Total Elimination (English renamed move),
Fire Pro Wrestling D,fireprowd,W48.VMI,W48.VMS,FIREPROD.W48,,Stretch Muffler,
Fire Pro Wrestling D,fireprowd,E48.VMI,E48.VMS,FIREPROD.W48,,Stretch Muffler (English renamed move),
Fire Pro Wrestling D,fireprowd,W49.VMI,W49.VMS,FIREPROD.W49,,Yokosuka Cutter,
Fire Pro Wrestling D,fireprowd,E49.VMI,E49.VMS,FIREPROD.W49,,Yokosuka Cutter (English renamed move),
Fire Pro Wrestling D,fireprowd,W50.VMI,W50.VMS,FIREPROD.W50,,Koji MAX Hold,
Fire Pro Wrestling D,fireprowd,E50.VMI,E50.VMS,FIREPROD.W50,,Koji MAX Hold (English renamed move),
Fire Pro Wrestling D,fireprowd,W51.VMI,W51.VMS,FIREPROD.W51,,Giant Press,
Fire Pro Wrestling D,fireprowd,E51.VMI,E51.VMS,FIREPROD.W51,,Giant Press (English renamed move),
Fire Pro Wrestling D,fireprowd,W52.VMI,W52.VMS,FIREPROD.W52,,Crazy Cyclone,
Fire Pro Wrestling D,fireprowd,E52.VMI,E52.VMS,FIREPROD.W52,,Crazy Cyclone (English renamed move),
Fire Pro Wrestling D,fireprowd,W53.VMI,W53.VMS,FIREPROD.W53,,Tarantula,
Fire Pro Wrestling D,fireprowd,E53.VMI,E53.VMS,FIREPROD.W53,,Tarantula (English renamed move),
Fire Pro Wrestling D,fireprowd,W54.VMI,W54.VMS,FIREPROD.W54,,Banana Spread,
Fire Pro Wrestling D,fireprowd,E54.VMI,E54.VMS,FIREPROD.W54,,Banana Spread (English renamed move),
Fire Pro Wrestling D,fireprowd,W55.VMI,W55.VMS,FIREPROD.W55,,Golden Left,
Fire Pro Wrestling D,fireprowd,E55.VMI,E55.VMS,FIREPROD.W55,,Golden Left (English renamed move),
Fire Pro Wrestling D,fireprowd,W56.VMI,W56.VMS,FIREPROD.W56,,Moonsault Foot Stomp,
Fire Pro Wrestling D,fireprowd,E56.VMI,E56.VMS,FIREPROD.W56,,Moonsault Foot Stomp (English renamed move),
Fire Pro Wrestling D,fireprowd,SPIKE1_4.VMI,SPIKE1_4.VMS,FIREPROD.E04,,Spike Edit Pack #1,
Fire Pro Wrestling D,fireprowd,SPIKE2_4.VMI,SPIKE2_4.VMS,FIREPROD.E04,,Spike Edit Pack #2,
Fire Pro Wrestling D,fireprowd,SPIKE3_3.VMI,SPIKE3_3.VMS,FIREPROD.E03,,Spike Edit Pack #3,
Fire Pro Wrestling D,fireprowd,SPIKE4.VMI,SPIKE4.VMS,FIREPROD.E04,,Spike Edit Pack #4,
Fire Pro Wrestling D,fireprowd,SPIKE5.VMI,SPIKE5.VMS,FIREPROD.E04,,Spike Edit Pack #5,
Fire Pro Wrestling D,fireprowd,SPIKE6.VMI,SPIKE6.VMS,FIREPROD.E04,,Spike Edit Pack #6,
Fire Pro Wrestling D,fireprowd,SPIKE7.VMI,SPIKE7.VMS,FIREPROD.E04,,Spike Edit Pack #7,
Fire Pro Wrestling D,fireprowd,SPIKE8.VMI,SPIKE8.VMS,FIREPROD.E04,,Spike Edit Pack #8,
Fire Pro Wrestling D,fireprowd,SPIKE_9.VMI,SPIKE_9.VMS,FIREPROD.E04,,Spike Edit Pack #9,
Fire Pro Wrestling D,fireprowd,SPIKE10.VMI,SPIKE10.VMS,FIREPROD.E04,,Spike Edit Pack #10,
Fire Pro Wrestling D,fireprowd,SPIKE_11.VMI,SPIKE_11.VMS,FIREPROD.E04,,Spike Edit Pack #11,
Fire Pro Wrestling D,fireprowd,SPIKE_12.VMI,SPIKE_12.VMS,FIREPROD.E04,,Spike Edit Pack #12,
Fire Pro Wrestling D,fireprowd,SPIKE13.VMI,SPIKE13.VMS,FIREPROD.E04,,Spike Edit Pack #13,
Fire Pro Wrestling D,fireprowd,WCW_WWF.VMI,WCW_WWF.VMS,FIREPROD.E01,,WCW & WWF Default Wrestlers,
Fire Pro Wrestling D,fireprowd,KINCHAN.VMI,KINCHAN.VMS,FIREPROD.E03,,Edit Pack,
Fire Pro Wrestling D,fireprowd,WWF_KC.VMI,WWF_KC.VMS,FIREPROD.E03,,WWF Edit,
Fire Pro Wrestling D,fireprowd,DMAN_1.VMI,DMAN_1.VMS,FIREPROD.E03,,Edit Pack,
Fire Pro Wrestling D,fireprowd,INVASION.VMI,INVASION.VMS,FIREPROD.E02,,Invasion Pack,
Fire Pro Wrestling D,fireprowd,SSLAME02.VMI,SSLAME02.VMS,FIREPROD.E02,,SummerSlam 2001 Pack,
Fire Pro Wrestling D,fireprowd,SLIPK_1.VMI,SLIPK_1.VMS,FIREPROD.E04,,Edit Pack,
Fire Pro Wrestling D,fireprowd,DEADM_1.VMI,DEADM_1.VMS,FIREPROD.E04,,Edit Pack,
Fire Pro Wrestling D,fireprowd,DEADM_2.VMI,DEADM_2.VMS,FIREPROD.E03,,Edit Pack,
Fire Pro Wrestling D,fireprowd,DEADM_3.VMI,DEADM_3.VMS,FIREPROD.E01,,Edit Pack,
Fire Pro Wrestling D,fireprowd,MRD_1.VMI,MRD_1.VMS,FIREPROD.E04,,Edit Pack,
Fire Pro Wrestling D,fireprowd,BSTRID_1.VMI,BSTRID_1.VMS,FIREPROD.E04,,Edit Pack,
Fire Pro Wrestling D,fireprowd,BSTRID_2.VMI,BSTRID_2.VMS,FIREPROD.E03,,Edit Pack,
Fire Pro Wrestling D,fireprowd,BSTRID3.VMI,BSTRID3.VMS,FIREPROD.E04,,Edit Pack,
Fire Pro Wrestling D,fireprowd,BSTRID_4.VMI,BSTRID_4.VMS,FIREPROD.E04,,Edit Pack,
Fire Pro Wrestling D,fireprowd,BSTRID_5.VMI,BSTRID_5.VMS,FIREPROD.E02,,Edit Pack,
Fire Pro Wrestling D,fireprowd,GOKU_1.VMI,GOKU_1.VMS,FIREPROD.E04,,Edit Pack,
Fire Pro Wrestling D,fireprowd,SLOPPY_1.VMI,SLOPPY_1.VMS,FIREPROD.E03,,Edit Pack,
Fire Pro Wrestling D,fireprowd,KENGO.VMI,KENGO.VMS,FIREPROD.E04,,Edit Pack,
Fire Pro Wrestling D,fireprowd,ALBERT1.VMI,ALBERT1.VMS,FIREPROD.E04,,Edit Pack,
Fire Pro Wrestling D,fireprowd,ONE51_01.VMI,ONE51_01.VMS,FIREPROD.E03,,Edit Pack,
Fire Pro Wrestling D,fireprowd,JFREE_01.VMI,JFREE_01.VMS,FIREPROD.E04,,Edit Pack,
Fire Pro Wrestling D,fireprowd,KREDITS.VMI,KREDITS.VMS,FIREPROD.E04,,Edit Pack,
Fire Pro Wrestling D,fireprowd,GSWFLOGO.VMI,GSWFLOGO.VMS,FIREPROD.P03,,GSWF Ring Logo,
Fire Pro Wrestling D,fireprowd,WCWLOGO.VMI,WCWLOGO.VMS,FIREPROD.P05,,New WCW Logo,
Fire Pro Wrestling D,fireprowd,FPCLOGO.VMI,FPCLOGO.VMS,FIREPROD.P01,,Fire Pro Club Logo,
Fire Pro Wrestling D,fireprowd,ECWPRPLE.VMI,ECWPRPLE.VMS,FIREPROD.P01,,Purple ECW Logo,
Fire Pro Wrestling D,fireprowd,GOLDEN.VMI,GOLDEN.VMS,FIREPROD.P04,,Spike's Golden Logo,
Fire Pro Wrestling D,fireprowd,WWFLOGO.VMI,WWFLOGO.VMS,FIREPROD.P04,,WWF Logo,
Fire Pro Wrestling D,fireprowd,ALLIANCE.VMI,ALLIANCE.VMS,FIREPROD.P05,,Alliance Logo,
Fire Pro Wrestling D,fireprowd,SDOWNNEW.VMI,SDOWNNEW.VMS,FIREPROD.P04,,New Smackdown Logo,
Fire Pro Wrestling D,fireprowd,ICP.VMI,ICP.VMS,FIREPROD.P02,,ICP JCW Hatchetman Logo,
Fire Pro Wrestling D,fireprowd,CZW.VMI,CZW.VMS,FIREPROD.P02,,Combat Zone Wrestling Logo,
Fire Pro Wrestling D,fireprowd,HMWA.VMI,HMWA.VMS,FIREPROD.P01,,HMWA efed Logo,
Fire Pro Wrestling D,fireprowd,CYD_NWO.VMI,CYD_NWO.VMS,FIREPROD.P02,,nWo Logo,
Fire Pro Wrestling D,fireprowd,MECW.VMI,MECW.VMS,FIREPROD.P01,,MECW Logo,
Fire Pro Wrestling D,fireprowd,CYDPRIDE.VMI,CYDPRIDE.VMS,FIREPROD.P03,,Pride Logo,
Fire Pro Wrestling D,fireprowd,NEWRAW.VMI,NEWRAW.VMS,FIREPROD.P05,,New Raw Logo,
Fire Pro Wrestling D,fireprowd,UFCLOGO.VMI,UFCLOGO.VMS,FIREPROD.P01,,UFC Logo,
Fire Pro Wrestling D,fireprowd,NWO.VMI,NWO.VMS,FIREPROD.P04,,nWo Logo,
Fire Pro Wrestling D,fireprowd,W57.VMI,W57.VMS,FIREPROD.W57,,Large Revolution DDT,
Fire Pro Wrestling D,fireprowd,W57E.VMI,W57E.VMS,FIREPROD.W57,,Large Revolution DDT (English renamed move),
Fire Pro Wrestling D,fireprowd,W58.VMI,W58.VMS,FIREPROD.W58,,Rear Neckbreaker Drop,
Fire Pro Wrestling D,fireprowd,W58E.VMI,W58E.VMS,FIREPROD.W58,,Rear Neckbreaker Drop (English renamed move),
Fire Pro Wrestling D,fireprowd,W59.VMI,W59.VMS,FIREPROD.W59,,Vital Spot Kick,
Fire Pro Wrestling D,fireprowd,W59E.VMI,W59E.VMS,FIREPROD.W59,,Vital Spot Kick (English renamed move),
Fire Pro Wrestling D,fireprowd,W60.VMI,W60.VMS,FIREPROD.W60,,Rear Falling Style Facebuster,
Fire Pro Wrestling D,fireprowd,W60E.VMI,W60E.VMS,FIREPROD.W60,,Rear Falling Style Facebuster (English renamed move),
Fire Pro Wrestling D,fireprowd,W61.VMI,W61.VMS,FIREPROD.W61,,Figure Four Headscissors,
Fire Pro Wrestling D,fireprowd,W61E.VMI,W61E.VMS,FIREPROD.W61,,Figure Four Headscissors (English renamed move),
Fire Pro Wrestling D,fireprowd,W62.VMI,W62.VMS,FIREPROD.W62,,Turning Dance,
Fire Pro Wrestling D,fireprowd,W62E.VMI,W62E.VMS,FIREPROD.W62,,Turning Dance (English renamed move),
Fire Pro Wrestling D,fireprowd,W63.VMI,W63.VMS,FIREPROD.W63,,Stabbing Knee Kick Rush,
Fire Pro Wrestling D,fireprowd,W63E.VMI,W63E.VMS,FIREPROD.W63,,Stabbing Knee Kick Rush (English renamed move),
Fire Pro Wrestling D,fireprowd,W64.VMI,W64.VMS,FIREPROD.W64,,Skewer Spear,
Fire Pro Wrestling D,fireprowd,W64E.VMI,W64E.VMS,FIREPROD.W64,,Skewer Spear (English renamed move),
Fire Pro Wrestling D,fireprowd,W65.VMI,W65.VMS,FIREPROD.W65,,Elbow Pat,
Fire Pro Wrestling D,fireprowd,W65E.VMI,W65E.VMS,FIREPROD.W65,,Elbow Pat (English renamed move),
Fire Pro Wrestling D,fireprowd,W66.VMI,W66.VMS,FIREPROD.W66,,Rear Knee Tackle,
Fire Pro Wrestling D,fireprowd,W66E.VMI,W66E.VMS,FIREPROD.W66,,Rear Knee Tackle (English renamed move),
Fire Pro Wrestling D,fireprowd,W67.VMI,W67.VMS,FIREPROD.W67,,Triangle Lancer,
Fire Pro Wrestling D,fireprowd,W67E.VMI,W67E.VMS,FIREPROD.W67,,Triangle Lancer (English renamed move),
Fire Pro Wrestling D,fireprowd,W68.VMI,W68.VMS,FIREPROD.W68,,Low Dropkick to Face,
Fire Pro Wrestling D,fireprowd,W68E.VMI,W68E.VMS,FIREPROD.W68,,Low Dropkick to Face (English renamed move),
Fire Pro Wrestling D,fireprowd,W69.VMI,W69.VMS,FIREPROD.W69,,Standing Pin,
Fire Pro Wrestling D,fireprowd,W69E.VMI,W69E.VMS,FIREPROD.W69,,Standing Pin (English renamed move),
Fire Pro Wrestling D,fireprowd,W70.VMI,W70.VMS,FIREPROD.W70,,Armwrench Hook Kick,
Fire Pro Wrestling D,fireprowd,W70E.VMI,W70E.VMS,FIREPROD.W70,,Armwrench Hook Kick (English renamed move),
Fire Pro Wrestling D,fireprowd,W71.VMI,W71.VMS,FIREPROD.W71,,Point To Self Guts Pose,
Fire Pro Wrestling D,fireprowd,W71E.VMI,W71E.VMS,FIREPROD.W71,,Point To Self Guts Pose (English renamed move),
Fire Pro Wrestling D,fireprowd,W72.VMI,W72.VMS,FIREPROD.W72,,Rope Burn,
Fire Pro Wrestling D,fireprowd,W72E.VMI,W72E.VMS,FIREPROD.W72,,Rope Burn (English renamed move),
Fire Pro Wrestling D,fireprowd,W73.VMI,W73.VMS,FIREPROD.W73,,STO/Legsweep,
Fire Pro Wrestling D,fireprowd,W73E.VMI,W73E.VMS,FIREPROD.W73,,STO/Legsweep (English renamed move),
Fire Pro Wrestling D,fireprowd,W74.VMI,W74.VMS,FIREPROD.W74,,Elbow Leglock,
Fire Pro Wrestling D,fireprowd,W74E.VMI,W74E.VMS,FIREPROD.W74,,Elbow Leglock (English renamed move),
Fire Pro Wrestling D,fireprowd,W75.VMI,W75.VMS,FIREPROD.W75,,Turnbuckle Smash,
Fire Pro Wrestling D,fireprowd,W75E.VMI,W75E.VMS,FIREPROD.W75,,Turnbuckle Smash (English renamed move),
Fire Pro Wrestling D,fireprowd,W76.VMI,W76.VMS,FIREPROD.W76,,Frankensteiner Whip,
Fire Pro Wrestling D,fireprowd,W76E.VMI,W76E.VMS,FIREPROD.W76,,Frankensteiner Whip (English renamed move),
Fire Pro Wrestling D,fireprowd,W77.VMI,W77.VMS,FIREPROD.W77,,Jumping Knee Kick,
Fire Pro Wrestling D,fireprowd,W77E.VMI,W77E.VMS,FIREPROD.W77,,Jumping Knee Kick (English renamed move),
Fire Pro Wrestling D,fireprowd,W78.VMI,W78.VMS,FIREPROD.W78,,Blade Kick,
Fire Pro Wrestling D,fireprowd,W78E.VMI,W78E.VMS,FIREPROD.W78,,Blade Kick (English renamed move),
Fire Pro Wrestling D,fireprowd,W79.VMI,W79.VMS,FIREPROD.W79,,Shining Wizard,
Fire Pro Wrestling D,fireprowd,W79E.VMI,W79E.VMS,FIREPROD.W79,,Shining Wizard (English renamed move),
Fire Pro Wrestling D,fireprowd,W80.VMI,W80.VMS,FIREPROD.W80,,Magician Pose,
Fire Pro Wrestling D,fireprowd,W80E.VMI,W80E.VMS,FIREPROD.W80,,Magician Pose (English renamed move),
Fire Pro Wrestling D,fireprowd,W81.VMI,W81.VMS,FIREPROD.W81,,Brain Claw,
Fire Pro Wrestling D,fireprowd,W81E.VMI,W81E.VMS,FIREPROD.W81,,Brain Claw (English renamed move),
Fire Pro Wrestling D,fireprowd,W82.VMI,W82.VMS,FIREPROD.W82,,Reverse Chin Crusher,
Fire Pro Wrestling D,fireprowd,W82E.VMI,W82E.VMS,FIREPROD.W82,,Reverse Chin Crusher (English renamed move),
Fire Pro Wrestling D,fireprowd,W83.VMI,W83.VMS,FIREPROD.W83,,Rear Takedown,
Fire Pro Wrestling D,fireprowd,W83E.VMI,W83E.VMS,FIREPROD.W83,,Rear Takedown (English renamed move),
Fire Pro Wrestling D,fireprowd,W84.VMI,W84.VMS,FIREPROD.W84,,Swing Style Diving Frankensteiner Whip,
Fire Pro Wrestling D,fireprowd,W84E.VMI,W84E.VMS,FIREPROD.W84,,Swing Style Diving Frankensteiner Whip (English renamed move),
Fire Pro Wrestling D,fireprowd,W85.VMI,W85.VMS,FIREPROD.W85,,Mount Elbow,
Fire Pro Wrestling D,fireprowd,W85E.VMI,W85E.VMS,FIREPROD.W85,,Mount Elbow (English renamed move),
Fire Pro Wrestling D,fireprowd,W86.VMI,W86.VMS,FIREPROD.W86,,Complete Dust,
Fire Pro Wrestling D,fireprowd,W86E.VMI,W86E.VMS,FIREPROD.W86,,Complete Dust (English renamed move),
Fire Pro Wrestling D,fireprowd,W87.VMI,W87.VMS,FIREPROD.W87,,Arm Slam,
Fire Pro Wrestling D,fireprowd,W87E.VMI,W87E.VMS,FIREPROD.W87,,Arm Slam (English renamed move),
Fire Pro Wrestling D,fireprowd,W88.VMI,W88.VMS,FIREPROD.W88,,Diving Brain Chop,
Fire Pro Wrestling D,fireprowd,W88E.VMI,W88E.VMS,FIREPROD.W88,,Diving Brain Chop (English renamed move),
Fire Pro Wrestling D,fireprowd,W89.VMI,W89.VMS,FIREPROD.W89,,Leg Feed Reverse Crucifix Knee Hold,
Fire Pro Wrestling D,fireprowd,W89E.VMI,W89E.VMS,FIREPROD.W89,,Leg Feed Reverse Crucifix Knee Hold (English renamed move),
Fire Pro Wrestling D,fireprowd,W90.VMI,W90.VMS,FIREPROD.W90,,Stepping Arm Hold,
Fire Pro Wrestling D,fireprowd,W90E.VMI,W90E.VMS,FIREPROD.W90,,Stepping Arm Hold (English renamed move),
Fire Pro Wrestling D,fireprowd,W91.VMI,W91.VMS,FIREPROD.W91,,Stomach Kick,
Fire Pro Wrestling D,fireprowd,W91E.VMI,W91E.VMS,FIREPROD.W91,,Stomach Kick (English renamed move),
Fire Pro Wrestling D,fireprowd,W92.VMI,W92.VMS,FIREPROD.W92,,Jump Guard Position,
Fire Pro Wrestling D,fireprowd,W92E.VMI,W92E.VMS,FIREPROD.W92,,Jump Guard Position (English renamed move),
Fire Pro Wrestling D,fireprowd,W93.VMI,W93.VMS,FIREPROD.W93,,England Stretch,
Fire Pro Wrestling D,fireprowd,W93E.VMI,W93E.VMS,FIREPROD.W93,,England Stretch (English renamed move),
Fire Pro Wrestling D,fireprowd,W94.VMI,W94.VMS,FIREPROD.W94,,Atomic Drop & Backdrop,
Fire Pro Wrestling D,fireprowd,W94E.VMI,W94E.VMS,FIREPROD.W94,,Atomic Drop & Backdrop (English renamed move),
Fire Pro Wrestling D,fireprowd,W95.VMI,W95.VMS,FIREPROD.W95,,Listening Ear Performance,
Fire Pro Wrestling D,fireprowd,W95E.VMI,W95E.VMS,FIREPROD.W95,,Listening Ear Performance (English renamed move),
Fire Pro Wrestling D,fireprowd,W96.VMI,W96.VMS,FIREPROD.W96,,Full Nelson Atomic Bomb,
Fire Pro Wrestling D,fireprowd,W96E.VMI,W96E.VMS,FIREPROD.W96,,Full Nelson Atomic Bomb (English renamed move),
Fire Pro Wrestling D,fireprowd,W97.VMI,W97.VMS,FIREPROD.W97,,Duggan Hammer,
Fire Pro Wrestling D,fireprowd,W97E.VMI,W97E.VMS,FIREPROD.W97,,Duggan Hammer (English renamed move),
Fire Pro Wrestling D,fireprowd,W98.VMI,W98.VMS,FIREPROD.W98,,Reverse Gory Special Bomb,
Fire Pro Wrestling D,fireprowd,W98E.VMI,W98E.VMS,FIREPROD.W98,,Reverse Gory Special Bomb (English renamed move),
Fire Pro Wrestling D,fireprowd,W99.VMI,W99.VMS,FIREPROD.W99,,Deja Vu,
Fire Pro Wrestling D,fireprowd,W99E.VMI,W99E.VMS,FIREPROD.W99,,Deja Vu (English renamed move),
Flag To Flag,flag2flag,v59453.vmi,v59453.VMS,SEGACART.SYS,Arcade,Todos los autos y el super speed mode.,
Flag To Flag,flag2flag,v81874.vmi,v81874.VMS,SEGACART.SYS,Alexander the great,its a start,
Flag To Flag,flag2flag,v90922.vmi,v90922.VMS,SEGACART.SYS,julian hernandez,todos los varros y mas secretos,
Flag To Flag,flag2flag,v54673.vmi,v54673.VMS,SEGACART.SYS,paul,"Five extra cars, extra camera angle, Super Speed Mode(60fps)",yes
Flag To Flag,flag2flag,v97020.vmi,v97020.VMS,SEGACART.SYS,Italian33,"Won champ mode, Unlocked pace car and super fast race...Hey its not much, but its something for this game.....",
Flag To Flag,flag2flag,v81960.vmi,v81960.VMS,SEGACART.SYS,,"Todos los autos, y el super speed mode. [email removed]",
Flag To Flag,flag2flag,v46911.vmi,v46911.VMS,SEGACART.SYS,,[Japanese] Everything completed.,
Floigan Brothers,floiganbros,v15577.vmi,v15577.VMS,FLOIGAN_.M01,E-106 Leader Of Bluerouge Clan,this is my Moigle everything learned except for the thing u have to teach him that is a ? so i dont no how to teach him it if u find out anything please email me,
Floigan Brothers,floiganbros,v46904.vmi,v46904.VMS,FLOIGAN_.M01,Raziel,game  completed! allparts of secret project collected!,yes
Floigan Brothers,floiganbros,v82691.vmi,v82691.VMS,FLOIGAN_.D01,chucho,4 de los 7 elementos,
Floigan Brothers,floiganbros,v9875.vmi,v9875.VMS,FLOIGAN_.M01,tatenda aiight,got most of th objects,
Floigan Brothers,floiganbros,v27154.vmi,v27154.VMS,FLOIGAN_.D01,Igor Soprano,All pieces of Moigle's project,
Floigan Brothers,floiganbros,v13591.vmi,v13591.VMS,FLOIGAN_.D01,MAURICIO R.,"5 objetos encontrados,algunos puzzles solucionados,etc.",
Floigan Brothers,floiganbros,v97809.vmi,v97809.VMS,FLOIGAN_.M01,Fernando Rock,game finished,
Floigan Brothers,floiganbros,FBROSJ.VMI,FBROSJ.VMS,FLOIGAN_.D01,,Floigan Bros January Download file.,yes
Frame Gride,framegride,FRAMEGR.VMI,FRAMEGR.VMS,F_GRIDE.0008,,FRAME GRIDE save (JAPAN) Final Stage,yes
Frogger 2: Swampy's Revenge,frogger2,v54472.vmi,v54472.VMS,FROGGER2_DAT,jamoke15,All levels/absolutly everything.,yes
Frogger 2: Swampy's Revenge,frogger2,v13965.vmi,v13965.VMS,FROGGER2_DAT,Sega Dreamcast,All levels/charectors unlocked.,
Fur Fighters,furfighters,v56823.vmi,v56823.VMS,FUR_FIGHTERS,superflyog,"2000 tokens, all babies, all weapons, all bosses beat, 11 cheats out of 18, and some other things.",
Fur Fighters,furfighters,v35224.vmi,v35224.VMS,FUR_FIGHTERS,Rand,"Here it is people! The Fur Fighters save ya been longing for! The Bad Place CLEARED! No more running around fleeing that killer tank. All weapons, max ammo for all weapons, all babies to this point!All you have to do is kill the end boss in the",yes
Fur Fighters,furfighters,v14691.vmi,v14691.VMS,FUR_FIGHTERS,Tom Baratta,"600 Tokens, all babies on New quack, Beaver, Dinotopolis, 1 missing in Anatat (The Bad Place level) access to double boss on anatat available! All previous bosses eradicated with extreme predjudice! This is a great save!",
Fur Fighters,furfighters,v22791.vmi,v22791.VMS,FUR_FIGHTERS,wins63,Lots up to Dinotoplis. Good save,
Fur Fighters,furfighters,v49072.vmi,v49072.VMS,FUR_FIGHTERS,James Buhls,"2000 of 2010 tokens, 113 of 114 babies, all weapons, all levels beaten (minus The Bad Place), and the following cheats:  Big head, camera turn, Walter, Tough Bears, Honey I shrunk the fur fighters, auto aim, health boost, ammo boost.",
Fur Fighters,furfighters,v11693.vmi,v11693.VMS,FUR_FIGHTERS,kkaaooss,3 levels partily done,
Fur Fighters,furfighters,v47052.vmi,v47052.VMS,FUR_FIGHTERS,Nico H.,Have all weapons,
Fur Fighters,furfighters,v5903.vmi,v5903.VMS,FUR_FIGHTERS,Jay-z,Have all tokens,
Fur Fighters,furfighters,v28135.vmi,v28135.VMS,FUR_FIGHTERS,Jay-z,Infinite Health,
Fushigi Dungeon,fushigi,asuka001.VMI,asuka001.VMS,ASUKA____001,,Weapon LV99!,yes
Fushigi Dungeon,fushigi,00000013.vmi,00000013.VMS,ASUKA____002,Garrett Wilke,Cool Save!,
Gauntlet Legends,gauntletlegends,v9100.vmi,v9100.VMS,GAUNTLET.001,T!m,BlueWizard lvl 73 health 1963all shards & Oblisks.,
Gauntlet Legends,gauntletlegends,v74041.vmi,v74041.VMS,GAUNTLET.001,SSJ4 GOKU,A level 50+ blue falconessalmost maxed stats all runes butone all worlds open all you needto do is go get more health.,
Gauntlet Legends,gauntletlegends,v25387.vmi,v25387.VMS,GAUNTLET.005,Bri,My maxed Red Minotaur.. level 99. He's halfway through the Desert levels at the moment.,
Gauntlet Legends,gauntletlegends,v78855.vmi,v78855.VMS,GAUNTLET.001,Mario,LEVEL 99 Yellow Knightall levels open,
Gauntlet Legends,gauntletlegends,v48502.vmi,v48502.VMS,GAUNTLET.003,Charles,Level 99 Jester- All runes shards and obelisks with flying pig helper and max stats Strenght: 600 Speed: 999 Armor: 600 Magic: 750,yes
Gauntlet Legends,gauntletlegends,v55036.vmi,v55036.VMS,GAUNTLET.001,Jeff Hoffman,"This is a Yellow Minotaur, level 73.",
Gauntlet Legends,gauntletlegends,v13085.vmi,v13085.VMS,GAUNTLET.001,Dan Hughes,HIGH ARMORED LV 41 RED MAGE 6 RUNES,
Gauntlet Legends,gauntletlegends,v56685.vmi,v56685.VMS,GAUNTLET.005,jessebravo,HERE HE IS!!! The red minotaur. He is about a 20 level character with mountain region beat. No shards. No bosses beat. Check him out. Its finaly the real thing.,
Gauntlet Legends,gauntletlegends,v18362.vmi,v18362.VMS,GAUNTLET.002,wes,Falcon fighter,
Gauntlet Legends,gauntletlegends,v13370.vmi,v13370.VMS,GAUNTLET.004,wes,Tiger Archer,
Gauntlet Legends,gauntletlegends,v93102.vmi,v93102.VMS,GAUNTLET.001,Krypt,Great save level 99 everything maxed out very good save itson the green levels its A yellowwizard with red dragon game has not yet been beaten....,
Gauntlet Legends,gauntletlegends,v83615.vmi,v83615.VMS,GAUNTLET.001,jessebravo,A 68th level blue Knight. Has yet to defeat scourne. A must have to beat the game. All scores are maxed out.,
Gauntlet Legends,gauntletlegends,v59393.vmi,v59393.VMS,GAUNTLET.001,Alex187@Brazil,"Very begining of the gameRed warrior with 65000 keys, potionsand gold. Level 30.",
Gauntlet Legends,gauntletlegends,v20432.vmi,v20432.VMS,GAUNTLET.001,drisco63,Level 60+ blue moon dwarf with all rune stone,
Gauntlet Legends,gauntletlegends,v24088.vmi,v24088.VMS,GAUNTLET.002,Red_Eye,This Yellow-Knight is a force to be reckoned with.  He is level 60+ and all of his stats are maxed out.  Don't even think about facing Skorne without this guy.  He is a total bada*s.,
Gauntlet Legends,gauntletlegends,v82685.vmi,v82685.VMS,GAUNTLET.001,the destroyer,Level 99 blue warrior,
Gauntlet Legends,gauntletlegends,v81592.vmi,v81592.VMS,GAUNTLET.001,zeke360,Blue Jester W/ Tons of gold 1695 Health all stats are at theirmax eight rune stones have beelfound all the stuff from the item shop has been purchased in very large numbers.nine keys and potions level 99 fighter,
Gauntlet Legends,gauntletlegends,v36221.vmi,v36221.VMS,GAUNTLET.002,zeke360,Yellow archer W/ 7 rune stones 9keys and potions all the stats aremaxed all items in very large numbers 1596 health he has a butterfly pheonix that lasts forever level 99 fighter,
Gauntlet Legends,gauntletlegends,v11698.vmi,v11698.VMS,GAUNTLET.003,wizard,This is the real deal unlike those blue jackal foneys this jackal is level 99 and the works download this of all man!!,
Gauntlet Legends,gauntletlegends,v83249.vmi,v83249.VMS,GAUNTLET.001,Matthew Talmage,"Here's my character in Gauntlet Legends - A Red Warrior who is totally maxed out. Beaten the game totally, and have unlocked Red Minotaur as well. Try this guy out!",
Gauntlet Legends,gauntletlegends,v73140.vmi,v73140.VMS,GAUNTLET.001,Patrick Zbasnik,Level 99 Blue wizard with everything all stats maxed out!,
Gauntlet Legends,gauntletlegends,v50581.vmi,v50581.VMS,GAUNTLET.001,Mr. Monkey Man,Perfect Save. Level 99 blue wizard w/ red dragon.  Game beaten many times.,
Gauntlet Legends,gauntletlegends,v75705.vmi,v75705.VMS,GAUNTLET.004,Patrick Zbasnik,Blue Archer's ALTER EGO (Blue TIGERESS) 2/4 Secret Character!,
Gauntlet Legends,gauntletlegends,v24515.vmi,v24515.VMS,GAUNTLET.008,Patrick Zbasnik,Blue Valkyrie's ALTER EGO (Blue FALCONESS)...4/4 of Secret Characters,
Gauntlet Legends,gauntletlegends,v61508.vmi,v61508.VMS,GAUNTLET.001,Redbomberman,Somewhat advanced game file. Exact status unknown however itdoes start or leave you off inthe blue realm. A good mystery savefor those interested.,
Gauntlet Legends,gauntletlegends,v22810.vmi,v22810.VMS,GAUNTLET.002,Redbomberman,Reasonably advanced Blue Knight @level 60. Skorn's Alter is leftto complete.83     Health3000+  Gold700+   Armor and Strength500+   Speed,
Gauntlet Legends,gauntletlegends,v58132.vmi,v58132.VMS,GAUNTLET.001,Patrick Zbasnik,"Blue Wizard with all stats maxed out, Level 71, Has beaten game, all rune stones and oblisques have been found, also has the upgraded staff and flying dragon!",
Giant Gram 2000,giantgram,GIANTG2K.VMI,GIANTG2K.VMS,GIANTGRM2000,,"Giant Gram 2000, all unlocked.",yes
Giga Wing,gigawing,v63102.vmi,v63102.VMS,GIGAWING_DAT,Tom Feno,Gallery unlocked plus Shinnosuke's hidden Stranger air fighter.,
Giga Wing,gigawing,GIGAWING.VMI,GIGAWING.VMS,GIGAWING_DAT,,Perfect Save! All Secret Open!,yes
Giga Wing 2,gigawing2,v499.vmi,v499.VMS,GIGAWING2_SV,ederson rodrigues,tudo 100%.eder rules!!!!!!,yes
Giga Wing 2,gigawing2,v73350.vmi,v73350.VMS,GIGAWING2_SV,thunderr Br,O jogo esta 100% completo ! Todossecretos liberados....eo rankingimpossivel de vc superar...tente ! RAMONES MANDA !!!,
Giga Wing 2,gigawing2,v58396.vmi,v58396.VMS,GIGAWING2SAV,Alucard,"it has every ship,all artworkbolth codes.best code save i GUARNTE!!!",
Giga Wing 2,gigawing2,v36524.vmi,v36524.VMS,GIGAWING2SAV,Spacer420,"Almost all finished...I have 4 upgraded planes, all artwork, and ""character event mode off"".You still need 1 plane (get with Albatross), and the other special option (unlock by getting more points).",
Giga Wing 2,gigawing2,v29890.vmi,v29890.VMS,GIGAWING2SAV,Mista phat lips,It's about 80% done. lost of gallery pic's open. you should enjoy.,
Giga Wing 2,gigawing2,GIGAWIN2.VMI,GIGAWIN2.VMS,GIGAWING2_SV,,Perfect Save! All Secret Open!,
disc_bs_godzilla,godzilla,blue_swirl_godzilla_g_SAVE0000.vmi,blue_swirl_godzilla_g_SAVE0000.VMS,GODZILLA_GEN,,"All characters unlocked Otaking [source: BLUE_SWIRL (blueswirl.shorturl.com, (c) 2006 Blue Swirl; site now offline)]",yes
Golf Shiyouyo,golfshiyo,SHIGOLF2.VMI,SHIGOLF2.VMS,SHIYOUY2.SYS,,All characters unlocked,yes
Grand Theft Auto 2,gta2,v81958.vmi,v81958.VMS,GTA2.SAV,BigBoned,"$9950300, all civilians are elvis,gore mode, max rep. with all gangs, always invisible, all weapons, invincible,all levels & bonuses, 99 lives, infinitedoubledamage, and keep weapons afterdeath.",yes
Grand Theft Auto 2,gta2,v11998.vmi,v11998.VMS,GTA2.SAV,hey101,All levels unlocked plus your invisible all the time w/ unlimited flame thrower with all the weapons in one save.,
Grand Theft Auto 2,gta2,v87708.vmi,v87708.VMS,GTA2.SAV,steve walsh,all levels,
Grandia 2,grandia2,v2673.vmi,v2673.VMS,GRANDIA2_002,John,This file is legit.  It's Decent.1/3 of game finished in Liligue.Characters roughly lv. 21-23.Nice equip for this part of thegame.,
Grandia 2,grandia2,v67500.vmi,v67500.VMS,GRANDIA2_003,Spike Spigel,"With a save at the bonus stage,Raul Hills, Ryudo at 45, SkyDragon Slash mastered, witha slew of techs., to say theleast, a good save.....",
Grandia 2,grandia2,v40190.vmi,v40190.VMS,GRANDIA2_000,fabio,"o melhor save.antes de enfrentar zera,com todos as magias evoluidas ao maximo.the best of the rest!!!!",
Grandia 2,grandia2,v50523.vmi,v50523.VMS,GRANDIA2_000,OGUZ UYSAL,LEVEL 48_MANA EGGLER FULL UPG_RADE YAPILDI.126000 ALTIN_(EUROPE)(9BLOK),
Grandia 2,grandia2,v62636.vmi,v62636.VMS,GRANDIA2_005,Lonnie,"Just ignore all of those gameshark-generated saves; this is a legit... Right about to face Zera Valmar, with the most useful spell and skill combos for each character, also if you need any other skill it has plenty of special points for you to",
Grandia 2,grandia2,v43506.vmi,v43506.VMS,GRANDIA2_000,Dragon1228,"At Mereg's village.  Lots of books, weapons, items, etc.",
Grandia 2,grandia2,v44199.vmi,v44199.VMS,GRANDIA2_001,Kristi W.,"All characters are at level 61.  Saved right before the final fight.  All books & eggs are acquired, as well as maxed out.  All special techs have been learned, as well as maxed out.",
Grandia 2,grandia2,v34045.vmi,v34045.VMS,GRANDIA2_001,Xmen,Defeat Zera and it is the end of GRANDIA 2. Characters are at 54th level with ALL special moves and magic at MAX level.,
Grandia 2,grandia2,v81860.vmi,v81860.VMS,GRANDIA2_000,Dentrex Ichijoji,"At the castle, all characters at level 99 and have all eggs and moves at max. All weapons and items also armor.",
Grandia 2,grandia2,v94666.vmi,v94666.VMS,GRANDIA2_002,Justin LeFave,About to face Melfice. At level 33 or something like that. Take out that regenerator with your best specials and knock out that sword with Ryudo's Burnstrike.,
Grandia 2,grandia2,v53994.vmi,v53994.VMS,GRANDIA2_001,Pepi[brazilian team],"For you novice player,start with [$9999999] gold and [99999] special points and [99999] magic points, dowload it now !!!!",
Grandia 2,grandia2,v81729.vmi,v81729.VMS,GRANDIA2_000,Segademon,"Fairy Egg,Dragon Egg,Book of WAR,and Book of SAGES,every char maxed out,all levels at 59 at the Final boss! No GS used just lotsa hard work! hope you enjoy the rare magic,and skills there are some pretty cool spells and stuff on them.",yes
Grandia 2,grandia2,v96599.vmi,v96599.VMS,GRANDIA2_000,evileye855,Everyone around level 40.  Inside the body of Valmar.  Chaos egg is maxed out.  All moves for all the characters.,
Grandia 2,grandia2,v62938.vmi,v62938.VMS,GRANDIA2_000,legalizeit,"The second battle with Melfice. You CAN'T LOSE!!! Ryudo and Mareg are at level 99, and Tio and Elena are around level 28. (I think it's 28) Everything maxed up to this point. Even got the Granasaber as Ryudo's sword. 4+ hours in. You'll have fu",
Grandia 2,grandia2,v48833.vmi,v48833.VMS,GRANDIA2_000,black squid,"At the end of the game in the ""Birthplace Of The Gods"", where Ryudo is at level 99, Elena level 49, Roan level 49, and Tio is at level 48. ALL magic coins, special coins, and gold are MAXED OUT. Have 7 eggs, which are all maxed. All skills are",
Grandia 2,grandia2,v61175.vmi,v61175.VMS,GRANDIA2_000,LuisP.,"The game is at the last fith in the chaos room.Skills and specials are maxed and lots of items.Go foward through the tramsport balls.To make it easey use elena , and riudo's final moves and millenias fallen wing. The eggs are at max.",
Grandia 2,grandia2,v24832.vmi,v24832.VMS,GRANDIA2_000,legalize it,This save brings you just before finding the granasaber. All magic full for all characters. Level 36'lots of skils try it!,
Grandia 2,grandia2,v67475.vmi,v67475.VMS,GRANDIA2_000,musashi3,"Everyone is on lv.55, best armor and weapons, battle the final boss, keep walking into the blue orbs 'til you get to him (i won't tell you who it is)and easily win.",
Grandia 2,grandia2,v19441.vmi,v19441.VMS,GRANDIA2_000,icelight,"Near the final area, just beat melfice.",
Grandia 2,grandia2,v1695.vmi,v1695.VMS,GRANDIA2_001,Neo,"Everyone at level 40~50, at last dungon before boss. 5 Eggs maxed out.",
Grandia 2,grandia2,v75732.vmi,v75732.VMS,GRANDIA2_001,ghettobuck,"At the last boss.  Missing 2 eggs and 2 books, but all else fully upgraded.  Including everyones magic.",
Grandia 2,grandia2,v41894.vmi,v41894.VMS,GRANDIA2_002,Nova,Just before ryudo discovers whats wrong with his arm after millinia's death...their levels range about 45.,
Grandia 2,grandia2,v41977.vmi,v41977.VMS,GRANDIA2_002,Nova,I guess its nice try it. It's just before ryudo discovers whats wrong with his arm after millinia's death...,
Grandia 2,grandia2,v80675.vmi,v80675.VMS,GRANDIA2_000,EMiN3M,"This Save File Is right up to when you battle Melfice For the Second time. Good Weapons, good Stats. All Levels are 30+.",
Grandia 2,grandia2,v78709.vmi,v78709.VMS,GRANDIA2_000,EMiN3M,Right about to fight Eye's of Valmar! Decent magic and strength. Levels are rounded 19.,
Grandia 2,grandia2,v36410.vmi,v36410.VMS,GRANDIA2_000,Stephen aka Phantos,I'm at the very last boss and Ryudo's skills and magic are maxed out as wellas the skills and magic of the rest ofthe team. They also have good equip anda ton of extra potions and whatnot.,
Grandia 2,grandia2,v31034.vmi,v31034.VMS,GRANDIA2_000,Torremitsu X,A decent save.  All characters at level 53with mana eggs at and books at highest levels.  I believe it begins you at valmar.,
Grandia 2,grandia2,v29000.vmi,v29000.VMS,GRANDIA2_000,Avin Forestier,"This a great save for those who having difficulty defeating the last boss. This save has a book and mama egg max out completely,all skills,weapons,and items. Also Ryoudo and millenia at full stats.",
Grandia 2,grandia2,v13503.vmi,v13503.VMS,GRANDIA2_000,SDSkarface,Every character is at level 60 with all special moves and mana eggs maxed out. At the last boss before the end.,
Grandia 2,grandia2,v89313.vmi,v89313.VMS,GRANDIA2_000,eternal2k1,"45 level for all characters. 4 eggsmaxed totally OUT! If you want to endthe game good, download this. I havegreat equipment and the last bosscan't stand even close to you.",
Grandia 2,grandia2,v75420.vmi,v75420.VMS,GRANDIA2_001,Zane cruz,"At The Ghost Forest East With Ryudo At Level 99 And Has Max Everything. Even Has The Granasabre. Everyone Else Is at level 34-37. All Magic learned, 10 of most items. All Armor, Weapons, Ect. You'll love This file!",
Grandia 2,grandia2,v42051.vmi,v42051.VMS,GRANDIA2_000,Bird,"20+ hours of play all magic, all books, jump right in and fight melfice.",
Grandia 2,grandia2,v28630.vmi,v28630.VMS,GRANDIA2_000,Scar,"Good save, at entrance to Valmar's body.all 4 chars at 40+ level.  Majority of spellsat 3 to 4 stars.  Good equip, lots of gold.",
Grandia 2,grandia2,v84193.vmi,v84193.VMS,GRANDIA2_001,Nick Bring,"This is the best save. Last boss in the chaos relme. Ryudo at level 99. Every skill, magic and special experience points maxed out and other characters at level 51, 30 hours into game.",
Grandia 2,grandia2,v92017.vmi,v92017.VMS,GRANDIA2_000,Wesley westfall,Level 39 and 38 going to meet chief in nadad place.,
Grandia 2,grandia2,v16239.vmi,v16239.VMS,GRANDIA2_000,Daymean Lewis,You have everything needed for the finalboss.  You cannot lose.35+ hours put into this game.E-mail me with any request have fun!,
Grandia 2,grandia2,v34801.vmi,v34801.VMS,GRANDIA2_000,poofy,"2 maxed eggs,2 maxed books, ryudo max skills, coral reef.",
Grandia 2,grandia2,v9832.vmi,v9832.VMS,GRANDIA2_000,Eric Matthews,Okay save after the Granas Cliffs. Wentoverboard on Ryudo's equipment.,
Grandia 2,grandia2,v39842.vmi,v39842.VMS,GRANDIA2_006,Nigel,At the gransaber. 20+ hours,
Grandia 2,grandia2,v96684.vmi,v96684.VMS,GRANDIA2_000,guerrero,"Final boss, final stage, level 49, 35hrs in.",
Grandia 2,grandia2,v73714.vmi,v73714.VMS,GRANDIA2_000,macross maclin,Good saves got 4 people got lots of spells. Try it almost at the end of the game. Let me know if you like it ok.,
Grandia 2,grandia2,v50986.vmi,v50986.VMS,GRANDIA2_000,Sergio Natera Jr,Last mission is to get the sword of light.,
Grandia 2,grandia2,v54497.vmi,v54497.VMS,GRANDIA2_000,Black Dragon,"[Japanese] Three-character-party, good equipment,nearly 5 hours of play. Good savewhen you want to hop into thegame and start playing without endlessjapanese story. ACTION !",
Grandia 2,grandia2,v75138.vmi,v75138.VMS,GRANDIA2_000,Black Dragon,"[Japanese] Advanced save,learned amazing magic and attacksthat you have to see.",
Grandia 2,grandia2,gran2us1.VMI,gran2us1.VMS,GRANDIA2_007,,Money Max and Exp Max! (USA),
Grandia 2,grandia2,gran2jp2.VMI,gran2jp2.VMS,GRANDIA2_000,,Money Max and Exp Max! (Jap),
Grandia 2,grandia2,gran2jp1.VMI,gran2jp1.VMS,GRANDIA2_000,,Last Save at Boss!,
Grandia 2,grandia2,gran2jp3.VMI,gran2jp3.VMS,GRANDIA2_000,,Debug mode open!,
Gunbird 2,gunbird2,v33167.vmi,v33167.VMS,GUNBIRD2_DAT,DIOGO THE MASTER,"In random select put up for morrigan, or down for aime.",yes
Gundam Battle Online,gundamol,GUNDAMO3.VMI,GUNDAMO3.VMS,GUNDAMBO.Z00,,"Best MS,best ships,all pilot lv20",
Gundam Battle Online,gundamol,GUNDAMOL.VMI,GUNDAMOL.VMS,GUNDAMBO.E01,,A very interesting save,
Gundam Battle Online,gundamol,GUNDAMO1.VMI,GUNDAMO1.VMS,GUNDAMBO.E01,,Clear Save! High level of Pilots,
Gundam Battle Online,gundamol,GUNDAMO2.VMI,GUNDAMO2.VMS,GUNDAMBO.E00,,Cool Save! All Pilots Lv20,yes
Gundam: Blood Of Zeon,gundambz,00000006.vmi,00000006.VMS,GIHREN___E00,,JP Save! Money Max(Turn 1)!,
Gundam: Blood Of Zeon,gundambz,00000181.vmi,00000181.VMS,GIHREN___S01,,Perfect Save! All Open!,yes
Gundam Side Story 0079,gundam,v71807.vmi,v71807.VMS,GUNDAM_US_01,gohann,All codes new suits for you and them,
Gundam Side Story 0079,gundam,v58359.vmi,v58359.VMS,GUNDAM_US_01,raul gutierrez,Each stat at 100% beat game,yes
Gundam Side Story 0079,gundam,v44953.vmi,v44953.VMS,GUNDAM_US_01,*sa*stan,Beat the game. Opened cheat option,
Gundam Side Story 0079,gundam,v31604.vmi,v31604.VMS,GUNDAM_SS1DL,scythe,This will unlock all the extra options for 0079,
Gundam Side Story 0079,gundam,v79900.vmi,v79900.VMS,GUNDAM_US_01,ben,the game is beat on all 3 difficulties with extra options,
Gundam Side Story 0079,gundam,v95962.vmi,v95962.VMS,GUNDAM_US_01,ScOoBy,"Everything beat, Extra options unlocked",
Gundam Side Story 0079,gundam,v92694.vmi,v92694.VMS,GUNDAM_US_01,tenchi38,All options and unbeatable scores.,
Gundam Side Story 0079,gundam,v84481.vmi,v84481.VMS,GUNDAM_US_01,Adam Fichthorn,Extra options available plus my 3 best levels.,
Gundam Side Story 0079,gundam,v958.vmi,v958.VMS,GUNDAM_US_01,napalm,Game beatten on hard. All special options available. The best stats possible.,
Gundam Side Story 0079,gundam,v93011.vmi,v93011.VMS,GUNDAM_US_01,Drew Dyson,ex. options /beaten 2 difficulties,
Gundam Side Story 0079,gundam,v11985.vmi,v11985.VMS,GUNDAM_US_01,The Big D,beat on all difficulties and have special options[ on level 5 on hard mode without codes],
Gundam Side Story 0079,gundam,v68457.vmi,v68457.VMS,GUNDAM_US_01,Scott Shiflett,3levels saved and special options.,
Gundam Side Story 0079,gundam,v61660.vmi,v61660.VMS,GUNDAM_US_01,Roy Palacios,beat it,
Gundam Side Story 0079,gundam,GUNDAM1.VMI,GUNDAM1.VMS,GUNDAM_PD_01,,Good save for Gundam Side Story 0079!,
Gundam Side Story 0079,gundam,GUNDAM2.VMI,GUNDAM2.VMS,GUNDAM_SS1DL,,Good save for Gundam Side Story 0079!,
Gundam Side Story 0079,gundam,GUNDAM3.VMI,GUNDAM3.VMS,GUNDAM_SS_01,,Good save for Gundam Side Story 0079!,
Gundam Side Story 0079,gundam,v67186.vmi,v67186.VMS,GUNDAM_US_01,,"This save contains all extra options, and yes they are very cool to play with. The game is won on easy, medium, and hard. Its pretty damn cool.",
Head Hunter,headhunt,head2nd.VMI,head2nd.VMS,H_HUNTER.003,,Cleared once! 2nd time game!,
Head Hunter,headhunt,headlast.VMI,headlast.VMS,H_HUNTER.001,,at Last Boss!,
Head Hunter,headhunt,v8011.vmi,v8011.VMS,H_HUNTER.SYS,svetlio,tova sa mini igrite zabavliavaite se [option],
Head Hunter,headhunt,v86416.vmi,v86416.VMS,H_HUNTER.001,svetlio,zdraveite tova e 100%-tov save.ako ste ot [Bulgaria]pishete mi,yes
Head Hunter,headhunt,v78881.vmi,v78881.VMS,H_HUNTER.001,,el mejor juego del momento.disco uno finalizado.,
Head Hunter,headhunt,v21003.vmi,v21003.VMS,H_HUNTER.002,,all weapon,
Head Hunter,headhunt,v84767.vmi,v84767.VMS,H_HUNTER.003,,"This save starts at the verybeginning of disc 2 i think it starts out with them hauling you to jail and play begins at the start of a boss,have most weapons including neuro stunner,pistol,grenades,machine gun,and shotgun",
Heavy Metal: Geomatrix,heavymetal,v99350.vmi,v99350.VMS,HEAVYMTL.SYS,FELIPE SILVA DOS PASSOS,EVERIONE UNLOCKD (TUDO LIBERADO),yes
Heavy Metal: Geomatrix,heavymetal,v87983.vmi,v87983.VMS,HEAVYMTL.SYS,buck45,try and topp these highs see ya,
Heavy Metal: Geomatrix,heavymetal,v12546.vmi,v12546.VMS,HEAVYMTL.SYS,Violador[LB],Todas as fases concluidas.Todasarmas no maximo.,
Heavy Metal: Geomatrix,heavymetal,v93134.vmi,v93134.VMS,HEAVYMTL.SYS,eberton,chaosmatrix completo e muito maisSOU Eu Mesmo BIM,
Heavy Metal: Geomatrix,heavymetal,v77137.vmi,v77137.VMS,HEAVYMTL.SYS,Rafael,Chaosmatrix completo,
Heavy Metal: Geomatrix,heavymetal,v22716.vmi,v22716.VMS,HEAVYMTL.SYS,Facundo Barros,All CHAOSMATRIX levels!..Todos los niveles CHAOSMATRIX!.,
Hidden and Dangerous,hiddendangerous,v20234.vmi,v20234.VMS,_HIDDEN__000,"Fernando ""The best"" Braga",maldicao este save esta completo.traduction:damn this save is complete,
Hidden and Dangerous,hiddendangerous,v24654.vmi,v24654.VMS,_HIDDEN__000,Alex-M,All levels with many weapons.,
Hidden and Dangerous,hiddendangerous,v45698.vmi,v45698.VMS,_HIDDEN__000,dark,This is a great game file! Everything Complete,yes
Hidden and Dangerous,hiddendangerous,v30423.vmi,v30423.VMS,_HIDDEN__000,TheMaster,All Missions compleated with only one death,
Hidden and Dangerous,hiddendangerous,v54565.vmi,v54565.VMS,_HIDDEN__000,Jeff Becker,Game completed all missions avalible.,
Hidden and Dangerous,hiddendangerous,v69438.vmi,v69438.VMS,_HIDDEN__000,Jeff Becker,4th campaign 2nd mission,
Hidden and Dangerous,hiddendangerous,v90259.vmi,v90259.VMS,_HIDDEN__000,alberto montes,Up to the second part of the second mission w/no deaths.,
House of the Dead 2,house_dead,v88935.vmi,v88935.VMS,HOD2DC_U.SYS,rober,salvada perfecta!!!!!,
House of the Dead 2,house_dead,v85932.vmi,v85932.VMS,HOD2DC_U.SYS,Kammesennin,"This file has 99 of everything in the trunk in original mode, red star markings on all training mode and boss mode missions, freeplay mode, red blood.",
House of the Dead 2,house_dead,v3080.vmi,v3080.VMS,HOD2DC_U.SYS,OTEC,"All unlocked. In original game is all (Amy,Harry custumise,ufo?).PERFECT SAVE!",yes
House of the Dead 2,house_dead,v77697.vmi,v77697.VMS,HOD2DC_U.SYS,GARRETT GIBSON,Training mode completed.,
House of the Dead 2,house_dead,v47227.vmi,v47227.VMS,HOD2DC_U.SYS,zinni singh,Everything is beaten and unlocked!,
House of the Dead 2,house_dead,v20930.vmi,v20930.VMS,HOD2DC_U.SYS,dervis medina Venezuela,"Red blood, all training with 5 stars and infinite credits.",
House of the Dead 2,house_dead,v71932.vmi,v71932.VMS,HOD2DC_U.SYS,xariel,It has granny mode and the training mode is complete with 5 stars.,
House of the Dead 2,house_dead,v96856.vmi,v96856.VMS,HOD2DC_U.SYS,Clinton Tuccio,"Trunk full of goodies, all stars on practice and boss mode, infinite credits, red blood, alternate costumes, machine gun!",
House of the Dead 2,house_dead,v67414.vmi,v67414.VMS,HOD2DC_U.SYS,Simon,Perfect Save !,
House of the Dead 2,house_dead,v72963.vmi,v72963.VMS,HOD2DC_U.SYS,Keenan Williams,"Just look in original mode""I'm that good""-HHH",
House of the Dead 2,house_dead,v24750.vmi,v24750.VMS,HOD2DC_U.SYS,Nelson Algarin.PUERTO RICO,SUPER TOP SECRET PLUS,
House of the Dead 2,house_dead,00000095.vmi,00000095.VMS,HOD2DC_U.SYS,Shoryu-Reppa,"Red Blood, all items, blah blah, EVERYTHING",
House of the Dead 2,house_dead,house2.VMI,house2.VMS,HOD2DC__.SYS,,infinite Bullets!,
Hoyle Casino,hoyle,v46800.vmi,v46800.VMS,HYLCASINO000,Dennis Doolin,All the money you will ever need. The game stops at $1 billion.,
Hoyle Casino,hoyle,v7562.vmi,v7562.VMS,HYLCASINO000,Eloy,Here's lot of money in the millons! If you don't mind a name change.,yes
Hoyle Casino,hoyle,v85215.vmi,v85215.VMS,HYLCASINO000,brandus,lot of money,
Hundred Swords,hswords,100sword.VMI,100sword.VMS,H_SWORDS.MIN,,Personal Save! Stage 5!,
Hundred Swords,hswords,100swor2.VMI,100swor2.VMS,H_SWORDS.MIN,,have a lot of special items!,
Hundred Swords,hswords,100SWOR3.VMI,100SWOR3.VMS,H_SWORDS.MIN,,Last Save! will be cleard!,yes
Hydro Thunder,hydrothunder,v17911.vmi,v17911.VMS,HYDRO___SYS.,David Armitage,I have all stages and bonus stages unlocked and boats unlockedincluding the bonus boats,yes
Hydro Thunder,hydrothunder,v98532.vmi,v98532.VMS,HYDRO___SYS.,REAVER,Everything unlocked.,
Hydro Thunder,hydrothunder,v90267.vmi,v90267.VMS,HYDRO___SYS.,Gary667,"All level's beaten, all boats unlocked and some really high scores.",
Hydro Thunder,hydrothunder,v78793.vmi,v78793.VMS,HYDRO___SYS.,reaper69,"Besides having all boats and tracks, I used the sofy reset at the end of every race, so the average time never went down (i.e., your opponents will treat you like a beginner!). No awesome times to beat, but it will give a boost to your ego (bes",
Hydro Thunder,hydrothunder,v73441.vmi,v73441.VMS,HYDRO___SYS.,Brandon Mitchell,"Everything unlocked (both in 1 and 2 player mode), and some good track times!",
Hydro Thunder,hydrothunder,v56771.vmi,v56771.VMS,HYDRO___SYS.,James Steel,"All boats and tracks unlocked, save yourself alot of blood sweat and tears and get this now! (well, maybe not blood or sweat, but Nile Adventure is known to cause tears)",
Hydro Thunder,hydrothunder,v99749.vmi,v99749.VMS,HYDRO___SYS.,RAY-RAY,All boats & tracks unlocked!Only one stage to beat Castle Von Dandy.Also some of RAY&RTP's unbeatable times,
Hydro Thunder,hydrothunder,v32436.vmi,v32436.VMS,HYDRO___SYS.,John Christensen,all the boats and most of the levels beat.,
Hydro Thunder,hydrothunder,v68710.vmi,v68710.VMS,HYDRO___SYS.,cart00n,"All the boats, all the tracks. Enjoy!",
Ikaruga,ikaruga,IKARUGA.VMI,IKARUGA.VMS,IKARUGA_DATA,,"Credit MAX,All Mode Unlocked!",yes
Illbleed,illbleed,v19354.vmi,v19354.VMS,ILLBLEED.SAV,Roberto Bechtlufft,A save with the way to the last boss opened. Eriko is without her clothes!,
Illbleed,illbleed,v27376.vmi,v27376.VMS,ILLBLEED.SAV,hector puerto rico,"first file a have 1,099,000 on the last stage  with every body saved including jorg",
Illbleed,illbleed,v76597.vmi,v76597.VMS,ILLBLEED.SAV,hessam.007,the final boss and 99999999 money,
Illbleed,illbleed,v56401.vmi,v56401.VMS,ILLBLEED.SAV,grEat_OnE,"Saved before the first boss. With stuff like calculator,discount ticket,etc.",
Illbleed,illbleed,v50635.vmi,v50635.VMS,ILLBLEED.SAV,grEat_OnE,HALFWAY LEVEL 3. WITH LOTS OF MONEY!,
Illbleed,illbleed,v85416.vmi,v85416.VMS,ILLBLEED.OMK,jason,BIZARRE MINI-GAME UNLOCKED. Jump around on the shroom blocks; trying to stay as high up as possible to earn points.,yes
Illbleed,illbleed,v70542.vmi,v70542.VMS,ILLBLEED.SAV,Ward McMurchie,First save: Level 6 waiting roomSecond save: Level 6 half way throughThird save: Same thingThis is the underware,
Illbleed,illbleed,v53049.vmi,v53049.VMS,ILLBLEED.SAV,Devin Pace,First save done before final boss. the second save is done after beating the game two times with some major operations. The third save is done before starting second misson with Kevin rescued and no operations done.,yes
Illbleed,illbleed,v40337.vmi,v40337.VMS,ILLBLEED.SAV,Clay,"Saved right before 1st level boss, inf. of all items (cash, health items, artifacts). All players usable except Randy, but he's playable once you save him in this stage.",
Illbleed,illbleed,v94221.vmi,v94221.VMS,ILLBLEED.SAV,krisdog21,"1ST STAGE COMPLETED-with IronHeart,ER_descount,Artifcail_Brain&Plasma,IteamSensor,BIOBODY,CoutionBomb,SpeedLadder,exc.Plus $29,000 2be spent.Saved one guy.Could of  done better on time tho.",
Illbleed,illbleed,v19633.vmi,v19633.VMS,ILLBLEED.SAV,Ben Ginther,"1st and 2nd level complete. I have $75,000 and Michel Waters. Also another game is on here. There is both 1st and 2nd levels completed with same chracters above. Some operations done, 2,340",
Illbleed,illbleed,v96306.vmi,v96306.VMS,ILLBLEED.SAV,sean,"1st level complete,$3,600 and alot of items in storage also 1 operation to upgrade bleeding!",
Illbleed,illbleed,v78583.vmi,v78583.VMS,ILLBLEED.SAV,CaseyAvrett,half way through the first stage have a breath and injection.,
Illbleed,illbleed,v18164.vmi,v18164.VMS,ILLBLEED.SAV,JOHAN,ALLMOST FINISHED WITH FIRST STAGEWITH LOTS OF NEAT STUFF LIKE THEHORROR MONITOR AND CALCULATOR,
Illbleed,illbleed,illbldjp.VMI,illbldjp.VMS,ILLBLEED.SAV,,Last save and the character is nude!,
Incoming,incoming,v30743.vmi,v30743.VMS,INCOMING.001,Luis Carlos de Oliveira Le,this is a perfect save whit everithing done.All the 10 missions done.Tudo completo este e o save que todos procuram.,yes
Incoming,incoming,v19449.vmi,v19449.VMS,INCOMING.001,dopey,This gets you to the third mission. I hope you find it helpful.,
Incoming,incoming,00000378.vmi,00000378.VMS,INCOMING.001,Ryan Belew,SCENARIO 03 starts in scenario 3,
Industrial Spy: Operation Espionage,industrialspy,v1441.vmi,v1441.VMS,I_SPY____000,jd,is in the 6 mission with good stats,
Industrial Spy: Operation Espionage,industrialspy,v8391.vmi,v8391.VMS,I_SPY____000,zhewar,5 levels completed,yes
Industrial Spy: Operation Espionage,industrialspy,v16594.vmi,v16594.VMS,I_SPY____000,frank,mision 8,
Industrial Spy: Operation Espionage,industrialspy,v53586.vmi,v53586.VMS,I_SPY____000,Larry Nicholson,Decent character stats and is almost completed.,
Iron Aces,ironaces,v91038.vmi,v91038.VMS,IRONACES.G12,VLADIMIR GARCIA,todos avioes no hard.all planes.BRASIL!RUMO AO HEXA!CAMPEAO MUNDIAL!I LOVE YOU LISI!,yes
Iron Aces,ironaces,v5139.vmi,v5139.VMS,IRONACES.G00,Computerman45,all planes on last mission,
Iron Aces,ironaces,v42319.vmi,v42319.VMS,IRONACES.G09,kat eyes,played through on hard,
Iron Aces,ironaces,v63890.vmi,v63890.VMS,IRONACES.G04,blood,all planes and missions on hard,
Iron Aces,ironaces,v6897.vmi,v6897.VMS,IRONACES.G00,kelly fulbright,Start out on Level 7.,
Iron Aces,ironaces,v64562.vmi,v64562.VMS,IRONACES.G12,kat eyes,All planes available. Played through on normal.,
Iron Aces,ironaces,v89766.vmi,v89766.VMS,IRONACES.G00,dre,On the 3rd mission.,
Jeremy McGrath Supercross 2000,jeremymcgrath,v52330.vmi,v52330.VMS,JMSX2000_S04,Unknown,Tabletop freestyle unlocked.,
Jeremy McGrath Supercross 2000,jeremymcgrath,v85569.vmi,v85569.VMS,JMSX2000_O01,Ricky Martinez,all 125 beat xec custom goast towntable top freestyle open 250s alsoopen will be back,yes
Jeremy McGrath Supercross 2000,jeremymcgrath,v62775.vmi,v62775.VMS,JMSX2000_S02,raptor660,Almost all tracks beat in 125cc,
Jet Grind Radio,jetgrindradio,v92607.vmi,v92607.VMS,JETGRIND_SYS,Chris,"OK for you losers and slackers thatcan't do anything w/o someone's help. Here's a save that has ALL 15characters, ALL Graffitti Souls, and some mostly high high scores.",
Jet Grind Radio,jetgrindradio,v79379.vmi,v79379.VMS,JETGRIND_SYS,SSJ4 GOKU,Here it is a save with everythingunlocked. All souls and a ratingthat will be hard to beat!,
Jet Grind Radio,jetgrindradio,v12082.vmi,v12082.VMS,JETGRIND_SYS,Tony,I have found all graffiti souls but one all the others have to be earned by getting high scores. I also have all the normal characters.,
Jet Grind Radio,jetgrindradio,v88834.vmi,v88834.VMS,JETGRIND_SYS,Sonic c,Perfect save. All characters +gogi +pots.,
Jet Grind Radio,jetgrindradio,v63649.vmi,v63649.VMS,JETGRIND_SYS,purHAZE,"Save of all Saves, the best of the best, Characters ALL unlocked! This means you play with Noise Tanks, Love Shockers, Poison Jam, Golden Rhino Dude, And POTS!",yes
Jet Grind Radio,jetgrindradio,v24620.vmi,v24620.VMS,JETGRIND_SYS,Gerald Bocook,"This is (almost) it, people! All 15 characters and all but 2 tags. Download this amazing save, and you'll be grindin' the streets with Goji Rokkaku or Potts a.s.a.p.!",
Jet Grind Radio,jetgrindradio,v31489.vmi,v31489.VMS,JETGRIND_SYS,Gerald Bocook,"Perfect save. All 15 characters, Graffiti Souls, and levels opened. At the first chapter, ""GG"". Enjoy.",
Jet Grind Radio,jetgrindradio,v80608.vmi,v80608.VMS,JETGRIND_SYS,James Buhls,"Here you go, all you slackers and no talents -- a save file with allcharachters unlocked, all rivalgangs playable, goji, and Pottsthe dog.  Enjoy...",
Jet Grind Radio,jetgrindradio,v66419.vmi,v66419.VMS,JETGRIND_SYS,kazuki_999,"Here is the first u.s. jgr download!!chapter2 ""combo and cube"" in bantom area.",
Jet Grind Radio,jetgrindradio,v12639.vmi,v12639.VMS,JETGRIND_SYS,Justin Tyler,"All three levels of posion jam are completed. The first levelof nosie tank is completed.Also have five people to choosefrom. Not much, but better then nothing.",
Jet Grind Radio,jetgrindradio,v95518.vmi,v95518.VMS,JETGRIND_SYS,Anthony Badajos from Guam,Check this save out it's the best download it now and tell me what you think. People from Guam I dare you to challenge me!,
Jet Grind Radio,jetgrindradio,v44626.vmi,v44626.VMS,JETRADIO_SYS,Gr8 Muta,[Japanese Game File] Everything unlocked.,
Jet Grind Radio,jetgrindradio,v15620.vmi,v15620.VMS,JETGRIND_LAR,EVIL,[USA] Here is a LARGE graffiti....if u like SLIPKNOT download it now!,
Jet Grind Radio,jetgrindradio,v19227.vmi,v19227.VMS,JETGRIND_SYS,michael,[USA] Beaten once. all characters except rival gangs unlocked,
Jet Grind Radio,jetgrindradio,v66410.vmi,v66410.VMS,JETGRIND_SYS,RoniN-X,"[USA] Main game beaten, all chacthers,Only Trail's left to beat.",
Jet Grind Radio,jetgrindradio,v14272.vmi,v14272.VMS,JETGRIND_SYS,Nick Berry,"[USA] Game beaten twice, all characters, most of the graffiti souls found.",
Jet Grind Radio,jetgrindradio,v4596.vmi,v4596.VMS,ICONDATA_VMS,Sofdec.com,Puts a 'Jet Set Radio' logo on your VMU,yes
Jet Grind Radio,jetgrindradio,jetset.VMI,jetset.VMS,JETRADIO_SYS,,Perfect Save! All Secret Open! (Jap),
Jet Grind Radio,jetgrindradio,JETGR.VMI,JETGR.VMS,JETGRIND_SYS,,All unlocked.,
Jet Grind Radio,jetgrindradio,v44495.vmi,v44495.VMS,JETGRIND_LAR,,Large Graffiti for Jet Grind Radio,
Jet Grind Radio,jetgrindradio,v64016.vmi,v64016.VMS,JETGRIND_SYS,,Just beat the tank on HARD,
Jet Set Radio DX,jetsetdx,jetsetdx.VMI,jetsetdx.VMS,JETSETDX_SYS,,Perfect Save! All Secret Open!,yes
July,july,july0001.VMI,july0001.VMS,JULY0000_001,,Perfect Save! Everything Unlocked!,yes
Kanon,kanon,KANON1.VMI,KANON1.VMS,KANON___.SYS,,Kanon Save (Jap) All Unlocked,yes
Kanon,kanon,KANON2.VMI,KANON2.VMS,KANON___.001,,Kanon Save (Jap) All Unlocked,
Kao the Kangaroo,kao,v27628.vmi,v27628.VMS,KAO_KANG.001,rafa,The perfect save all stages available.,yes
KISS Psycho Circus: The Nightmare Child,kisspsycho,v18835.vmi,v18835.VMS,TRMR_KPC.DAT,Unknown,"In this save file, the wholegame is 100% complete. Allweapons, maximum health onall four charecters, and ofcourse, the last stage isbaeten. Have Fun!",yes
KISS Psycho Circus: The Nightmare Child,kisspsycho,v95432.vmi,v95432.VMS,TRMR_KPC.DAT,tom,3 caracters unlocked and 2 stages beaton with the demon.,
KISS Psycho Circus: The Nightmare Child,kisspsycho,v18475.vmi,v18475.VMS,TRMR_KPC.DAT,jess,Done with star child halfway through beast king,
KISS Psycho Circus: The Nightmare Child,kisspsycho,v64618.vmi,v64618.VMS,TRMR_KPC.DAT,RIPRYDA,All the levels and characters unlocked.,
KISS Psycho Circus: The Nightmare Child,kisspsycho,v25392.vmi,v25392.VMS,TRMR_KPC.DAT,rory fisher,"All characters complete. only have to complete the ""nightmare"" stage to win.",
KISS Psycho Circus: The Nightmare Child,kisspsycho,v55188.vmi,v55188.VMS,TRMR_KPC.DAT,worm,"Completed star bearer, beast king, started on celestial.",
KISS Psycho Circus: The Nightmare Child,kisspsycho,v15003.vmi,v15003.VMS,TRMR_KPC.DAT,jeff,Kiss psycho circus: all weapons for star child and beginnig on cat man,
KISS Psycho Circus: The Nightmare Child,kisspsycho,KISSPC.VMI,KISSPC.VMS,TRMR_KPC.DAT,,All stages.,
Kono Hana True Report,truerep,00000004.vmi,00000004.VMS,KONOHANA.DAT,,JP Perfect Save! All Open!,yes
Langrisser Millennium,langrisser,langriss.VMI,langriss.VMS,LANGMILL.002,,Personal Save.Low Level,
Langrisser Millennium,langrisser,langris2.VMI,langris2.VMS,LANGMILL.001,,Personal Save.High Level,yes
Legacy of Kain: Soul Reaver,legacykain,v13239.vmi,v13239.VMS,SLREAVER.001,Behdad,"u will have all abilities,all glyphs u can even shift without having to stand on the shift portal,u also have the fire reaver. u only have to beat kain.oh! if u want a cheat:A,B,right,Y,left,left,right,up while holding R on the pause screen.",
Legacy of Kain: Soul Reaver,legacykain,v91996.vmi,v91996.VMS,SLREAVER.001,Calvin,game beaten. all spells and abiities collected. including the fire reaver. just beat kain.,
Legacy of Kain: Soul Reaver,legacykain,v13811.vmi,v13811.VMS,SLREAVER.001,Sharp=rus=,this is an ultimate file for the Russian ver.you have all spells.just kill Kain!,
Legacy of Kain: Soul Reaver,legacykain,v3848.vmi,v3848.VMS,SLREAVER.001,joe cambell,has all abilties exept fire reaver.I decorated the place a bitmost spears are at 3rd warpgatearea. has health coil maxed out and magic maxed out,yes
Legacy of Kain: Soul Reaver,legacykain,v4784.vmi,v4784.VMS,SLREAVER.001,POPOWSKY,"The best save of your life, 200% done look and tell me  you are the MASTER.",
Legacy of Kain: Soul Reaver,legacykain,v25761.vmi,v25761.VMS,SLREAVER.001,Ignacio Lastra,"It has everything, explore theentire wold been a suprime being.Have fun",
Legacy of Kain: Soul Reaver,legacykain,v73699.vmi,v73699.VMS,SLREAVER.001,Gabriel Gonazalez. PuertoRico,This game data have all AND in the final boos,
Legacy of Kain: Soul Reaver,legacykain,00000628.vmi,00000628.VMS,SLREAVER.001,Sonic c,"A perfect save(all glyphs,warp gates and has the fire reaver). It's also saved right before you fight Kain.",
Looney Toons Space Race,looneytoons,v96069.vmi,v96069.VMS,SPACERACE001,abdulrhman alahdl,"Game completed, all characters, allacme events, all gallery photos, all challenges, time trials completed.[everthing in this game]",yes
Looney Toons Space Race,looneytoons,v68008.vmi,v68008.VMS,SPACERACE001,maniak loc,Everything completed.,
Looney Toons Space Race,looneytoons,v95476.vmi,v95476.VMS,SPACERACE001,maverick1,"All characters, all tracks and mini games won, as well as all the photos in the gallery purchased.",
Looney Toons Space Race,looneytoons,v40327.vmi,v40327.VMS,SPACERACE001,Rod-Br/SP,"Perfect save. New characters, all acmebonus stages cleared and the gallery too!",
Love Hina,lovehina,lovehina.VMI,lovehina.VMS,LOVEHINA.SYS,,Perfect Save! All Secret Open!,yes
Love Hina 2,lovehina2,lovehin2.VMI,lovehin2.VMS,LOVE_HI2.SYS,,Perfect Save! Everything Unlocked!,yes
Macross M3,macross,macross.VMI,macross.VMS,MACROSSM3.SV,,Perfect Save!,yes
Macross M3,macross,m3office.VMI,m3office.VMS,MACROSSM3.SV,,offical downloaded save,
MagForce Racing,magforceracing,v25599.vmi,v25599.VMS,MAGFORCE_001,chix4mat,All Tripods and tracks.25% Faster Mode.Game 100% complete!,yes
MagForce Racing,magforceracing,v45397.vmi,v45397.VMS,MAGFORCE_001,pilaf,8 traks - super car culoroto.,
MagForce Racing,magforceracing,v51230.vmi,v51230.VMS,MAGFORCE_001,-=EiSBaeR=-,A GREAT SAVED GAME WHICH IS 25% FASTERENJOY!!!!!!,
MagForce Racing,magforceracing,v7123.vmi,v7123.VMS,MAGFORCE_001,Hector Puga Villar,Only a few cars and 7 tracks.,
Magic The Gathering,magic,magicthe.VMI,magicthe.VMS,MAGIC_6E.DAT,,Perfect Save! All Open!,yes
Magic The Gathering,magic,00000026.vmi,00000026.VMS,MAGIC_6E.DAT,,Last Save! For Ending!,
Maken X,makenx,v57196.vmi,v57196.VMS,MAKEN__X.003,mike,12 hours into game. At geist level with all but two characters.,
Maken X,makenx,v51165.vmi,v51165.VMS,MAKEN__X.001,adrian,10 hours into the game at the end.,
Maken X,makenx,v33792.vmi,v33792.VMS,MAKEN__X.001,gohan71183,6 hours into the game. 7 playable characters. 12 levels open.,
Maken X,makenx,v48230.vmi,v48230.VMS,MAKEN__X.003,XOSkeletor,About half way through fighting against the blademasters.,
Maken X,makenx,v3910.vmi,v3910.VMS,MAKEN__X.002,Bruce Carey,Start on last level All levels open All Hakke available for jacking All Blademasters except Kitty Best (Happy) ending,yes
Maken X,makenx,v43932.vmi,v43932.VMS,MAKEN__X.002,glenn baskin,rank 6- washington and amazon are open,
Maken X,makenx,v40788.vmi,v40788.VMS,MAKEN__X.001,glenn baskin,rank 4 venice is open blademaster devon,
Maken X,makenx,makenxjp.VMI,makenxjp.VMS,MAKEN__X.001,,Perfect Save! All Secret Open!,
Marionette Handler,marionette1,MARHAND1.VMI,MARHAND1.VMS,MARIONET_SYS,,All cleared.,yes
Marionette Handler 2,marionette2,MARHAND2.VMI,MARHAND2.VMS,MARIONET_001,,All cleared.,yes
Mars Matrix,marsmatrix,v31444.vmi,v31444.VMS,MARSMATRIXSV,marcelo,max shipp and credits,
Mars Matrix,marsmatrix,v88050.vmi,v88050.VMS,MARSMATRIXBU,Falcao,Everything except bg.Tudo menos o BG e muita grana.Gang 404 reina.,
Mars Matrix,marsmatrix,v3391.vmi,v3391.VMS,MARSMATRIXSV,greenhell tean,"9continue, 7 lives not are much, but is better then noting...",
Mars Matrix,marsmatrix,v2405.vmi,v2405.VMS,MARSMATRIXSV,ssjlvl4goku420,[Japanese] THE BEST DOWNLOAD SO FAR=EVERYTHING EXCEPT BACKGROUNDCOLOR UNLOCKED (give u somethingto work for). TRY and beat myscores.,
Mars Matrix,marsmatrix,v81574.vmi,v81574.VMS,MARSMATRIXSV,macross maclin,I have 7 ships 9 try. It is the best download so far. You need to try it you might like it.If you do please email me by that time i should have free play.,
Mars Matrix,marsmatrix,v36250.vmi,v36250.VMS,MARSMATRIXSV,wiggin,"Ship speed, free play unlocked, score attack up to level 5. 3 pictures in the gallery, mosquito guage speed, all the hard stuff already gotten.",yes
Mars Matrix,marsmatrix,v37943.vmi,v37943.VMS,MARSMATRIXSV,Garou,"Free play enable, extra options unlocked and more check it out!!!",
Mars Matrix,marsmatrix,v83282.vmi,v83282.VMS,MARSMATRIXSV,Shoryu,"[Japanese] 5 ships and 6 credits enabled, 300-some odd billion dollars total.",
Mars Matrix,marsmatrix,mars_m.VMI,mars_m.VMS,MARSMATRIXSV,,All secret open,
Mat Hoffman's Pro BMX,matbmx,v64233.vmi,v64233.VMS,MHPROBMX.G1T,mark muthafu@%in randy,Well this is it everything done.try and beat some of my scoresthey are crazy.............,
Mat Hoffman's Pro BMX,matbmx,v91297.vmi,v91297.VMS,MHPROBMX.GVB,Reams (BRASIL),100% completo =],
Mat Hoffman's Pro BMX,matbmx,v62728.vmi,v62728.VMS,MHPROBMX.G1T,X-mala #litoralnorte,"a good save with all characters, stages and videos!!todos os estagios, perssonagens e videos!! :OPaeee Urbana_RJ :OPPP",
Mat Hoffman's Pro BMX,matbmx,v25249.vmi,v25249.VMS,MHPROBMX.PKM,Chang,"OK, this is the REAL hangar replica...  The other one includes the wind tunnel, etc.  This one is only the inside...Enjoy!  ;)",
Mat Hoffman's Pro BMX,matbmx,v34574.vmi,v34574.VMS,MHPROBMX.GWB,Jeremy,i not sure wut 1 dis iz but it haz sum beaten i have 1 with all da games and everything unlock az soon az i ifind da vmu it on i will  post itt,
Mat Hoffman's Pro BMX,matbmx,v37771.vmi,v37771.VMS,MHPROBMX.GWB,Tom,"ULTIMATE SAVE!!! All CHARACTERS UNLOCKED, ALL LANDS,BIKES AND MOVIES TOO!",
Mat Hoffman's Pro BMX,matbmx,v45614.vmi,v45614.VMS,MHPROBMX.GWB,LEANDRO FERA (KILLME-BRASIL),"All bikes, all secret characters and thps1 burnside and warehouse.",
Mat Hoffman's Pro BMX,matbmx,v34970.vmi,v34970.VMS,MHPROBMX.G1T,mark muthafu@%in randy,"Beat it with all but 3 people.Grandma, Tony hawk, unlocked. couple more days will upload completed file. also have bails video which is cool....",yes
Mat Hoffman's Pro BMX,matbmx,v21410.vmi,v21410.VMS,MHPROBMX.G43,redmantis,"Beaten with one guy, 2 very closeto being beaten with''2comp''I have the secret character,and bikes.",
Mat Hoffman's Pro BMX,matbmx,v70903.vmi,v70903.VMS,MHPROBMX.G24,LEANDRO FERA (KILLME-BRASIL),This save is ok. 6 persons completed and secret character.,
Mat Hoffman's Pro BMX,matbmx,v21346.vmi,v21346.VMS,MHPROBMX.G1T,mark muthafu@%in randy,"All but 1 cover with Matt, and just started a new one with somebody else. Have 13covers and one gold with him.",
Mat Hoffman's Pro BMX,matbmx,v5914.vmi,v5914.VMS,MHPROBMX.G6T,redmantis,"This save is ok. I beat it with one guy ,got 3 new bikes , and thesecret character.",
Max Steel,maxsteel,v23833.vmi,v23833.VMS,MAXSTEEL.008,rkenneth,missile launch c and all weaponss,yes
Max Steel,maxsteel,v893.vmi,v893.VMS,MAXSTEEL.001,Stephen,ALMOST BEAT game/ IM UP TO THE MOUNTAINS AFTER THE ROCKET WAS LAUNCHED.,
Max Steel,maxsteel,v9483.vmi,v9483.VMS,MAXSTEEL.008,domenico,I dont now where i am but i only now that im really advance i hopeyou enjoy it,
Max Steel,maxsteel,v34041.vmi,v34041.VMS,MAXSTEEL.OPT,jd2real,It get u past the the missile lunch.,
Max Steel,maxsteel,v7955.vmi,v7955.VMS,MAXSTEEL.001,raman sapra,Almost half of the game is complete.,
Max Steel,maxsteel,v34812.vmi,v34812.VMS,MAXSTEEL.002,raman sapra,Check out my favourite part of the game!,
Max Steel,maxsteel,v18431.vmi,v18431.VMS,MAXSTEEL.001,alexbastos,level protox B,
Max Steel,maxsteel,v33878.vmi,v33878.VMS,MAXSTEEL.002,,preparate para pelear con tu ultimo enemigo,
Maximum Pool,maxpool,v58605.vmi,v58605.VMS,MAXPOOL2.SYS,CoRvO-X,esse e o save do creysson com tudo aberto seja fiel a seu pais e recuse imitacoes,
Maximum Pool,maxpool,v9149.vmi,v9149.VMS,MAXPOOL2.SYS,CD,"All cool tables, new games, and beaten all opponents on hardest difficulty.",yes
Maximum Pool,maxpool,v65883.vmi,v65883.VMS,MAXPOOL2.SYS,Lynyball,All unlocked games plus all tablesexcept pocker table.,
Maximum Pool,maxpool,v44026.vmi,v44026.VMS,MAXPOOL2.SYS,t1o1n1y1,"all new games unlocked, cool tables for mad bomber,poker,and rocket, if u like drop me some mail and we cancompete on the net for virtual moneypeace  yo!!!",
Maximum Pool,maxpool,v76804.vmi,v76804.VMS,MAXPOOL2.SYS,JC,All extra games and pool tables including cool tables open.,
Maximum Pool,maxpool,v56543.vmi,v56543.VMS,MAXPOOL2.SYS,Bob Gill,5 new games unlocked plus 5 new tables.,
Maximum Pool,maxpool,MAXPOOL.VMI,MAXPOOL.VMS,MAXPOOL2.SYS,,All games unlocked.,
Maximum Pool,maxpool,MAX2.VMI,MAX2.VMS,MAXPOOL2.SYS,,Hacked save for online gameplay! Includes all games unlocked.,
MDK 2,mdk2,v23982.vmi,v23982.VMS,MDK2SAVE.SAV,Egon,juego al 100%(game 100%)todos los videos,yes
MDK 2,mdk2,v73389.vmi,v73389.VMS,MDK2SAVE.SAV,kof2001,JOGO QUASE COMPLETO. E CRI SUABIXA EU VOU SER FAMOSO QUEM COMANDA E A ATALAIA SEUS PREGODA JOVITA. QUERO MANDAR UM APERTO DE MAO PARA OS MANOS CRIDENER E DANILINHO BEIRAMAR.ASS: GERECO O REI.FALOOOUUU......,
MDK 2,mdk2,v54936.vmi,v54936.VMS,MDK2SAVE.SAV,kof2001,80% do jogo.divirtao-se seusfanaticos de vidio game.ass:GERECO.,
MDK 2,mdk2,v47448.vmi,v47448.VMS,MDK2SAVE.SAV,rober lopez,buen juego en el punto 6-e cedido desde medellin [co],
MDK 2,mdk2,v88074.vmi,v88074.VMS,MDK2SAVE.SAV,rober,saved in the point 3b,
MDK 2,mdk2,v28017.vmi,v28017.VMS,MDK2SAVE.SAV,KodiaX,"All levels, all movies.  I have picked up all possible weapons on the way.  How does it feel to meet Level 7's boss with four laser chainguns?  :)",
MDK 2,mdk2,v87101.vmi,v87101.VMS,MDK2SAVE.SAV,Alex187@Brazil,INVINCIBLE!!!!  HACKED FILE. DONT EAT NOTHING DONT WORK ON a's STAGES EX 1a COMPLETE SAVE,
MDK 2,mdk2,v32835.vmi,v32835.VMS,MDK2SAVE.SAV,tony,All levels beaten!!!,
MDK 2,mdk2,v72014.vmi,v72014.VMS,MDK2SAVE.SAV,Homer007,Having trouble? Infinite health should help.,
MDK 2,mdk2,v62477.vmi,v62477.VMS,MDK2SAVE.SAV,artdogg,I am up to the last level,
MDK 2,mdk2,v35819.vmi,v35819.VMS,MDK2SAVE.SAV,John Christensen,to level 7-A,
MDK 2,mdk2,v71379.vmi,v71379.VMS,MDK2SAVE.SAV,Tom W.,I've finished the game.,
MDK 2,mdk2,00001154.vmi,00001154.VMS,MDK2SAVE.SAV,Mathew,i am up to stage 4,
Memories Off Complete,memoff,memoff1.VMI,memoff1.VMS,MEMO_OFF.DAT,,Perfect Save! All Secret Unlocked!,yes
Memories Off 2nd,memoff2,memoff2.VMI,memoff2.VMS,MEM_OFF2.DAT,,Perfect Save! All Secret Unlocked!,yes
Metropolis Street Racer,metropolisracer,v91729.vmi,v91729.VMS,MSRSINGL.SAV,Uthai.th,"i have 200000 kudos for YOUand secret cars,skyline gtr.",
Metropolis Street Racer,metropolisracer,v73569.vmi,v73569.VMS,MSRSINGL.SAV,MaRciNeK,all opened259/262 circuit available120000 kudoswszystkie samochodywszystko zaliczoneprocz 3 tras z 262nie wiem jak je zaliczycprosze o kontakt na email'aZROZPACZONY,
Metropolis Street Racer,metropolisracer,v68598.vmi,v68598.VMS,MSRGHOST.197,DU.VCS-BR,"136979.9 Kudos. Lancer Evo.VI, Skyline GT-R V-Spec, 300ZX, Barchetta, Celica GT-Four and RX-7 in the garage. All chapters completed, all cars unlocked, almost every cheat available. Beat some of my records ! Please e-mail me after downloading.",
Metropolis Street Racer,metropolisracer,v73236.vmi,v73236.VMS,MSRSINGL.SAV,babygangsta,chapter 25 beaten all cheat unlockall tracks unlock and over 20000000000 gained,
Metropolis Street Racer,metropolisracer,v27490.vmi,v27490.VMS,MSRSINGL.SAV,DIOGO THE MASTER,All open. More than 400000 kudos.,
Metropolis Street Racer,metropolisracer,v92682.vmi,v92682.VMS,MSRSINGL.SAV,Bunker,Finish game with everything unlocked.With no kudos cheating.,
Metropolis Street Racer,metropolisracer,v48592.vmi,v48592.VMS,MSRSINGL.SAV,Lazzy Lar,"You have all the cars, plus most MT better than ATit feel real, plus all the stages, all cheat for you cheaters.",
Metropolis Street Racer,metropolisracer,v99816.vmi,v99816.VMS,MSRSINGL.SAV,jonathan,"In this save you will haveall the cars and all tracksavailable,and some others cheats, about 100,000kudos,and more or less than 70% ofthe game complete.",
Metropolis Street Racer,metropolisracer,v72304.vmi,v72304.VMS,MSRSINGL.SAV,omar alahdl,329563.5 kudos earned. All standard cars28/28 opened. All bonus cars earned 13/13chat vehicles 7/7 earned. Specialsbeaten 44/44.all races beaten 250/2500/250 failed.abandoned 0/250.5 GARAGE slots.(ALL CHAPTER COMPLETED).EVERTHING COMPLETED.NOTS,yes
Metropolis Street Racer,metropolisracer,v1522.vmi,v1522.VMS,MSRSINGL.SAV,gonzalo araneda,"Tengo todo sacado ,todos los autos,todas las pistas, opcion cheats. Osea todo de este genial juego. No te arrepentiras,bajalo ahora!!!",
Metropolis Street Racer,metropolisracer,v7234.vmi,v7234.VMS,MSRSINGL.SAV,puff mc creep,"No hacking involved, all cheats and normal cars unlocked even the cheats option is full.",
Metropolis Street Racer,metropolisracer,v85504.vmi,v85504.VMS,MSRSINGL.SAV,Terrick Barrow,A struggling game file up chapter... something around 9-10 really hard. You have a OPC and a 406 i think it's called... and the best audio line up everr excluding the song 'get it on tonite' you have arund 1234 kudos and crap... ok! DOWNLOAD TH,
Metropolis Street Racer,metropolisracer,v76027.vmi,v76027.VMS,MSRSINGL.SAV,gabriel,"El mejor save para msr es argentino,todas las pistas, autos y cheats , conseguidas sin trampas. mejorenlo (si pueden) :)",
Metropolis Street Racer,metropolisracer,v81430.vmi,v81430.VMS,MSRSINGL.SAV,Gregory White,Domestic save for MSR with EVERYTHING...may not have the best of kudos scores but everything is open!,
Metropolis Street Racer,metropolisracer,v5378.vmi,v5378.VMS,MSRSINGL.SAV,Kryptek20,First chapter of the game complete. 7 cars available. This is early in the game but its a good boost if you are stuck but still wanna beat most of the game yourself.,
Metropolis Street Racer,metropolisracer,v45725.vmi,v45725.VMS,MSRSINGL.SAV,Gary,"12434.6 Kudos earned, 1-5 chapters completed, 6-9 opened, 8/28 cars, 3/13 bonus cars, 66/262 circuits, 11/44 specials, 5/11 specials beaten, 85/250 races avail., 50/85 races raced, 50/50 races beaten, 0/50 races abandoned, 0/50 races failed.  -",
Metropolis Street Racer,metropolisracer,v84436.vmi,v84436.VMS,MSRSINGL.SAV,Gr8 Muta,"[IMPORT] Hacked file better than the other guys save here trust me I downloded it !! Mines is better everything unlokced plus all the best cars won in challenge more ( Nissan GTR SkyLine,Audi TT Roadster loved that car in Mission Imposible:2",
Metropolis Street Racer,metropolisracer,v6728.vmi,v6728.VMS,MSRSINGL.SAV,,todos os carros e pistas.,
Metropolis Street Racer,metropolisracer,v74970.vmi,v74970.VMS,MSRSINGL.SAV,,95% do game completo. otimo save!!!!,
Milky Season,milky,milkysea.VMI,milkysea.VMS,MILKYSEA.DAT,,Perfect Save! Everything Unlocked!,yes
Mizuiro,mizuiro,mizuiro.VMI,mizuiro.VMS,MIZUIRO__SYS,,Perfect Save! Everything Unlocked!,yes
Monaco Grand Prix,monacoprix,v42190.vmi,v42190.VMS,MONACOGP.PIL,Guy Roy,Season 2002 cars and drivers.Saison 2002 pilotes et voituresToyota a pris la place de minardi(faute de place),
Monaco Grand Prix,monacoprix,v88272.vmi,v88272.VMS,MONACOGP.PIL,Steve Phaneuf,2002 season cars and drivers!,yes
Monaco Grand Prix,monacoprix,v73003.vmi,v73003.VMS,MONACOGP.PIL,Steve Phaneuf,2001 season cars and drivers!,
Monaco Grand Prix,monacoprix,v15989.vmi,v15989.VMS,MONACOGP.PIL,Steve Phaneuf,2000 season cars and drivers!,
Mr. Driller,driller,drilleru.VMI,drilleru.VMS,DRILLERU_M00,,Perfect Save! All Open!,yes
Ms. Pac-Man Maze Madness,mspacman,v60773.vmi,v60773.VMS,MSPACMMM.SYS,Jose Carlos,"Jogo pela metade, nada de util + ta ai pra quem quiser.",
Ms. Pac-Man Maze Madness,mspacman,v39739.vmi,v39739.VMS,MSPACMMM.SYS,darian cole,43 stars on this save....best save by far yet....only  1 world left to conquer....greatest  game i played yet...more to come..,
Ms. Pac-Man Maze Madness,mspacman,v84992.vmi,v84992.VMS,MSPACMMM.SYS,ralo,Defeated the witch have most of stars. However I need a couple more before finish.,
Ms. Pac-Man Maze Madness,mspacman,PACMAN.vmi,PACMAN.VMS,MSPACMMM.SYS,,Completed game! Save for Ms. PacMan maze madness.,yes
MTV Sports: Skateboarding,mtvskate,v34809.vmi,v34809.VMS,MTV_SK8BOARD,Mike Finnegan,This save has everything unlocked.Just load it up and enjoy.This game is great.,yes
Nadesico The Mission,nadesico,NADESICO.VMI,NADESICO.VMS,NADESICO.001,,Perfect Save! All Secret Open!,yes
NaKoRuRu,nakoruru,00000020.vmi,00000020.VMS,NAKORURU_SYS,,Perfect Save! All Open!,yes
Namco Museum,namcomuseum,v36300.vmi,v36300.VMS,NAMCOMUS.SYS,nomad,"GAlaga high score, beat it if you can!!!",
Namco Museum,namcomuseum,v15212.vmi,v15212.VMS,NAMCOMUS.SYS,wickedJuggalo,Super high scores for each game. Try & beat my scores. Lucky winner gets faygo upside the head!  Dedicated to The Butterfly,yes
Namco Museum,namcomuseum,v54368.vmi,v54368.VMS,NAMCOMUS.SYS,brian,my first high scores,
NBA Hoopz,nbahoopz,v13529.vmi,v13529.VMS,NBAHOOPZ_SYS,J-Red,UPDATED ROSTER INCLUDING J-ROSE TO THE BULLS AND RAEF LAFRENTZ & VAN EXEL TO THE MAVS OH & OFCOURSE THEIRS MJ,yes
NBA Showtime: NBA on NBC,nbashow,v12439.vmi,v12439.VMS,NBAONNBC.000,Cid211,Good Save Stats at 120.Halfway through 2nd Allstar Challenge.,
NBA Showtime: NBA on NBC,nbashow,v53531.vmi,v53531.VMS,NBAONNBC.000,Jay,The ultimate player. All stats maxed out except height. Pin:Master 0000,
NBA Showtime: NBA on NBC,nbashow,v62119.vmi,v62119.VMS,NBAONNBC.000,Randall D.,THIS IS GRANT HILL WITH STATS  OVER 150 AND IN MIDWAY CHALLENGE,
NBA Showtime: NBA on NBC,nbashow,v6285.vmi,v6285.VMS,NBAONNBC.000,Isaiah Robimson,Tight player with cool jersey! 100+ attributes.,
NBA Showtime: NBA on NBC,nbashow,v54565.vmi,v54565.VMS,NBAONNBC.000,Christian Bowles,"Regular season beat, halfway through Midway All-Stars. My man has some good stats, check it out!CHRIS 1103.",
NBA Showtime: NBA on NBC,nbashow,v14808.vmi,v14808.VMS,NBAONNBC.SYS,JERRY HAWK,All players unlocked 80 wins  All Midway players unlocked,yes
NBA Showtime: NBA on NBC,nbashow,v96026.vmi,v96026.VMS,NBAONNBC.002,phil,Michael Jordan 79 wins 0 loses Rodman 9676 Thomas 1111,
NBA Showtime: NBA on NBC,nbashow,v62651.vmi,v62651.VMS,NBAONNBC.003,dabadguy,"The best Magic Johnson that I could create with over 130 wins and 3 loses, I also have a good Larry bird and Michael Jordan...I made a trick 4 the game 2 call magic's name.",
NBA Showtime: NBA on NBC,nbashow,v46157.vmi,v46157.VMS,NBAONNBC.000,java,29 wins 100+ stats,
NBA Showtime: NBA on NBC,nbashow,v74260.vmi,v74260.VMS,NBAONNBC.003,michael haight,Alian with very high stats. Very good save,
NBA Showtime: NBA on NBC,nbashow,v96339.vmi,v96339.VMS,NBAONNBC.000,Cid211,good save 20 wins,
NBA Showtime: NBA on NBC,nbashow,v14198.vmi,v14198.VMS,NBAONNBC.SYS,Nelson Algarin.PUERTO RICO,OPENING ALL SECRETS & NEW MODE,
NBA Showtime: NBA on NBC,nbashow,00000619.vmi,00000619.VMS,NBAONNBC.001,Richard Netherlain,"The Old Man, 6' 0"", 14 game winning streak.",
NCAA College Football 2K2: Road to the Rose Bowl,ncaa,v26223.vmi,v26223.VMS,SEGA_NCAA2K2,deepcover1,this game save is all about the bowl games.miami vs nebraska....in the rose bowl.,yes
Never 7: The End of Infinity,never7,never7.VMI,never7.VMS,NEVER7DC.DLF,,Perfect Save! All Secret Open!,yes
NFL Blitz 2000,nflblitz,v21453.vmi,v21453.VMS,BLTZ2000.SYS,Gage Parker,This saved game has the Titans at the superbowl against the 49ers. It also my 31 straight wins and all my stats on arcade mode.,yes
NFL Blitz 2001,nflblitz2k1,v58068.vmi,v58068.VMS,BLTZ2001.301,anhel,souped up dallas cowboys check the roster i'm undefeated with them,yes
NFL Blitz 2001,nflblitz2k1,v78336.vmi,v78336.VMS,BLTZ2001.300,William Mc Wane,Souped up Greenbay Packers,
NFL Blitz 2001,nflblitz2k1,v11701.vmi,v11701.VMS,BLTZ2001.400,bluelion,Souped up Detroit Lions team,
Nightmare Creatures 2,nightcreature2,v74500.vmi,v74500.VMS,NCREATURESII,venonX,ESTA NA ULTIMA FASE MAS CUIDADO...,
Nightmare Creatures 2,nightcreature2,v80420.vmi,v80420.VMS,NCREATURESII,Dee Jay Nick,Doido vai ser vc que fazer este download.Nao lembro onde eu parei muito menos sei da energia do buneco! vai na fe'!!!,
Nightmare Creatures 2,nightcreature2,v7860.vmi,v7860.VMS,NCREATURESII,Elder Freire,"Na ultima fase, e so destruir alguns inimigos e curtir o final.",
Nightmare Creatures 2,nightcreature2,v95301.vmi,v95301.VMS,NCREATURESII,Elder Freire,"Na terceira fase e a minha preferida, ai pessoal do Brasil me mandem email sou de Assu/RN.",
Nightmare Creatures 2,nightcreature2,v22798.vmi,v22798.VMS,NCREATURESII,glenn baskin,Right before final. Battle-some weapons-29 spaces,yes
Nightmare Creatures 2,nightcreature2,v84442.vmi,v84442.VMS,NCREATURESII,matt wood,"nothing much, but e-mail for codes.",
Omikron: The Nomad Soul,omikron,v89140.vmi,v89140.VMS,THENOMADSOUL,WTFer,"The last save before the last boss, in your inventory you some health & several different weapons with you!",yes
Omikron: The Nomad Soul,omikron,v66653.vmi,v66653.VMS,THENOMADSOUL,Carlos Eduardo Thompson,After kail and tarek fight,
Omikron: The Nomad Soul,omikron,v62363.vmi,v62363.VMS,THENOMADSOUL,thomas hall,Infiltrate the secret tetra base and blow it up!,
Omikron: The Nomad Soul,omikron,v16626.vmi,v16626.VMS,THENOMADSOUL,David R.,I have gotten almost to the end. you need to get the book of Noutu,
Omikron: The Nomad Soul,omikron,v87970.vmi,v87970.VMS,THENOMADSOUL,whopper,Middle stage get out alive!,
Omikron: The Nomad Soul,omikron,v36559.vmi,v36559.VMS,THENOMADSOUL,sketchnician,"Tons of cash and tons of firepower,about one fifth of the way throughthe game (I think?) have fun.",
Omikron: The Nomad Soul,omikron,v53926.vmi,v53926.VMS,THENOMADSOUL,Richard H.,"This is a hard game to set up saves for, but if you want a severe ""fast forward"", then check this out.  You begin right before the final boss.  You have to figure a tricky puzzle right at the beginning, but after you get it...it's basically jus",
Omikron: The Nomad Soul,omikron,v79638.vmi,v79638.VMS,THENOMADSOUL,Dark Angel,You start in the middle game. You have to resurrect the mommie.,
Omikron: The Nomad Soul,omikron,v52791.vmi,v52791.VMS,THENOMADSOUL,FF7Seph,To listen to five of the David Bowie tracks select the save in the first slot from the screen. They will be in your sneak. To start in the ventilation shaft where you fall into the Commandant's office select the second to last one from the save,
Omikron: The Nomad Soul,omikron,v12315.vmi,v12315.VMS,THENOMADSOUL,john hayes,start of game. descent bank and firepower,
Omikron: The Nomad Soul,omikron,OMIKRON.VMI,OMIKRON.VMS,THENOMADSOUL,,"Multi save, half of game.",
Ooga Booga,ooga,v43154.vmi,v43154.VMS,OOGA___BOOGA,Unknown,This is an ok save to download if you don't wanna download a save where  everything is done lol,
Ooga Booga,ooga,v81380.vmi,v81380.VMS,OOGA___BOOGA,Khalid Alahdal,THE IS 100% COMPLETE.,yes
Ooga Booga,ooga,v70282.vmi,v70282.VMS,OOGA___BOOGA,zindinrimeyum,The best save for the best game. All tribes and levels found.All items.Lots of masks.,
Ooga Booga,ooga,O_BOOGA.VMI,O_BOOGA.VMS,OOGA___BOOGA,,All unlocked.,
Outtrigger,outtrigger,v89056.vmi,v89056.VMS,OUTTRIGR.SYS,Peter & Norbi,All weapons and charactersunlocked !!,
Outtrigger,outtrigger,v95711.vmi,v95711.VMS,OUTTRIGR.SYS,Anderson,"Tudo completo, so falta jogar!",
Outtrigger,outtrigger,v7936.vmi,v7936.VMS,OUTTRIGR.SYS,josh k (piccolo_09),"im piccolo_09 the online gamer fromdaytona,outtrigger,speed devils,and alien front onlinewanna challenge email mesave file has everything unlocked",
Outtrigger,outtrigger,v47583.vmi,v47583.VMS,OUTTRIGR.SYS,ssj_goku31,This Save File Has One SecertCharacter Open.Novice Mission ModeIs Complete,
Outtrigger,outtrigger,v56049.vmi,v56049.VMS,OUTTRIGR.SYS,=MVP=Angel=,este es el qrchivo de lee soloque superado en algunas cosas,
Outtrigger,outtrigger,v56939.vmi,v56939.VMS,OUTTRIGR.SYS,Computerman45,"Secret characters, weapons, and levels unlocked.",
Outtrigger,outtrigger,v73218.vmi,v73218.VMS,OUTTRIGR.SYS,Dookie,"All weapons, characters unlocked.",
Outtrigger,outtrigger,v32544.vmi,v32544.VMS,OUTTRIGR.SYS,Night Rave,"I guess that its a good save. Its a start on the gamewith the novice missions complete, I also have 2 secretcharacters, one or two extra stages. And some damn goodhigh scores.",
Outtrigger,outtrigger,v4846.vmi,v4846.VMS,OUTTRIGR.SYS,thomas l. uddybackIII,"All missions complete, all characters unlocked, and all weapons available.",yes
Outtrigger,outtrigger,OUT_EURO.VMI,OUT_EURO.VMS,OUTTRIGR.SYS,,Cool save for Outtrigger!,
Outtrigger,outtrigger,OUTTRIGR.VMI,OUTTRIGR.VMS,OUTTRIGR.SYS,,All unlocked.,
Pen Pen Trilcelon,penpen,v92450.vmi,v92450.VMS,PENWRD.00000,Dylan,Most things unlocked.,yes
Phantasy Star Online,pso,psocodes.VMI,psocodes.VMS,CDX_CODES_00,,GameShark Code Save of PSO (JP & US),yes
Phantasy Star Online,pso,PSO_D1J.VMI,PSO_D1J.VMS,PSO______004,,DOWNLOAD SAVE FILE 1 JAP,
Phantasy Star Online,pso,PSO_D2J.VMI,PSO_D2J.VMS,PSO______005,,DOWNLOAD SAVE FILE 2 JAP,
Phantasy Star Online,pso,EASTER1.VMI,EASTER1.VMS,PSO______010,,PSO Easter Quest (Part 1),yes
Phantasy Star Online,pso,EASTER2.VMI,EASTER2.VMS,PSO______011,,PSO Easter Quest (Part 2),yes
Phantasy Star Online,pso,EASTER3.VMI,EASTER3.VMS,PSO______012,,PSO Easter Quest (Part 3),yes
Phantasy Star Online,pso,FAMITSU1.VMI,FAMITSU1.VMS,PSO______013,,PSO Famitsu Cup Quest (Part 1),
Phantasy Star Online,pso,FAMITSU2.VMI,FAMITSU2.VMS,PSO______014,,PSO Famitsu Cup Quest (Part 2),
Phantasy Star Online,pso,FAMITSU3.VMI,FAMITSU3.VMS,PSO______015,,PSO Famitsu Cup Quest (Part 3),
Phantasy Star Online,pso,FIRE1.VMI,FIRE1.VMS,PSO______024,,PSO Fire at Central Dome (Part 1),yes
Phantasy Star Online,pso,FIRE2.VMI,FIRE2.VMS,PSO______025,,PSO Fire at Central Dome (Part 2),yes
Phantasy Star Online,pso,LETTER1.VMI,LETTER1.VMS,PSO______016,,PSO Letter from Lionel (Part 1),yes
Phantasy Star Online,pso,LETTER2.VMI,LETTER2.VMS,PSO______017,,PSO Letter from Lionel (Part 2),yes
Phantasy Star Online,pso,LIONV2_1.VMI,LIONV2_1.VMS,PSO______026,,PSO Letter from Lionel (Part 1),
Phantasy Star Online,pso,LIONV2_2.VMI,LIONV2_2.VMS,PSO______027,,PSO Letter from Lionel (Part 2),
Phantasy Star Online,pso,RAREMAT1.VMI,RAREMAT1.VMS,PSO______020,,PSO Raw Mat Hunt Quest (Part 1),yes
Phantasy Star Online,pso,RAREMAT2.VMI,RAREMAT2.VMS,PSO______021,,PSO Raw Mat Hunt Quest (Part 2),yes
Phantasy Star Online,pso,RETIRED1.VMI,RETIRED1.VMS,PSO______028,,PSO The Retired Quest (Part 1),yes
Phantasy Star Online,pso,RETIRED2.VMI,RETIRED2.VMS,PSO______029,,PSO The Retired Quest (Part 2),yes
Phantasy Star Online,pso,SOULV2_1.VMI,SOULV2_1.VMS,PSO______030,,PSO Soul of a Blacksmith (Part 1),yes
Phantasy Star Online,pso,SOULV2_2.VMI,SOULV2_2.VMS,PSO______031,,PSO Soul of a Blacksmith (Part 2),yes
Phantasy Star Online,pso,USFIRES1.VMI,USFIRES1.VMS,PSO______022,,PSO Central Dome Fire Swirl (1),yes
Phantasy Star Online,pso,USFIRES2.VMI,USFIRES2.VMS,PSO______023,,PSO Central Dome Fire Swirl (2),yes
Phantasy Star Online,pso,USSTEEL1.VMI,USSTEEL1.VMS,PSO______032,,PSO Soul of Steel Quest (Part 1),yes
Phantasy Star Online,pso,USSTEEL2.VMI,USSTEEL2.VMS,PSO______033,,PSO Soul of Steel Quest (Part 2),yes
Phantasy Star Online Version 2,pso2,v58812.vmi,v58812.VMS,PSO______2GC,MR. LOVE,MR. LOVE a force level 91 good fighter in battle mode the bother of WOMEN RULE a real nice girl kiss's OOOOOOOOOOOOO,
Phantasy Star Online Version 2,pso2,v75359.vmi,v75359.VMS,PSO______2GC,ELLY,ELLY level 65 good girl just a little ungly loveable kissable hugablenot cute,
Phantasy Star Online Version 2,pso2,v39598.vmi,v39598.VMS,PSO______GCD,The,Most popular saves of people on PSO,
Phantasy Star Online Version 2,pso2,v24089.vmi,v24089.VMS,PSO______2GC,KAKA,"This save is level 25,mag level is 4X.           I very like it.",
Phantasy Star Online Version 2,pso2,v45276.vmi,v45276.VMS,FCDCHEATS,SET,An xploder save with codes for PSO Version 2,yes
Phantasy Star Online Version 2,pso2,v8262.vmi,v8262.VMS,FCDCHEATS,Dean,"Really Cool! lol j/k Lvl 200 999999 mesta in bank and on you.Every Weapon S-rank,Rare,Mags,Armor,Sheilds etc. All Areas open offline but you dont have caves. you like this save mail me.",
Phantasy Star Online Version 2,pso2,v6305.vmi,v6305.VMS,PSO______2GC,mikhael,level 6,
Phantasy Star Online Version 2,pso2,v65002.vmi,v65002.VMS,PSO______GCD,DungeonMaster70,A brand new game with a newearl,
Phantasy Star Online Version 2,pso2,v38041.vmi,v38041.VMS,PSO______2GC,zach111,"around level 50, and plenty of weps messeta",
Phantasy Star Online Version 2,pso2,v62157.vmi,v62157.VMS,PSO______GCD,argyle,salvadas de phantasy conexp.22 y con mucha meseta,
Phantasy Star Online Version 2,pso2,v42979.vmi,v42979.VMS,PSO______2GC,lil J,"Name:XeroClass:HUmarLv:144 (lv not hacked)Title:XERO KILLSThis is the best download now,I have EVERY hunter weapon exept the banned one's (I could make the banned weapons like dbl cannon if i get more request).WARNING:DO NOT USE THIS ONLINE Im",
Phantasy Star Online Version 2,pso2,v31234.vmi,v31234.VMS,PSO______GCD,Chris,These are sum guildcards i have :),
Phantasy Star Online Version 2,pso2,v66518.vmi,v66518.VMS,PSO______2GC,Franklin,nada feito lv 100 todos os itens,
Phantasy Star Online Version 2,pso2,v68323.vmi,v68323.VMS,PSO______2GC,leandro,Jogo bem evoluido!1,
Phantasy Star Online Version 2,pso2,v14517.vmi,v14517.VMS,PSO______GCD,Jared Peebles,lv100 chara nonhacked lvled myself. almost all weaps nonhacked. max hp all stats maxed not hacked. but this chara is a girl lol.,yes
Phantasy Star Online Version 2,pso2,v26019.vmi,v26019.VMS,PSO______099,Micah,Play at level 99 with your character.,
Phantasy Star Online Version 2,pso2,v1944.vmi,v1944.VMS,PSO______GCD,tj,Vincent hired mercanary for pioneer2,
Phantasy Star Online Version 2,pso2,v56139.vmi,v56139.VMS,PSO______099,micyah,"Character at level 99, full of weapons and mags however, do not go online with this file or else you will get band for using it.",
Phantasy Star Online Version 2,pso2,v85560.vmi,v85560.VMS,PSO______GCD,micyah,"[Japanese] This save file is full of weapons, but do not go online with the file or you will get band for using it.",
Phantasy Star Online Version 2,pso2,FCDCHEAT.VMI,FCDCHEAT.VMS,FCDCHEATS,,GameShark Code Save of PSO v2,yes
Phantasy Star Online Version 2,pso2,psov2q1a.VMI,psov2q1a.VMS,PSO______004,,Good save for PSO v2!,
Phantasy Star Online Version 2,pso2,psov2q12.VMI,psov2q12.VMS,PSO______005,,Good save for PSO v2!,
Phantasy Star Online Version 2,pso2,v84436.vmi,v84436.VMS,PSO______GCD,,This is a Phantasy Star Online save. The game is beaten on normal and half way in hard with exeptional weapons and tons of cash!,
Pia Carrot 3,pia3,PIA3BEST.VMI,PIA3BEST.VMS,PIA3DATA_SYS,,"Perfect Save, Everything Unlocked!",yes
POD: Speedzone,pod,v52396.vmi,v52396.VMS,POD_MLTP.SYS,}{eLLRyDeRR,some levels beat and some other stuff,
POD: Speedzone,pod,podsave.VMI,podsave.VMS,POD_MLTP.SYS,,"This save file has extra cars and a track unlocked that were only accessable if an online account was created. The save has cars 'Crab' and 'Bulldog', as well as the track 'Oddrock' unlocked.",yes
Power Jet Racing 2001,jetr2001,JETRACE1.VMI,JETRACE1.VMS,POWERJET.SYS,,Perfect Save! Everything Unlocked!,yes
Prince of Persia: Arabian Nights,prince,v65650.vmi,v65650.VMS,PRINCELV.OPT,cuellar,"Mire socio,este juego es arto malo pero mirandolo con pasiencia salva caleta asi ke doy estos datos bien cerquita del final porque a mi se me que a pega la huea.",
Prince of Persia: Arabian Nights,prince,v18551.vmi,v18551.VMS,PRINCELV.SYS,Sharp=rus=,rus. version file.you start before the harbor boss with incredible items & wrapons.,
Prince of Persia: Arabian Nights,prince,v45406.vmi,v45406.VMS,PRINCELV.SYS,luis rivera,Last boss with a good amount of health.,
Prince of Persia: Arabian Nights,prince,v4808.vmi,v4808.VMS,PRINCELV.SYS,Keith Provins,The final battle with nearly full health and several good weapons.The fire sword seems towork best.,yes
Princess Holiday,princessh,PRINCESS.VMI,PRINCESS.VMS,PRIHOLI_.SYS,,Cool save for Princess Holiday!,yes
Princess Maker Collection,princessmaker,primake2.VMI,primake2.VMS,PRIMAKE2.000,,Perfect Save! All Secret Open!,yes
Prism Heart,prism,prismhea.VMI,prismhea.VMS,PRISMHEART00,,Perfect Save! All Secret Open!,yes
Prismaticallization,prismatic,PRISMATI.VMI,PRISMATI.VMS,PRISMATIC000,,Everything unlocked,yes
Puyo Puyo 4,puyopuyo4,PUYOP4.VMI,PUYOP4.VMS,PUYOPUYO4SYS,,Hidden stages & characters opened,yes
Puyo Pop Fever,puyofever,00001654.VMI,00001654.VMS,PUYOFEVERSYS,,complete Puyo pop Fever game save! Everything unlocked! Press start at bios for real mode,yes
Quake 3 Arena,quake3,v32315.vmi,v32315.VMS,QUAKE3_ARENA,ian marouk,"This is a game file part way through nightmare. I have all 4 codes from the prevous difficulty settings (dont use my name, change it)",
Quake 3 Arena,quake3,v62901.vmi,v62901.VMS,QUAKE3_ARENA,Ryan Watters,"Okie kiddies. Here is my save file.The first 4 cheats are unlocked.(IE. Armor, Weapons, Health, andInfinate Powerups(Quad, Haste,etc.))  All you need to do isbeat nightmare mode and the finalcode is yours. =P",
Quake 3 Arena,quake3,v6239.vmi,v6239.VMS,QUAKE3_ARENA,YourMoM,This is an awsome Quake 3 Arena Save.The Game beaten on Bring it On.  Perfect Control settings if you havea mouse and keyboard.  If you are online beware for YourMom causeshe will HURT YOU!!!!!!!!!!,
Quake 3 Arena,quake3,v12104.vmi,v12104.VMS,QUAKE3_ARENA,Alexander Coberly,This is a save with every code unlocked,
Quake 3 Arena,quake3,v8878.vmi,v8878.VMS,QUAKE3_ARENA,Michael Smith II,"Armor, Weapon, Health are on and it's about half way up the next tier.",
Quake 3 Arena,quake3,v42871.vmi,v42871.VMS,QUAKE3_ARENA,Kenny Faison,"If you are worthy. This save has the single player game beaten on every difficulty setting.  Now all you have to do is complete the maze (the hardest part of the game) to recieve the final cheat. Enjoy, and watch out for ""kenfaison""",
Quake 3 Arena,quake3,v17350.vmi,v17350.VMS,QUAKE3_ARENA,Gangster,Hardcore and nightmare 100% done.  All cheats available. the best save out there use and play me online.,
Quake 3 Arena,quake3,v5608.vmi,v5608.VMS,QUAKE3_ARENA,columbo27,"Beat ""i can win"" and ""bring it on"" and unlocked cheats ""armor"" and ""weapons"" on third tier of ""hurt me at the moment.",
Quake 3 Arena,quake3,v91396.vmi,v91396.VMS,QUAKE3_ARENA,Gregory Page,All Cheats Unlocked.,
Quake 3 Arena,quake3,v24990.vmi,v24990.VMS,QUAKE3_ARENA,Morgan,"I have beaten it an the first 4 difficulties, and am on Phobos on Nightmare! setting.",
Quake 3 Arena,quake3,v62600.vmi,v62600.VMS,QUAKE3_ARENA,Omega GS,"This save has I can win, Bring it on, Hurt me, and Hardcore beaten not that bad of a save. I have another save that has everything even Nightmare mode beaten, but that is only for the GS clan.",
Quake 3 Arena,quake3,v57384.vmi,v57384.VMS,QUAKE3_ARENA,Maijin Buu,Beat skill levels 1 and 2 and is in the middle of 3. First two cheats!Watch out for the final boss on skill3 though. The guy is a marathon!,
Quake 3 Arena,quake3,v21712.vmi,v21712.VMS,QUAKE3_ARENA,JORGE NIEBLA,"Skill level 1, 2 and 3 are done with the codes and i beat skill level 4 but it's on vum maze, now it's up to you.",
Quake 3 Arena,quake3,v67880.vmi,v67880.VMS,QUAKE3_ARENA,SHADOWMAN,THIS IS THE BEST SAVE SO FAR. AT THE LAST BATTLE ON TIER 5 ON THE 4TH SKILL LEVEL. ALL YOU NEED TO DO IS WIN THIS AND DO THE NIGHTMARE SKILL LEVEL AND THE GAME IS COMPLETE!! GET IT NOW!!!,
Quake 3 Arena,quake3,v84042.vmi,v84042.VMS,QUAKE3_ARENA,Ken Niko,"This is the best save so far and it was hard as hell to do the maze for hardcore! This save has all difficulties beat besides nighmare. so you have armor unlocked, weapons unlocked, health onlocked, and finally powerups unlocked which gives you",yes
Quake 3 Arena,quake3,v4004.vmi,v4004.VMS,QUAKE3_ARENA,T.,"ALL 5 CHEATS, AND EVERYTHINGDONE.",
Quake 3 Arena,quake3,v24573.vmi,v24573.VMS,QUAKE3_ARENA,Gregory Page,"All 5 Cheats unlocked! Weapons, Armor, Health, Powerups,and Ammo.  Enjoy!",
Quake 3 Arena,quake3,v1476.vmi,v1476.VMS,QUAKE3_ARENA,ian marouk,This is a game file part way through  nightmare i have all 4 codes from the prevous difficulties settings  (Make to sure to change the game name).,
Quake 3 Arena,quake3,v26626.vmi,v26626.VMS,QUAKE3_ARENA,FRANKLIN B SIMMONS{NUTDOG},ALL CODES UNLOCKED,
Quake 3 Arena,quake3,v8357.vmi,v8357.VMS,QUAKE3_ARENA,thug102,Everything unlocked all characters and all and all cheats curtousy of the thugenjoy till u play me online.,
Quake 3 Arena,quake3,v21104.vmi,v21104.VMS,QUAKE3_ARENA,BUTHEAD,Everything you could possibly want. Even clown and paintball mode.,
Quake 3 Arena,quake3,v41104.vmi,v41104.VMS,QUAKE3_ARENA,Alexander Coberly,This is a save for a 100% complete single player game on easy mode,
Quake 3 Arena,quake3,v38143.vmi,v38143.VMS,QUAKE3_ARENA,Nick Winters,"This is the third tier on the second level of intensity ""Bring It On"" its not to far but its better then all the others and i beat the first level of intensity so you have one cheat unlocked.",
Quake 3 Arena,quake3,v5396.vmi,v5396.VMS,QUAKE3_ARENA,thedarkness,First code unlocked for miltiplayer.,
Quake 3 Arena,quake3,v81782.vmi,v81782.VMS,QUAKE3_ARENA,putzy_putzone,"This is a save of the ""I can win"" level beaten and the bigining of tier 2 for ""bring it on""",
Quake 3 Arena,quake3,v28675.vmi,v28675.VMS,QUAKE3_ARENA,putzy_putzone,"This is a save of the first 2 levels: ""I can win"" & ""Bring it on"" fully beaten I think it's the best save out here yet!",
Quake 3 Arena,quake3,v9829.vmi,v9829.VMS,QUAKE3_ARENA,TigerHeart,Skill level 1 completed. 1 CHEAT is NOW accessible (ARMOR)!Half-way through Skill level 2.I know this ISN'T much but.......HOPE everyone enjoys this save!  :-),
Quake 3 Arena,quake3,v45369.vmi,v45369.VMS,QUAKE3_ARENA,Josh,The game is beat on easy level. Special maze game included when you defeat the boss.,
Quake 3 Arena,quake3,v203.vmi,v203.VMS,QUAKE3_ARENA,GJD,"This is a nice save.Skill level one complete.Save is on skill level two,beging on tier five left for you to solve to get the second little gift wating for your victory to claim it.There is already one secret open for you hardcore Quake 3 fans. -",
Quake 3 Arena,quake3,v22898.vmi,v22898.VMS,QUAKE3_ARENA,Acid666,"I can win, bring it on and hurt me beat with cheats unlocked armor, weapons and health.",
Quake 3 Arena,quake3,v17045.vmi,v17045.VMS,QUAKE3_ARENA,Brian Davis,All Secret Characters Unlocked.,
Quake 3 Arena,quake3,v21356.vmi,v21356.VMS,QUAKE3_ARENA,Helium,"The last level on easy mode. Not the best save in the world but hey, there is not much of a choice yet.",
Quake 3 Arena,quake3,v19136.vmi,v19136.VMS,QUAKE3_ARENA,Omega GS,Last boss fight Tier 5 in single player mode.,
Quake 3 Arena,quake3,quake301.VMI,quake301.VMS,QUAKE3_ARENA,,Perfect Save! All secret unlocked!,
Quake 3 Arena,quake3,QUAKE3.VMI,QUAKE3.VMS,QUAKE3_ARENA,,All unlocked. (USA),
Quake 3 Arena,quake3,v75767.vmi,v75767.VMS,QUAKE3_ARENA,,"TODOS OS MACETES LIBERAODOS (ARMOR, POWER UPS, AMMO, HEALTH, WEAPONS)",
Railroad Tycoon 2,railroadtycoon2,v42242.vmi,v42242.VMS,RTYCOON2.CMP,DaveA,great saved game all cheats,
Railroad Tycoon 2,railroadtycoon2,v96298.vmi,v96298.VMS,RTYCOON2.CMP,Marcelo H. Ferreira,"All finished, 18 gold medals, 5 cheats open cybergtr Brazil.",
Railroad Tycoon 2,railroadtycoon2,v43042.vmi,v43042.VMS,RTYCOON2.CMP,Edwin A. Alleyne Jr.,Every scenario finished with at least 17 Gold Medals.  4 cheat codes unlocked.,yes
Railroad Tycoon 2,railroadtycoon2,v21001.vmi,v21001.VMS,RTYCOON2.CMP,Dennis Dman Doolin,All senerios beat except for one.,
Railroad Tycoon 2,railroadtycoon2,v21051.vmi,v21051.VMS,RTYCOON2.CMP,AaronLarson,All senerios have been played but not all have been beat.,
Railroad Tycoon 2,railroadtycoon2,v1995.vmi,v1995.VMS,RTYCOON2.HIS,Roland,3 scenerios finished. each are great money makers.,
Railroad Tycoon 2,railroadtycoon2,v95539.vmi,v95539.VMS,RTYCOON2.CMP,Aaron,"First two senerios beat, with silver medals in easy mode, and over a million dollars for each senerio.",
Railroad Tycoon 2,railroadtycoon2,RTYCOON2.VMI,RTYCOON2.VMS,RTYCOON2.CMP,,Completed save. 4 bonus stages.,
Rainbow Cotton,rainbowcotton,RAINCOT.VMI,RAINCOT.VMS,R_COTTON.SCO,,Voice Select Unlocked,yes
Rainbow Six,rainbowsix,v26998.vmi,v26998.VMS,EW_LW_01.PLN,Aghashie Supernova,Perfect Plan for: LITTLE WING Eagle Wathc #1 Hard Mode,
Rainbow Six,rainbowsix,v36947.vmi,v36947.VMS,RAINBOW6.CMP,Ryan Coleman,All levels beaten including Eagle Watch.,
Rainbow Six,rainbowsix,v73570.vmi,v73570.VMS,R6_LF_13.PLN,Aghashie Supernova,"Perfect Plan for: LONE FOX #13 Hard Mode  Need some help with my plans? E-mail me! <a href=""[email removed]"">[email removed]</a>",
Rainbow Six,rainbowsix,v17811.vmi,v17811.VMS,R6_FW_07.PLN,Aghashie Supernova,Perfect plan for: FIRE WALK #07 Hard Mode,
Rainbow Six,rainbowsix,v60795.vmi,v60795.VMS,1STEEL_W.PLN,TheMaster,The Best plan for steel wind on this site be the red team until the blue team gets to wait-B than switch and be the blue team!,
Rainbow Six,rainbowsix,v79488.vmi,v79488.VMS,R6_SW_02.PLN,Aghashie Supernova,Perfect Plan for:STEEL WIND #1 Hard Mode,
Rainbow Six,rainbowsix,v34279.vmi,v34279.VMS,EW_RL_01.PLN,Aghashie Supernova,Perfect Plan for:RED LIGHTING Eagle Watch #4 Hard Mode,
Rainbow Six,rainbowsix,v29582.vmi,v29582.VMS,RAINBOW6.CMP,jeremy morrow,"All missions complete which include the Eagle missions on both difficulties,",
Rainbow Six,rainbowsix,v95996.vmi,v95996.VMS,RAINBOW6.CMP,Jay-z,All objectives completed,
Rainbow Six,rainbowsix,v34572.vmi,v34572.VMS,RAINBOW6.CMP,Jay-z,Have all secondary guns,
Rainbow Six,rainbowsix,v64841.vmi,v64841.VMS,RAINBOW6.CMP,evileye855,all missions complete including eagle watch missions,
Rainbow Six,rainbowsix,v3670.vmi,v3670.VMS,RAINBOW6.CMP,Bad Brad,alot of missions completed,
Rainbow Six,rainbowsix,v34921.vmi,v34921.VMS,RAINBOW6.CMP,corey Billings,this game is fairly difficult.I haven't gotten too far yet.,
Rainbow Six,rainbowsix,v81017.vmi,v81017.VMS,RAINBOW6.CMP,r.c,all missions completed@,
Rainbow Six,rainbowsix,v84094.vmi,v84094.VMS,RAINBOW6.CMP,ALEXIS,LEVEL #8,
Rainbow Six,rainbowsix,RAINBOW6.VMI,RAINBOW6.VMS,RAINBOW6.CMP,,Perfect Save! All Secret Unlocked!,yes
Rainbow Six: Rogue Spear,rsrogue,v99068.vmi,v99068.VMS,ROGUE_SP.CM2,Miguel Avellaneda,All stages in recruit level complete.Very few deads.,
Rainbow Six: Rogue Spear,rsrogue,v41423.vmi,v41423.VMS,ROGUE_SP.CM2,xFLaMe3,All missions completed,
Rainbow Six: Rogue Spear,rsrogue,v20049.vmi,v20049.VMS,ROGUE_SP.CM2,AJ2k2,I am on tha 3rd level I just cannot beat that level u try to beat that level if u do email me.,
Rainbow Six: Rogue Spear,rsrogue,v68861.vmi,v68861.VMS,ROGUE_SP.CM2,Bruno,ABSOLUTALY PERFECT ALL MISSIONS COMPLETE NO ONE KILLED  ELITE MODE (WASN'T EASY)TALENTO MADE IN BRASIL,
Rainbow Six: Rogue Spear,rsrogue,v95448.vmi,v95448.VMS,ROGUE_SP.CM2,Jay Meyer,All levels in both regular game and urban operations complete. every last level is complete. is on easy. most people still alive.,yes
Rainbow Six: Rogue Spear,rsrogue,v67810.vmi,v67810.VMS,ROGUE_SP.CM2,Chris Alu,All missions completed and Urban Operations available on easy.,
Rainbow Six: Rogue Spear,rsrogue,v56798.vmi,v56798.VMS,ROGUE_SP.CM2,junior gilliam,Most levels completed.,
Rainbow Six: Rogue Spear,rsrogue,v47137.vmi,v47137.VMS,ROGUE_SP.CM2,smith,All levels available.,
Rainbow Six: Rogue Spear,rsrogue,v91854.vmi,v91854.VMS,ROGUE_SP.CM2,rogue6,Im on mission 11. Have fun!!!!,
Rainbow Six: Rogue Spear,rsrogue,v96528.vmi,v96528.VMS,ROGUE_SP.CM2,Cody Anderson,Mission  2,
Rainbow Six: Rogue Spear,rsrogue,v43123.vmi,v43123.VMS,ROGUE_SP.CM2,Colin Dentino,Aztec Palace : ALL OPERATIVES,
Rainbow Six: Rogue Spear,rsrogue,v32645.vmi,v32645.VMS,ROGUE_SP.CM2,bp,high level. all characters still alive,
Rainbow Six: Rogue Spear,rsrogue,v38922.vmi,v38922.VMS,ROGUE_SP.CM2,roaddogg-xxx,Mission 4,
Rayman 2: The Great Escape,rayman2,v24920.vmi,v24920.VMS,RAYMAN_2.198,diego venturini,the best 56 % completed .befor the ship.,
Rayman 2: The Great Escape,rayman2,v5124.vmi,v5124.VMS,RAYMAN_2.MEN,Roberto Rivelino,one of the three downloadable  mini-games,yes
Rayman 2: The Great Escape,rayman2,v27678.vmi,v27678.VMS,RAYMAN_2.AAA,anomal,The PAL version.100% for all.,
Rayman 2: The Great Escape,rayman2,v33044.vmi,v33044.VMS,RAYMAN_2.198,philemond,I have the three mask now i'm on the poison ship. 56.5% are completed.,
Rayman 2: The Great Escape,rayman2,v18269.vmi,v18269.VMS,RAYMAN_2.RAM,Bruno_le,perfect save PAL version,
Rayman 2: The Great Escape,rayman2,v41012.vmi,v41012.VMS,RAYMAN_2.LJD,Tha Chef,I'm at the level right after you get the second mask.,
Rayman 2: The Great Escape,rayman2,v17571.vmi,v17571.VMS,RAYMAN_2.F1A,Faris Abuzeid,100% Complete All lums.,yes
Rayman 2: The Great Escape,rayman2,v38434.vmi,v38434.VMS,RAYMAN_2.NW_,MADSKILZ,100% EVERYTHING,
Rayman 2: The Great Escape,rayman2,v4615.vmi,v4615.VMS,RAYMAN_2.SY_,Nelson Algarin.PUERTO RICO,100% COMPLETE & ALL CRISTAL PLUS OPENING SECRETS,
Rayman 2: The Great Escape,rayman2,v90929.vmi,v90929.VMS,RAYMAN_2.KMG,Marc Groger,"99.8% complete.  I'm missing one lumon the fire and lava level.  If youfind it, please e-mail me.",
Rayman 2: The Great Escape,rayman2,v60841.vmi,v60841.VMS,RAYMAN_2.RJS,Richard Silvagni,"100%, 5 out of six crystals.",
Rayman 2: The Great Escape,rayman2,00000030.vmi,00000030.VMS,RAYMAN_2.JEF,,Best Save! 100% Complete!,
Rayman 2: The Great Escape,rayman2,00000031.vmi,00000031.VMS,RAYMAN_2.LIF,,Bonus Level LIF Unlocked,
Rayman 2: The Great Escape,rayman2,00000032.vmi,00000032.VMS,RAYMAN_2.MEN,,Bonus Level MEN Unlocked,
Rayman 2: The Great Escape,rayman2,00000033.vmi,00000033.VMS,RAYMAN_2.SPA,,Bonus Level SPA Unlocked,
Rayman 2: The Great Escape,rayman2,RAYMAN2.VMI,RAYMAN2.VMS,RAYMAN_2.MAR,,Cool save for Rayman 2!,
Razor Freestyle Scooter,razor,v47428.vmi,v47428.VMS,SCOOTER__DAT,NiceGuy14B,This file has everything. All levels unlocked. All charecters unlocked including the Robot. This save is the best!!!,yes
Re-Volt,revolt,v31269.vmi,v31269.VMS,REVOLTDC.SAV,zinergy,"All the cars, including mystery, UFO and clockwork cars.",
Re-Volt,revolt,v71563.vmi,v71563.VMS,REVOLTDC.SAV,raul gutierrez,"all track ,carnage, ufo mystery and all other secretcars",
Re-Volt,revolt,v32546.vmi,v32546.VMS,REVOLTDC.SAV,Jason Harayda,"All cars, tracks, hidden game, and some VIP track times.",
Re-Volt,revolt,v8042.vmi,v8042.VMS,REVOLTDC.SAV,Echobase2,"All cars, tracks and modes unlocked. Including ""Clockwork Carnage"" mode.",
Re-Volt,revolt,v54542.vmi,v54542.VMS,REVOLTDC.SAV,Redbomberman,"All cars, tracks, and hidden gamefeatures have been unlocked (or most of them)",
Re-Volt,revolt,00000588.vmi,00000588.VMS,REVOLTDC.SAV,Anthony Gest,All the cars and tracks,
Re-Volt,revolt,v63092.vmi,v63092.VMS,REVOLTDC.SAV,,100% done,yes
Ready 2 Rumble Boxing,ready_rumble,v11554.vmi,v11554.VMS,R2RUMBLE.001,Wesley Padley,"Just about done. You will have all boxers at your level to beat the game with. It's like kiddie mode, just block and hit. You have 4 boxers to complete till you have a complete roster.",
Ready 2 Rumble Boxing,ready_rumble,v6786.vmi,v6786.VMS,R2RUMBLE.001,"Eric Vasquez  Mcallen,Texas","Just one more fight to beat the game. Win with B.KNOKIMOV with strength, dexterity and experience 100% in champ mode. ""I DEFEAT ALL MAN""",
Ready 2 Rumble Boxing,ready_rumble,v83017.vmi,v83017.VMS,R2RUMBLE.001,Eric,"All boxers unlocked in champ mode strength, dexterity, experience all 100% on all boxers plus 2 million dollars and just 7 boxers left to be champ. THIS IS A GOT TO HAVE SAVE. HAVE FUN!",yes
Ready 2 Rumble Boxing,ready_rumble,v83094.vmi,v83094.VMS,R2RUMBLE.001,Paul Pourhassani,All boxers at champ mode.,
Ready 2 Rumble Boxing,ready_rumble,v75673.vmi,v75673.VMS,R2RUMBLE.001,"Eric Vasquez  Mcallen,Texas",All characters unlocked plus over 2 million dollars in prize money in championship mode and a few more fights to go. Enjoy,
Ready 2 Rumble Boxing,ready_rumble,v56261.vmi,v56261.VMS,R2RUMBLE.001,Keenan Williams,"All characters unlocked plus over 2 million dollars in championship mode forget ""who wants to be a millionare""",
Ready 2 Rumble Boxing,ready_rumble,v92796.vmi,v92796.VMS,R2RUMBLE.001,Dario Mendoza,10 fights away from beating the entire game.,
Ready 2 Rumble Boxing,ready_rumble,00000013.vmi,00000013.VMS,R2RUMBLE.SYS,Garrett Wilke,All characters at champ mode. All characters unlocked.,
Ready 2 Rumble Boxing,ready_rumble,R2RUMBLE.VMI,R2RUMBLE.VMS,R2RUMBLE.001,,All unlocked. (Euro),
Ready to Rumble Boxing 2,ready_rumble2,v48151.vmi,v48151.VMS,RUMBLER2.SYS,johny,este archivo solo lefaltan completar el modo trainig,
Ready to Rumble Boxing 2,ready_rumble2,v15321.vmi,v15321.VMS,RUMBLER2.SYS,andre luis,all boxers except rumbleman.todos os lutadores menos rumbleman.,
Ready to Rumble Boxing 2,ready_rumble2,v45507.vmi,v45507.VMS,RUMBLER2.SYS,Eric Dilliard,"All charecters, costumes, and holiday costumes unlocked.",
Ready to Rumble Boxing 2,ready_rumble2,v36902.vmi,v36902.VMS,RUMBLER2.SYS,Phillip Dybedal,"Everything, I mean EVERYTHING unlocked.  All boxers, all champ costumes, all holiday costumes and an extra game mode (TRAINING).  The Ultimate Ready 2 Rumble Round 2 save brought to you by the swooshman, Phillip Dybedal.",yes
Ready to Rumble Boxing 2,ready_rumble2,v84884.vmi,v84884.VMS,RUMBLER2.SYS,Igor Soprano,All characters and all modes done.,
Ready to Rumble Boxing 2,ready_rumble2,v46966.vmi,v46966.VMS,RUMBLER2.SYS,Deez Nezie,For the ones need help get this I got it all.,
Ready to Rumble Boxing 2,ready_rumble2,v53473.vmi,v53473.VMS,RUMBLER2.SYS,bruno mathias,"Everything you could possibly want is here. M. Jackson, Shaq, Mr. Prez, Hillary, Rumbleman, all champ outfits, etc.",
Ready to Rumble Boxing 2,ready_rumble2,v48119.vmi,v48119.VMS,RUMBLER2.SYS,goku,Michael Jackson is in arcade modeand a couple more and Butcher Brownin champion mode.,
Ready to Rumble Boxing 2,ready_rumble2,v44660.vmi,v44660.VMS,RUMBLER2.SYS,raman sapra,All boxers open including famous celebrities.,
Ready to Rumble Boxing 2,ready_rumble2,v53377.vmi,v53377.VMS,RUMBLER2.SYS,alaindc,All characters unlocked.,
Ready to Rumble Boxing 2,ready_rumble2,v69962.vmi,v69962.VMS,RUMBLER2.SYS,Mike Harding,All of the characters except Michael Buffer are available for you to use.,
Ready to Rumble Boxing 2,ready_rumble2,v96700.vmi,v96700.VMS,RUMBLER2.SYS,Mike Harding,All fighters except Rumbleman.,
Ready to Rumble Boxing 2,ready_rumble2,v57428.vmi,v57428.VMS,RUMBLER2.SYS,Liew.Y.C,Everything unlocked.,
Ready to Rumble Boxing 2,ready_rumble2,v37697.vmi,v37697.VMS,RUMBLER2.SYS,Dre Latham,"Everything unlocked, all characters, Championship mode complete, all champs, and all outfits.",
Ready to Rumble Boxing 2,ready_rumble2,v31346.vmi,v31346.VMS,RUMBLER2.SYS,snack,All characters unlocked,
Ready to Rumble Boxing 2,ready_rumble2,v23399.vmi,v23399.VMS,RUMBLER2.SYS,Luis D Riestra,All characters available!!!,
Ready to Rumble Boxing 2,ready_rumble2,v25185.vmi,v25185.VMS,RUMBLER2.SYS,brano,All boxers unlocked but rumbleman,
Ready to Rumble Boxing 2,ready_rumble2,v49241.vmi,v49241.VMS,RUMBLER2.SYS,Charles,"This will give you Micheal Jackson, Shaq, Hilllary an Bill Clinton",
Ready to Rumble Boxing 2,ready_rumble2,v77093.vmi,v77093.VMS,RUMBLER2.SYS,nokier,"Most boxers champed, all new boxers but rumble man",
Ready to Rumble Boxing 2,ready_rumble2,v58582.vmi,v58582.VMS,RUMBLER2.SYS,TOK,Everything beat the credit goesout to my cousin Danny his girlSabrina and Me you all know tok!,
Ready to Rumble Boxing 2,ready_rumble2,v41161.vmi,v41161.VMS,RUMBLER2.SYS,,Hacked save for Ready 2 Rumble Round 2. Everything unlocked!!!!Have fun with it!!! :o),
Ready to Rumble Boxing 2,ready_rumble2,v65923.vmi,v65923.VMS,RUMBLER2.SYS,,This is for Ready 2 Rumble Round 2.Six left to beat. Another great save from the great one!,
Ready to Rumble Boxing 2,ready_rumble2,v70918.vmi,v70918.VMS,RUMBLER2.SYS,,"This save is actually for Ready to Rumble Round2.Michael, Shaq, Mr. and Mrs. Clinton unlocked.",
Ready to Rumble Boxing 2,ready_rumble2,v38890.vmi,v38890.VMS,RUMBLER2.SYS,,This save is for READY 2 RUMBLE 2 ONLY. It has 4 hidden characters unlocked. Two of them are Freak E. Deke and Michael Jackson.,
Record of Lodoss War,reclodoss,v50206.vmi,v50206.VMS,LODOSS__.001,WTFer,"Level 100, beat all the dungeons, have all the dragon equipment, beat the game & got the special wand from Wart's secret quest! Got a ton of extra equpment/maxed out some ancientsOnly thing left is to defeat the 3 secret Dragons in the game! -",
Record of Lodoss War,reclodoss,v70065.vmi,v70065.VMS,LODOSS__.001,Kyo Kusanagi,"Level 100, almost all equipment, all legendary ammunition, all ancient words at MAX, excellent accessory (rings, belts, etc...). JUST KILL KARDIS!!!",
Record of Lodoss War,reclodoss,v19236.vmi,v19236.VMS,LODOSS__.001,John,directly after speaking with the dark dragon,
Record of Lodoss War,reclodoss,v28475.vmi,v28475.VMS,LODOSS__.001,julian,"un buen archivo con la armadura dragon y la de marfa estoy en nivel 100 voy en el cuarto piso del castillo.solo falta derrotar a narse y el dragon verde, me falta solo dos medellones.escribi si tenes inquietudes.",
Record of Lodoss War,reclodoss,v44020.vmi,v44020.VMS,LODOSS__.001,Andre,"estou com Level 100 , posso ficar com + de 25 mil de sangue tenho toda a armor do dragon ja matei todos dragoes acho que tenho todas as escrissoes quase 100% do game",
Record of Lodoss War,reclodoss,v26462.vmi,v26462.VMS,LODOSS__.002,[]D[][V][]D,level 72 still early in the game (finding medallians) i think a pretty good all around guy.,
Record of Lodoss War,reclodoss,v86585.vmi,v86585.VMS,LODOSS__.001,Bartek,"Level 100 , more than 9999 hp, gathered all dragon items and have almost all inscriptions  . I have beaten Narse and the green dragon.",
Record of Lodoss War,reclodoss,v57702.vmi,v57702.VMS,LODOSS__.001,law,A great save game with excellent weapons in the middle of the game. A perfect file to enjoy the game!,
Record of Lodoss War,reclodoss,v24693.vmi,v24693.VMS,LODOSS__.001,klauss,lv 100 Almost all equipment. Saved at the end of the game on G.F. Only one medalion is missing.All ready to face Narse.,
Record of Lodoss War,reclodoss,v43391.vmi,v43391.VMS,LODOSS__.001,James Tyler,"Right after beating Narse. Have all medalions, last one is on guy to fight green dragon. Around lv 80 with mostly everything and lots of upgrades.",
Record of Lodoss War,reclodoss,v68838.vmi,v68838.VMS,LODOSS__.001,*CHIEF*&*BRAIN*,"Level 100,all weapon,all legendary ammunition,all ancient words at MAX level,the BEST amuletsrings/ belts/ robes and etc. P.S.: the amazing surprise is waiting for you atthe lift (10-th level of the Dark Castle, beforethe last battle - battle w",yes
Record of Lodoss War,reclodoss,v51717.vmi,v51717.VMS,LODOSS__.001,VegitaKi,Level 100 Sword Armor and Helm of Dragon Max abilities Narseand green dragons defeat justgo to up and defeat Kardis withone sword of kill any enimesof game with a single blow lessthe last boss with ten slashes.,
Record of Lodoss War,reclodoss,v66639.vmi,v66639.VMS,LODOSS__.001,dark falz3,This save has a powerfullsword armor helmut plus highhp and mp i have beaten rusivemet slain and his wife. You needto kill sordel to get too vagnard.,
Record of Lodoss War,reclodoss,v95669.vmi,v95669.VMS,LODOSS__.001,Caleb Brown,Beaten the game couple of times.  Have most items and inscriptions.  Don't have dragon sword or armor.,
Record of Lodoss War,reclodoss,v42073.vmi,v42073.VMS,LODOSS__.001,Jean,Near the end. Have to kill Narse and the green dragon. All dongeon done and all dragon stuff equipped.,
Record of Lodoss War,reclodoss,v5828.vmi,v5828.VMS,LODOSS__.001,nesa,"For fun, you have defeat two enemy, in cave off Narse and Marella. And off course Kardis.",
Record of Lodoss War,reclodoss,v7288.vmi,v7288.VMS,LODOSS__.001,Edgar Rodriguez,Level 69 with a powerful oriental sable with critical that 103% and exelent vital.,
Record of Lodoss War,reclodoss,v4477.vmi,v4477.VMS,LODOSS__.001,Phraust Byte,"I hope u enjoy my character ""phraust"" i have juz beaaten gatekeeper in underground canyon have deedlit and parn as partners and my weaps have great upgrades not a gameshark hack!!!!",
Record of Lodoss War,reclodoss,lodoss.VMI,lodoss.VMS,LODOSS__.002,,money max.exp max,
Record of Lodoss War,reclodoss,lodoss2.VMI,lodoss2.VMS,LODOSS__.001,,Status Max,
Red Dog: Superior Fire Power,reddog,v64962.vmi,v64962.VMS,RED_DOG__SYS,Greg G.,100% complete. All maps unlocked.,yes
Red Dog: Superior Fire Power,reddog,v5415.vmi,v5415.VMS,RED_DOG__SYS,dima sl,Start of 4 level.,
Red Dog: Superior Fire Power,reddog,v21793.vmi,v21793.VMS,RED_DOG__SYS,jordan skaggs,last stage,
Red Dog: Superior Fire Power,reddog,v96318.vmi,v96318.VMS,RED_DOG__SYS,,"It's not that far into Red-Dog. First level beat,and the first mission beat. It's not much, but No one else has red-dog up yet.",
disc_bs_redlineracer,redlineracer,blue_swirl_redline_ra_SAVE0000.vmi,blue_swirl_redline_ra_SAVE0000.VMS,REDLINER.SAV,,"all tracks free [source: BLUE_SWIRL (blueswirl.shorturl.com, (c) 2006 Blue Swirl; site now offline)]",yes
Reel Fishing Wild,reelfish,v55486.vmi,v55486.VMS,REELFISH.SYS,jose renato,todas as fases abertas e recordes,
Reel Fishing Wild,reelfish,v60365.vmi,v60365.VMS,REELFISH.SYS,Edward Aho,All Fishing spots are open. All fish have been caught. Game has been completed.,yes
Rent A Hero No. 1,rentahero,v47039.vmi,v47039.VMS,RENTA1___001,jepthan edwards,EVERY THING UNLOCKED!!! EVERYTHING,yes
Rent A Hero No. 1,rentahero,v42170.vmi,v42170.VMS,RENTA1___001,cared2001,tudo liberado!!!!!!!!!PODE CONFIAR!!!!!!!!!,
Rent A Hero No. 1,rentahero,v84947.vmi,v84947.VMS,RENTA1___001,edonchen,All unlocked,
Rent A Hero No. 1,rentahero,renthero.VMI,renthero.VMS,RENTA1___001,,Perfect Save! All Secret Open!,
Resident Evil 2,residentevil2,v46465.vmi,v46465.VMS,RESEVIL2.A01,Ninja,Ok for all you lazy people out there!This save contain's the Arrange mode beat'n on theHardest level witch is Nightmare Have fun...And try to survive the horror,
Resident Evil 2,residentevil2,v18712.vmi,v18712.VMS,RESEVIL2.A02,Ninja,"ok the same as the first save I gavebut,this one is Claire's File.Have fun!",
Resident Evil 2,residentevil2,v68907.vmi,v68907.VMS,RESEVIL2.A01,Alucard,This file stats you out with Claire in her new costume and a colt with inf ammo.,
Resident Evil 2,residentevil2,v23708.vmi,v23708.VMS,RESEVIL2.O01,OGUZ UYSAL,claire redfield nesneler tam toplanmis.,
Resident Evil 2,residentevil2,v85972.vmi,v85972.VMS,RESEVIL2.SYS,OGUZ UYSAL,"Disc 1of2 movieler,resimler ve 3d modellerin hepsi acik.4th,tofu,extreme battle oyunlari acik.-[2 blocks]",
Resident Evil 2,residentevil2,v27711.vmi,v27711.VMS,RESEVIL2.O01,Dirceu A. Mataes,todas as armas do jogo com municao infinita senario de leon,
Resident Evil 2,residentevil2,v82450.vmi,v82450.VMS,RESEVIL2.SYS,OGUZ UYSAL,OYUN FULL GECILDI_(EUROPE),
Resident Evil 2,residentevil2,v5845.vmi,v5845.VMS,RESEVIL2.O01,Sonicguy,All weapons and infinite ammo at the start of the game and when you go down stairs you get the special key.,
Resident Evil 2,residentevil2,v58582.vmi,v58582.VMS,RESEVIL2.O01,newbie123,Leon scenario B.,
Resident Evil 2,residentevil2,v73184.vmi,v73184.VMS,RESEVIL2.E01,FreakyLinks,Game saved on EX. mode with Chris on the half way point of that game with one bomb.,
Resident Evil 2,residentevil2,v68066.vmi,v68066.VMS,RESEVIL2.SYS,anthony laine,"System data includes all 3d models, all movies (for both discs), almostall illustrations and rough sketches.also includes 4th survivor, tofusurvivor, and extreme battle mode.",yes
Resident Evil 2,residentevil2,v26878.vmi,v26878.VMS,RESEVIL2.SYS,CHARLY BROWN ( GDL ),"4 sobrebibiente, tofu, galeria abierta, modo de batalla,todos los cinemas.",
Resident Evil 2,residentevil2,v64640.vmi,v64640.VMS,RESEVIL2.A03,Alan M,Rocket launcher gataling gun and more infinite ammo couple of pics and movies enjoy!,
Resident Evil 2,residentevil2,v54780.vmi,v54780.VMS,RESEVIL2.A01,HeLLzFuRy,"Infinite ammo, all characters unlocked even the 4th survivor. Hard to kill characters. A lot of herbs, so you can play dangerously.Great gallery of pictures and 3D models.-=**Enjoy!!!**=-",
Resident Evil 2,residentevil2,v50830.vmi,v50830.VMS,RESEVIL2.O08,ORUGA & BEBE (FROM GDL),"Extreme battle mode and all 3d models (but not 4th survivor and tofu),infinite ammo for machine gun in normal mode. And hard, nightmare, easy mode news. All pictures in gallery and more...",
Resident Evil 2,residentevil2,v83992.vmi,v83992.VMS,RESEVIL2.SYS,[Thai]Rawee S.,This the system save for RE2 with everything at the title screen.,
Resident Evil 2,residentevil2,v4864.vmi,v4864.VMS,RESEVIL2.A01,OTACILIO - BRAZIL,infinite ammo and moore you`ll love this.PAL-M VERSION,
Resident Evil 2,residentevil2,v8790.vmi,v8790.VMS,RESEVIL2.O11,jim coch gdl.,first stuff found like 3d images and draws,
Resident Evil 2,residentevil2,v82929.vmi,v82929.VMS,RESEVIL2.A03,antonyo,many weapons,
Resident Evil 2,residentevil2,bio20001.VMI,bio20001.VMS,BIOHAZRD2A06,,Super Save! All weapons! (Jap),
Resident Evil 3: Nemesis,residentevil3,v27920.vmi,v27920.VMS,RESEVIL3.SYS,XUSPETA,Voce que e kabaso esse filenao tem mais de 3 telas completase que SE-FORDASE VOCE!!!!!!!!!,
Resident Evil 3: Nemesis,residentevil3,v72986.vmi,v72986.VMS,RESEVIL3.002,igor,60% of the game completed,
Resident Evil 3: Nemesis,residentevil3,v91831.vmi,v91831.VMS,RESEVIL3.004,Dubkiller,"Jill's Diary save. Final save before the end of the game. All you need to do is get the""Incinerator Manual"" (beside the ladder when you escape) and the ""Classified Photo File"" (outsideon the ground right after theshockwave). After you've gotten",
Resident Evil 3: Nemesis,residentevil3,v33463.vmi,v33463.VMS,RESEVIL3.SYS,Mike Moore,"Have all of the epligoues, all of the items bought. Great for beginners who wanna take the easy way outand win.",
Resident Evil 3: Nemesis,residentevil3,v1995.vmi,v1995.VMS,RESEVIL3.SYS,Giovanny,"This is a code for somebody who who don""t want every secert solve.Epilogue,unlimited ammo on therocket launcher,gatlin gun, and M16 rifle.Have Fun!",
Resident Evil 3: Nemesis,residentevil3,v63312.vmi,v63312.VMS,RESEVIL3.SYS,Giovanny,"This will help people who want to beat the game,but don""t want somebody to get all sercets just what you need to win. 3 epilogue,$2,567 dollars and unlimited ammo for the rocket launcher,gatlin gun,and M16 rifle.Have fun.",
Resident Evil 3: Nemesis,residentevil3,v22935.vmi,v22935.VMS,RESEVIL3.001,Bo Thomas,"Half way done, every weapon, alot of money. Saved with both endings.",
Resident Evil 3: Nemesis,residentevil3,v61857.vmi,v61857.VMS,RESEVIL3.SYS,Bo Thomas,Saved with both endings. Infinite everything. 95% done with files beatin 12 times in a week.,
Resident Evil 3: Nemesis,residentevil3,v61221.vmi,v61221.VMS,RESEVIL3.SYS,JUST-JIF,"This should be a save right before the final bought with the Tyrant. 2 rocket launchers, with infinite ammo, gattling gun, assault rifle, magnum, all infinite ammo. Plenty of herbs, and aid sprays, All epilouges, try to complete the game two ti",
Resident Evil 3: Nemesis,residentevil3,v98299.vmi,v98299.VMS,RESEVIL3.SYS,JUST-JIF,"System save for start of a new game with all weapons, inf. ammo, and all 8 epilogues viewable. Enjoy!!!",
Resident Evil 3: Nemesis,residentevil3,v96903.vmi,v96903.VMS,RESEVIL3.003,Robb,"Perfect save for novice players, already with all special weapons from the Mercenaries Mode (Assault Rifle, Gattling Gun and Rocket Luncher), just take the rocket and say to Nemesis ""GOOD BYE"", unlimited ammo to all weapon of the game, choose y",
Resident Evil 3: Nemesis,residentevil3,v64093.vmi,v64093.VMS,RESEVIL3.SYS,Rawee S.,"When you start game, you have M4A1, GATLING GUNand M66 in box and infinite ammo.",
Resident Evil 3: Nemesis,residentevil3,v65367.vmi,v65367.VMS,RESEVIL3.SYS,Mario,Rocket launcher and assault riflefor hard mode!!!,
Resident Evil 3: Nemesis,residentevil3,v88744.vmi,v88744.VMS,RESEVIL3.SYS,Ymers and Osvaught,Save to new game with all mercenaries items and 4 epilogues.,
Resident Evil 3: Nemesis,residentevil3,v87889.vmi,v87889.VMS,RESEVIL3.SYS,Christopher Dart,About $4500 in mercinary mode.,
Resident Evil 3: Nemesis,residentevil3,v2671.vmi,v2671.VMS,RESEVIL3.SYS,victor-def,Gattling gun in chest for hardmode.,
Resident Evil 3: Nemesis,residentevil3,v71483.vmi,v71483.VMS,RESEVIL3.001,[Thai]Rawee S.,This game is saved at the half way point of the game at the church right after you lost contact with Carlos lots weapons in the box in the save room.,
Resident Evil 3: Nemesis,residentevil3,v86309.vmi,v86309.VMS,RESEVIL3.001,jason,Right before the last nemises,
Resident Evil 3: Nemesis,residentevil3,v53088.vmi,v53088.VMS,RESEVIL3.001,robb67,Great save all guns and inf. health,
Resident Evil 3: Nemesis,residentevil3,v67159.vmi,v67159.VMS,RESEVIL3.001,Ryan,Saved right before you get to the gate of the park with one gem already in the clock and one on you.,
Resident Evil 3: Nemesis,residentevil3,bio3jpsy.VMI,bio3jpsy.VMS,BIOHAZRD3SYS,,SYSTEM date! All secret unlocked!(JP),
Resident Evil 3: Nemesis,residentevil3,bio3a05.VMI,bio3a05.VMS,BIOHAZRD3A05,,Super Save! All weapons!(JP),
Resident Evil 3: Nemesis,residentevil3,v67409.vmi,v67409.VMS,RESEVIL3.001,,100% completo,
Resident Evil 3: Nemesis,residentevil3,v93576.vmi,v93576.VMS,RESEVIL3.SYS,,Todas as armas infinitas quando pegadas. E com algumas armas ja infinitas no comeco. COOOOLLLLLLLL,
Resident Evil 3: Nemesis,residentevil3,v18254.vmi,v18254.VMS,RESEVIL3.002,,All weapons with infinite ammo. Try to beat this save twice to see both endings.,
Resident Evil 3: Nemesis,residentevil3,v27144.vmi,v27144.VMS,RESEVIL3.SYS,,This save has all the file for you to view. All weapons at max all weapons are in the box and you can view both endings of the game.,yes
Resident Evil: Code Veronica,resident_evil,v49956.vmi,v49956.VMS,RE_CV000.001,Justin Mosher,On disk 2 with inf. herbs and magnum. Also all weapoms with 999 ammo.,
Resident Evil: Code Veronica,resident_evil,v33626.vmi,v33626.VMS,RE_CV000.SYS,Glauber,"All game modes avaliable, linear and rocket weapons avaliable and all characters.",
Resident Evil: Code Veronica,resident_evil,v43934.vmi,v43934.VMS,RE_CV000.005,ss goku,"Infinate rocket launcher, plenty of herbs and f-aid sprays. About 70% through the first disk. I hope u enjoy it.",
Resident Evil: Code Veronica,resident_evil,v89183.vmi,v89183.VMS,RE_CV000.005,Inni Akra,"ALL MODES,BATTLE MODE WESKER PLAYABLE END OF GAME AT WHERE FIRST RE TOOK PLACE  TELL ME WHAT YOU THINK OF IT",
Resident Evil: Code Veronica,resident_evil,v58348.vmi,v58348.VMS,RE_CV000.015,TuNNa,The best save take this and you will be satisfied towards the beginning with Claire look inside the chest it has EVERYTHING!,
Resident Evil: Code Veronica,resident_evil,v39417.vmi,v39417.VMS,RE_CV000.001,Anthony Badajos from Guam,"Just before the fight in the plane. You got 999 ammo for the pistol, 14 sprays, 17 mixed herbs, infinite linear launcher, infinite magnum, infinite ink ribbon and mp-100 fully loaded. This save is not hacked, I play and catch a lot of things, d",
Resident Evil: Code Veronica,resident_evil,v65733.vmi,v65733.VMS,RE_CV000.001,oracle,Everything unlocked! All weapons and infinite ammo!,yes
Resident Evil: Code Veronica,resident_evil,v70045.vmi,v70045.VMS,RE_CV000.004,Teeth,Unlimited rocket launcher (not linear launcher) unlocked for main game.,
Resident Evil: Code Veronica,resident_evil,v84106.vmi,v84106.VMS,RE_CV000.002,jeremy,the tyrant battle on the plane,
Resident Evil: Code Veronica,resident_evil,v20350.vmi,v20350.VMS,RE_CV000.001,Charles,EVERYTHING UNLOCKED BATTLE GAME IS ALL DONE GOT SERECT CHARACTERS TOO!,
Resident Evil: Code Veronica,resident_evil,v33557.vmi,v33557.VMS,RE_CV000.003,GZMattLink,PLAY AS WESKER!!!! Open up the storage box. Oh yeah don't get hit by bats!,
Resident Evil: Code Veronica,resident_evil,v60781.vmi,v60781.VMS,RE_CV000.001,gabriel puerto rico,"Start with Claire with infinite magnun, linear launcher & ink ribbon.",
Resident Evil: Code Veronica,resident_evil,v63276.vmi,v63276.VMS,RE_CV000.001,john lane,Start on first disk and play as tyrant.This will only work if you have a gamesharkin and then start game without codes.,
Resident Evil: Code Veronica,resident_evil,v42832.vmi,v42832.VMS,RE_CV000.002,FF7Seph,Start of Disc 2. Enjoy.,
Resident Evil: Code Veronica,resident_evil,v12495.vmi,v12495.VMS,RE_CV000.012,Dan Shaw Widman,"Be a special person starting from the first disk! AHAHAHAHAH Its really cool! e-mail me if you want more to play as others!<a href=""[email removed]"">[email removed]!</a> we will trade vmu files!",
Resident Evil: Code Veronica,resident_evil,v64920.vmi,v64920.VMS,RE_CV000.001,Bruce C.,"Ultimate, gameshark enhanced save!All weapons fully loaded (most w/999 bullets) and mad mixed herbs.You even get to play with the sniperrifle & linear launcher!Saved right before the final battle!Enjoy!!!!",
Resident Evil: Code Veronica,resident_evil,v69325.vmi,v69325.VMS,CDX_SETTINGS,michael collins,Download this for infinity everything!!!,
Resident Evil: Code Veronica,resident_evil,v77209.vmi,v77209.VMS,RE_CV000.002,Tim,on disk 2 with cris redfield check your item box!,
Resident Evil: Code Veronica,resident_evil,v12018.vmi,v12018.VMS,RE_CV000.003,nemesis13,Check this huge box full of weapons and infinite herbs!!!,
Resident Evil: Code Veronica,resident_evil,v43618.vmi,v43618.VMS,RE_CV000.003,Dario Mendoza,"Right before final boss with HEAVY firepower. Magnum(18), Assault Rifle(70%), 100% Submachine Guns, 10 explosive arrows, Grenade launcher(lots of grenades).",
Resident Evil: Code Veronica,resident_evil,v81216.vmi,v81216.VMS,RE_CV000.002,wild weezle,when you get to the first save point you have a bazzoka with inf ammo,
Resident Evil: Code Veronica,resident_evil,v61271.vmi,v61271.VMS,RE_CV000.SYS,Keenan Williams,Question what does all A's in battle gameequal linear launcher!!!!!!!,
Resident Evil: Code Veronica,resident_evil,v62187.vmi,v62187.VMS,RE_CV000.SYS,Rob Blanchet,battle mode unlocked,
Resident Evil: Code Veronica,resident_evil,v41499.vmi,v41499.VMS,RE_CV000.015,bgrob,"here it is retep, hope it helpd ya",
Resident Evil: Code Veronica,resident_evil,v22475.vmi,v22475.VMS,RE_CV000.SYS,lionsden,Battle game with linear luancher,
Resident Evil: Code Veronica,resident_evil,v46677.vmi,v46677.VMS,RE_CV000.013,r.c,start game with wesker RE1!,
Resident Evil: Code Veronica,resident_evil,v52935.vmi,v52935.VMS,RE_CV000.SYS,Juan Acevedo,All characters and weapons includingthe Linear Launcher unlocked.,
Resident Evil: Code Veronica,resident_evil,v52407.vmi,v52407.VMS,RE_CV000.001,Juan Acevedo,Start of the game with a Magnum withinfinite ammo and an infinite mixedherb. All the weapons with infiniteammo in the first item box.,
Resident Evil: Code Veronica,resident_evil,v84865.vmi,v84865.VMS,RE_CV000.002,Juan Acevedo,End of the game with all the weapons and items in the items box.,
Resident Evil: Code Veronica,resident_evil,v81176.vmi,v81176.VMS,RE_CV000.SYS,Nelson Algarin.PUERTO RICO,PERFECT BATTLE MODE,
Resident Evil: Code Veronica,resident_evil,00000886.vmi,00000886.VMS,RE_CV000.001,Josh Gamble,"End of the game. When you get to Alexia, hold UP when close to her and hit her SIX times with the G.Launcher, she'll die, I guarentee!",
Resident Evil: Code Veronica,resident_evil,biocsys1.VMI,biocsys1.VMS,VERONICA.SYS,,System Save! All secrets open!,
Resident Evil: Code Veronica,resident_evil,bioc001.VMI,bioc001.VMS,VERONICA.004,,Last Save!,
Resident Evil: Code Veronica,resident_evil,v12022.vmi,v12022.VMS,RE_CV000.SYS,,Save for start of game. You have special gun and infinite ammo.,
Revive,revive,revive1.VMI,revive1.VMS,REVIVE___SYS,,Perfect Save! All Secret Open!,yes
Rez,rez,rez9999.VMI,rez9999.VMS,REZ_________,,Best Save! Everything Unlocked,yes
Rippin' Riders,rippinriders,v28836.vmi,v28836.VMS,R_RIDERS.001,Jeremy,"Snowman unlocked, a few extra costumes.",
Rippin' Riders,rippinriders,v50777.vmi,v50777.VMS,R_RIDERS.SYS,Roger,Everything unlocked.,
Rippin' Riders,rippinriders,v12793.vmi,v12793.VMS,R_RIDERS.SYS,TOK,ALL BOARDS and FREE RIDE and FORCEtrack open ALL Coutumes except BOB.,
Rippin' Riders,rippinriders,v14545.vmi,v14545.VMS,R_RIDERS.SYS,AC,"most of the boards all characters, free rides and secret force",
Rippin' Riders,rippinriders,v28530.vmi,v28530.VMS,R_RIDERS.SYS,Kris,All characters and tracks open most of the boards available.,
Rippin' Riders,rippinriders,00000579.vmi,00000579.VMS,R_RIDERS.SYS,Studley,"Snowman unlocked, 1,2,3,4,5, and ending couse beat, soon I will have secret force unlocked",yes
Roadsters,roadsters,v43459.vmi,v43459.VMS,ROADSTER.001,EVANDRO GRACHET,EVANDRO ARARAS_SP,
Roadsters,roadsters,v96969.vmi,v96969.VMS,ROADSTER.001,Drew Dees,It starts you out at season two. Could be helpful to people who want to bypass the easy seasons.,yes
Roommate Novel,roommate,ROOMMATE.VMI,ROOMMATE.VMS,ROOMMATE_NVL,,The ultimate female roommate,yes
SaKaToKu 1,sakato1,TEDAH1_1.VMI,TEDAH1_1.VMS,SAKATOKU.C98,,Offical Team Download! (Team 1),yes
SaKaToKu 1,sakato1,TEDAH1_2.VMI,TEDAH1_2.VMS,SAKATOKU.C98,,Offical Team Download! (Team 2),
SaKaToKu 2,sakato2,TEDAH2e1.VMI,TEDAH2e1.VMS,SAKATOK2.A88,,Special Song! Sakura Wars!,yes
SaKaToKu 2,sakato2,TEDAH2e2.VMI,TEDAH2e2.VMS,SAKATOK2.A07,,Special Song! Around The World!,
disc_bs_sakura_card,sakura_card,blue_swirl_sakura_car_SAVE0000.vmi,blue_swirl_sakura_car_SAVE0000.VMS,CCS_TOMO.001,,"save com quase todas as fases abertas e alguns extras tb by> Sn-Higor-Masters [source: BLUE_SWIRL (blueswirl.shorturl.com, (c) 2006 Blue Swirl; site now offline); region JP]",yes
Sakura Wars 1,sakura1,sw1_sys.VMI,sw1_sys.VMS,SAKURA_1.SYS,,Perfect Save! Everything Unlocked!,yes
Sakura Wars 1,sakura1,sw1_007.VMI,sw1_007.VMS,SAKURA_1.007,,Last Save!,
Sakura Wars 2,sakura2,sw2_sys.VMI,sw2_sys.VMS,SAKURA_2.SYS,,Perfect Save! Everything Unlocked!,yes
Sakura Wars 2,sakura2,sw2_009.VMI,sw2_009.VMS,SAKURA_2.009,,Last Save!,
Sakura Wars 3,sakura3,sw3_sys.VMI,sw3_sys.VMS,SAKURA_3.SYS,,System File! All Open!,yes
Sakura Wars 3,sakura3,sw3_004.VMI,sw3_004.VMS,SAKURA_3.004,,Last Save!,
Sakura Wars 3,sakura3,sw3_001.VMI,sw3_001.VMS,SAKURA_3.001,,Stage 9 save!,
Sakura Wars 3,sakura3,SW3_D01.VMI,SW3_D01.VMS,SW.3_DDL.001,,Offical Site Special Save 1,
Sakura Wars 3,sakura3,SW3_D02.VMI,SW3_D02.VMS,SW.3_DDL.002,,Offical Site Special Save 2,
Sakura Wars 3,sakura3,SW3_D03.VMI,SW3_D03.VMS,SW.3_DDL.003,,Offical Site Special Save 3,
Sakura Wars 3,sakura3,SW3_D04.VMI,SW3_D04.VMS,SW.3_DDL.004,,Offical Site Special Save 4,
Sakura Wars 3,sakura3,SW3_D05.VMI,SW3_D05.VMS,SW.3_DDL.005,,Offical Site Special Save 5,
Sakura Wars 3,sakura3,SW3_D06.VMI,SW3_D06.VMS,SW.3_DDL.006,,Offical Site Special Save 6,
Sakura Wars 3,sakura3,SW3_D07.VMI,SW3_D07.VMS,SW.3_DDL.007,,Offical Site Special Save 7,
Sakura Wars 3,sakura3,SW3_D08.VMI,SW3_D08.VMS,SW.3_DDL.008,,Offical Site Special Save 8,
Sakura Wars 3,sakura3,SW3_D09.VMI,SW3_D09.VMS,SW.3_DDL.009,,Offical Site Special Save 9,
Sakura Wars 3,sakura3,SW3_D10.VMI,SW3_D10.VMS,SW.3_DDL.010,,Offical Site Special Save 10,
Sakura Wars 3,sakura3,SW3_D11.VMI,SW3_D11.VMS,SW.3_DDL.011,,Offical Site Special Save 11,
Sakura Wars 3,sakura3,SW3_D12.VMI,SW3_D12.VMS,SW.3_DDL.012,,Offical Site Special Save 12,
Sakura Wars 3,sakura3,SW3_D13.VMI,SW3_D13.VMS,SW.3_DDL.013,,Offical Site Special Save 13,
Sakura Wars 3,sakura3,SW3_D14.VMI,SW3_D14.VMS,SW.3_DDL.014,,Offical Site Special Save 14,
Sakura Wars 3,sakura3,SW3_D15.VMI,SW3_D15.VMS,SW.3_DDL.015,,Offical Site Special Save 15,
Sakura Wars 4,sakura4,00000023.vmi,00000023.VMS,SAKURA_4.SYS,,Perfect Save! Everything Unlocked!,yes
Sakura Wars 4,sakura4,sw4_001.VMI,sw4_001.VMS,SAKURA_4.001,,Game file! Sakura's Ending!,
Sakura Wars 4,sakura4,sw4_002.VMI,sw4_002.VMS,SAKURA_4.002,,Game file! Erika's Ending!,
Sakura Wars 4,sakura4,sw4_003.VMI,sw4_003.VMS,SAKURA_4.002,,Game file! Roberia's Ending!,
Sakura Wars 4,sakura4,sw4_004.VMI,sw4_004.VMS,SAKURA_4.005,,Game file! Orihime's Ending!,
Sakura Wars 4,sakura4,sw4_005.VMI,sw4_005.VMS,SAKURA_4.004,,Game file! Sumire's Ending!,
Sakura Wars 4,sakura4,sw4_006.VMI,sw4_006.VMS,SAKURA_4.003,,Game file! Gorisei's Ending!,
Sakura Wars Columns,sakurapz,sakurapz.VMI,sakurapz.VMS,HANACUL2.SYS,,Cool save for Sakura Wars Columns!,yes
Sakura Wars Kayou Show,sakuraks,SWDASHEN.VMI,SWDASHEN.VMS,SKRSHOW1.SYS,,Perfect Save! Everything Unlocked!,yes
Samba de Amigo,samba,v13812.vmi,v13812.VMS,SAMBAUS1.SYS,Hector REVIL Valencia,La que cuelga pa DEVIL!!! wena!!! aqui van algunos temas!!!!! De HECTOR REVIL VALENCIA PARA EL MUNDO!!!,
Samba de Amigo,samba,v99674.vmi,v99674.VMS,SAMBAV2K.D12,WANGLEI,extra song,
Samba de Amigo,samba,v53877.vmi,v53877.VMS,SAMBAUS1.SYS,Melvin,This is the best game file for sure. It has 22 songs. All the songs unlocked plus the 9 downloaded songs.,
Samba de Amigo,samba,v39888.vmi,v39888.VMS,SAMBAUS1.SYS,Sofdec.com,exclusive Sofdec.com save: * All Songs Unlocked. * 4 Exclusive Songs. * All maracas SE effects unlocked. * All challenges completed.,yes
Samba de Amigo,samba,v66472.vmi,v66472.VMS,SAMBAUS1.D04,Marcelo,After Burner song!!!,
Samba de Amigo,samba,v35525.vmi,v35525.VMS,SAMBAUS1.SYS,Marcelo,"All songs!Wec, Made in Brazil.",
Samba de Amigo,samba,v78463.vmi,v78463.VMS,SAMBAUS1.SYS,jeff smith,3 songs open,
Samba de Amigo,samba,v15984.vmi,v15984.VMS,SAMBAUS1.SYS,Chulala,All songs unlocked,
Samba de Amigo,samba,v8053.vmi,v8053.VMS,SAMBADE1.SYS,UltimateSonicFan,[Japanese] All Songs Unlocked.,
Samba de Amigo,samba,v12556.vmi,v12556.VMS,SAMBAUS1.SYS,LuvLies,All songs and stages are opened,
Samba de Amigo,samba,SAMBAUSA.VMI,SAMBAUSA.VMS,SAMBAUS1.SYS,,US Best Save! Everything Unlocked,
Samba de Amigo,samba,sambajp1.VMI,sambajp1.VMS,SAMBADE1.SYS,,Jap Best Save! Everything Unlocked,
Samba de Amigo,samba,SAMBAV2K.VMI,SAMBAV2K.VMS,SAMBAV2K.SYS,,All unlocked. (Jap),
Samba de Amigo,samba,MUSIC001.VMI,MUSIC001.VMS,SAMBAUS1.D01,,Track 01 Samba De Amigo,
Samba de Amigo,samba,MUSIC002.VMI,MUSIC002.VMS,SAMBAUS1.D02,,Track 02 Samba De Amigo,
Samba de Amigo,samba,MUSIC003.VMI,MUSIC003.VMS,SAMBAUS1.D03,,Track 03 Samba De Amigo,
Samba de Amigo,samba,MUSIC004.VMI,MUSIC004.VMS,SAMBAUS1.D04,,Track 04 Samba De Amigo,
Samba de Amigo,samba,MUSIC005.VMI,MUSIC005.VMS,SAMBAUS1.D05,,Track 05 Samba De Amigo,
Samba de Amigo,samba,MUSIC006.VMI,MUSIC006.VMS,SAMBAUS1.D06,,Track 06 Samba De Amigo,
Samba de Amigo,samba,MUSIC007.VMI,MUSIC007.VMS,SAMBAUS1.D07,,Track 07 Samba De Amigo,
Samba de Amigo,samba,MUSIC008.VMI,MUSIC008.VMS,SAMBAUS1.D08,,Track 08 Samba De Amigo,
Samba de Amigo,samba,MUSIC009.VMI,MUSIC009.VMS,SAMBAUS1.D09,,Track 09 Samba De Amigo,
Samba de Amigo,samba,MUSIC_01.VMI,MUSIC_01.VMS,SAMBAV2K.D01,,Track 01 Samba de Amigo ver. 2000,
Samba de Amigo,samba,MUSIC_02.VMI,MUSIC_02.VMS,SAMBAV2K.D02,,Track 02 Samba de Amigo ver. 2000,
Samba de Amigo,samba,MUSIC_03.VMI,MUSIC_03.VMS,SAMBAV2K.D03,,Track 03 Samba de Amigo ver. 2000,
Samba de Amigo,samba,MUSIC_04.VMI,MUSIC_04.VMS,SAMBAV2K.D04,,Track 04 Samba de Amigo ver. 2000,
Samba de Amigo,samba,MUSIC_05.VMI,MUSIC_05.VMS,SAMBAV2K.D05,,Track 05 Samba de Amigo ver. 2000,
Samba de Amigo,samba,MUSIC_06.VMI,MUSIC_06.VMS,SAMBAV2K.D06,,Track 06 Samba de Amigo ver. 2000,
Samba de Amigo,samba,MUSIC_07.VMI,MUSIC_07.VMS,SAMBAV2K.D07,,Track 07 Samba de Amigo ver. 2000,
Samba de Amigo,samba,MUSIC_08.VMI,MUSIC_08.VMS,SAMBAV2K.D08,,Track 08 Samba de Amigo ver. 2000,
Samba de Amigo,samba,MUSIC_09.VMI,MUSIC_09.VMS,SAMBAV2K.D09,,Track 09 Samba de Amigo ver. 2000,
Samba de Amigo,samba,MUSIC_10.VMI,MUSIC_10.VMS,SAMBAV2K.D10,,Track 10 Samba de Amigo ver. 2000,
Samba de Amigo,samba,MUSIC_11.VMI,MUSIC_11.VMS,SAMBAV2K.D11,,Track 11 Samba de Amigo ver. 2000,
Samba de Amigo,samba,MUSIC_12.VMI,MUSIC_12.VMS,SAMBAV2K.D12,,Track 12 Samba de Amigo ver. 2000,
Samba de Amigo,samba,MUSIC_13.VMI,MUSIC_13.VMS,SAMBAV2K.D13,,Track 13 Samba de Amigo ver. 2000,
Samba de Amigo,samba,MUSIC_14.VMI,MUSIC_14.VMS,SAMBAV2K.D14,,Track 14 Samba de Amigo ver. 2000,
Samba de Amigo,samba,MUSIC_15.VMI,MUSIC_15.VMS,SAMBAV2K.D15,,Track 15 Samba de Amigo ver. 2000,
San Francisco Rush 2049,rush2049,v9533.vmi,v9533.VMS,RUSH2049.P00,denis,"Everyone, this is an update to one of the greatest game save files on Rush EVER created!!! WITHOUT cheating, I have logged many hours, laps, times, miles, etc. to bring you every last car, track, and part to you... Just download this and look at",
San Francisco Rush 2049,rush2049,v66025.vmi,v66025.VMS,RUSH2049.P00,kakarotto,"A Great record file. Not all secrets unlocked, but I have killer records to be beated by you.If you beat me send an e-mail e put your save here.This file come from Brasil. (USA version of game).",
San Francisco Rush 2049,rush2049,v89251.vmi,v89251.VMS,RUSH2049.P01,c-masta,Has all the stock cars and not very much coins and on the 3rd circuit with one race beaten and three stunt tracks unlocked.,
San Francisco Rush 2049,rush2049,v74992.vmi,v74992.VMS,RUSH2049.P00,ElMonkey,"A lot of cars and tracks, most coins, and a ton of stunt points.",
San Francisco Rush 2049,rush2049,v75304.vmi,v75304.VMS,RUSH2049.P00,Igor Soprano,"All done: all tracks, all modes, all cars and all parts unlocked. Have not cheats. Game Over!",
San Francisco Rush 2049,rush2049,v46713.vmi,v46713.VMS,RUSH2049.P00,mike,All race coins gold/silver. In stunt all silver. Missing one gold on 4th stunt stage.,
San Francisco Rush 2049,rush2049,v82401.vmi,v82401.VMS,RUSH2049.P00,Brandon,"Everything unlocked. All cars, all tracks, all battle arenas, all stunt courses, obstacle course, all parts and ALL COINS.",yes
San Francisco Rush 2049,rush2049,v878.vmi,v878.VMS,RUSH2049.2FA,spiffjackson,"All tracks, cars, upgrades unlocked.",
San Francisco Rush 2049,rush2049,v4994.vmi,v4994.VMS,RUSH2049.P00,Doug,"Everything but two cars and a couple of coins are unlocked. All tracks, parts, etc.",
San Francisco Rush 2049,rush2049,v90379.vmi,v90379.VMS,RUSH2049.P00,anhel,All stunt and race tracks. 1 truck missing 1 upgrade (8.0L v10) decent # of coins check total stats.,
San Francisco Rush 2049,rush2049,v21712.vmi,v21712.VMS,RUSH2049.P00,Christopher DEVIOUS Davis aka PoPPyCaPPa,This is a COMPLETE save with every single track AND car unlocked including the Obstacle course and the last two cars: Locust LX and the PANTHER!,
San Francisco Rush 2049,rush2049,v92575.vmi,v92575.VMS,RUSH2049.P00,killer c,Obstacle track unlocked.  3 cars unlocked.  All stunt and battle tracks unlocked.  And most all parts received.,
San Francisco Rush 2049,rush2049,v15537.vmi,v15537.VMS,RUSH2049.P00,eric hardin,"All tracks, all upgrades, and all stunt tracks.  I am only missing 1 gold stunt coin ,  and 1 silver race coin. Obstacle course also unlocked.",
San Francisco Rush 2049,rush2049,v34306.vmi,v34306.VMS,RUSH2049.P00,Terry,"Stunt tracks unlocked, circuit tracks unlocked, obstacle course unlocked, 3 cars unlocked, two cars to go, only two more extra upgrades to get.",
San Francisco Rush 2049,rush2049,v78086.vmi,v78086.VMS,RUSH2049.P00,INSANE1,All cars and tracks unlocked.,
San Francisco Rush 2049,rush2049,v82803.vmi,v82803.VMS,RUSH2049.P00,Richard H.,"All tracks and obstacle opened.Plus 4 hidden vehicles unlocked.Also, most upgrades and coins found.",
San Francisco Rush 2049,rush2049,v74591.vmi,v74591.VMS,RUSH2049.P00,craig,4 cars and all tracks plus lots'o stuff,
San Francisco Rush 2049,rush2049,v54861.vmi,v54861.VMS,RUSH2049.P00,JP,all stunt tracks and gauntlet openalso 2 new cars open,
San Francisco Rush 2049,rush2049,v46987.vmi,v46987.VMS,RUSH2049.P00,Dark Angel,"All stunt tracks, 2 hidden tracks for racing and stuff.",
San Francisco Rush 2049,rush2049,v45179.vmi,v45179.VMS,RUSH2049.P00,Strider,"I have all tracks, all upgrades, and 2 extra cars.",
San Francisco Rush 2049,rush2049,v81920.vmi,v81920.VMS,RUSH2049.P01,(HR)WilSin,four stunt tracks and alot of other stuff...,
San Francisco Rush 2049,rush2049,v85962.vmi,v85962.VMS,RUSH2049.P00,nick,Oasis open in stunt,
Sega Bass Fishing,bassfish,v21584.vmi,v21584.VMS,BASS_FISHING,Brandon,All lures all big fishin the diary every thing thing unlocked with thewhole game finished!1111,yes
Sega Bass Fishing,bassfish,v79466.vmi,v79466.VMS,BASS_FISHING,boyet,all lures 1missing greatest fisher,
Sega Bass Fishing,bassfish,v33309.vmi,v33309.VMS,BASS_FISHING,Fill Macrackin,All lures in the final stage.,
Sega Bass Fishing,bassfish,v94898.vmi,v94898.VMS,BASS_FISHING,HelpGuru,"HelpGuru's Game Save. This Game save has everything that you could possibly want. E-mail us for any other game saves for any game. we are Chad and Stan, we are the new Game Save force.",
Sega Bass Fishing,bassfish,v45604.vmi,v45604.VMS,BASS_FISHING,Mario DeMarino,"All lures, including sonic, and all areas. Only HUGE fish in practice diary, right on last tournement in 1st!",
Sega Bass Fishing,bassfish,v72094.vmi,v72094.VMS,BASS_FISHING,jeff,My save. Sonic lure unlocked,
Sega Bass Fishing,bassfish,00000073.vmi,00000073.VMS,BASS_FISHING,Juan Corral,Very good save.,
Sega Bass Fishing 2,bassfish2,v40328.vmi,v40328.VMS,BASSFISHING2,ETN,"Completo, todas as iscas, todas as cores,todos os torneios em primeiro lugar, todospersonagens.",yes
Sega Bass Fishing 2,bassfish2,v41303.vmi,v41303.VMS,BASSFISHING2,ETN,Completissimo.,
Sega Bass Fishing 2,bassfish2,v88108.vmi,v88108.VMS,BASSFISHING2,shawndrae,"I have beated the game.I Got 90 lures,12 togo",
Sega Bass Fishing 2,bassfish2,v32382.vmi,v32382.VMS,BASSFISHING2,GeeVes,"All tourney's beaten, all charatersgained. Only a few lures left to get.",
Sega Bass Fishing 2,bassfish2,v19323.vmi,v19323.VMS,BASSFISHING2,Adam,"Fourth stage of pro tourny. Only a couple lures left, all chars unlocked.",
Sega Bass Fishing 2,bassfish2,v46495.vmi,v46495.VMS,BASSFISHING2,Henry,Im in the 3rd tournament and unlockedlots of lures and colors and 2 xtra characters.,
Sega Bass Fishing 2,bassfish2,v99176.vmi,v99176.VMS,BASSFISHING2,Mike Harding,The first tournament has beenbeaten with all first placeand biggest fish awards.Openedsome lures and one secret guy.,
Sega Bass Fishing 2,bassfish2,bass2jp1.VMI,bass2jp1.VMS,GETBASS2DATA,,Good save for Bass Fishing 2! (Jap),
Sega Bass Fishing 2,bassfish2,SBASSF2.VMI,SBASSF2.VMS,BASSFISHING2,,Almost all unlocked.,
Sega GT,segagt,v15936.vmi,v15936.VMS,SEGAGT__.SYS,Jerry McMillen,I completely freakin' finished it... ALL of it. AND I left 8 MILLION in the bank. Don't even think about beating my top speed: 298MPH!!!,
Sega GT,segagt,v65707.vmi,v65707.VMS,SEGAGT__.SYS,Mauricio Rodriguez,"Todos los vehiculos disponibles,1.000.000 de pesos disponible,todas las pistas=100% DiSFRUTALO!! CHAO.(vers.americana)",
Sega GT,segagt,v66647.vmi,v66647.VMS,SEGAGT__.SYS,Henry,"The best save THE BEST SAVE OUT THERE...unbeatable cars, including theDiablo, 2 versions of it, ALLcars are perfect super cars,about 5 pages of these super cars...UNBEATABLE...",
Sega GT,segagt,v84030.vmi,v84030.VMS,SEGAGT__.SYS,dl,THIS SAVE HAS MANY A CAR INCLUDING MITISUBISHI ECLISPE EGALE TALON ST AND LAST BUT NOT LEAST A 355 AND A MCLAREN,
Sega GT,segagt,v24569.vmi,v24569.VMS,SEGAGT__.SYS,Darwhin Gomez,"nearly two million bucks. large viarity of cars, nearly all tracks beaten.",
Sega GT,segagt,v42015.vmi,v42015.VMS,SEGAGT__.SYS,abo almohalbia,it is very very very goodfinsh all RACE and havelambergini and frari and bmw and more..more..more..this save from YASSIN & YOSSIF &MOLHAM & ABDULRZAG & HAMZA & MAJED,
Sega GT,segagt,v56706.vmi,v56706.VMS,SEGAGT__.SYS,Jacob Chodoriwsky (Shinkutat),"Update: Japanese carrozzeria cars added: Lamborghinis, Venturis, Porsches, etc.  99 cars in garage, over $11,000,000, everything beaten, all cars set up to handle as good as possible.  If you have any questions contact me via email or post a me",
Sega GT,segagt,v57288.vmi,v57288.VMS,SEGAGT__.SYS,Manuel Alejandro Sanchez de COLOMBIA!!!,"Los mejores vehiculos, el garage esta full,todos los modos completos, hasta w.s.k, y singlerace, ALL COMPLETED",
Sega GT,segagt,v47964.vmi,v47964.VMS,SEGAGT__.SYS,Diego Dias de Vasconcellos,"All game completed,88 cars,all racers I arrived in the first place.",
Sega GT,segagt,v43704.vmi,v43704.VMS,SEGAGT__.SYS,Diego Dias de Vasconcellos,"I have most of racers completed,40 or more of cars, all work cars and more. You will complete this game easy of this save.",
Sega GT,segagt,v3057.vmi,v3057.VMS,SEGAGT__.SYS,Jacob Chodoriwsky (Shinkutat),"Update: over 11 million, all cars tuned to perfection, everyting beaten, many new cars.  New 1000m drag car (Umi Zato).",
Sega GT,segagt,v42304.vmi,v42304.VMS,SEGAGT__.SYS,A.R.E.,"This save has 2.4 millon, everything unlocked and has BMW, Ferrai, Lamborghini, and tons of supercars.",
Sega GT,segagt,v7816.vmi,v7816.VMS,SEGAGT__.SYS,DOMENICO,........nothing to said this saveis the best all cars including ferrari and bmwall tracks completed and a very specialcars. try to beat my speed record (890kmh).,
Sega GT,segagt,v41630.vmi,v41630.VMS,SEGAGT__.SYS,Marcos Abadia,"If you like this game here you have: BMW, MERCEDES, FERRARI, MC LAREN, ESPRIT, DIABLO, all NSX, all GTO, all MX,and the best cars in garage.",
Sega GT,segagt,v71561.vmi,v71561.VMS,SEGAGT__.SYS,Mr. T,"All tracks in Championship mode and Single Race mode have been beaten.Over 35 stock and carzzeria cars andALL Works Cup, that means ALL of them,are in the garage.  There is also aViper in the garage with 1494 hp.engine and can do the 1000 in 16",
Sega GT,segagt,v42514.vmi,v42514.VMS,SEGAGT__.SYS,Jacob Chodoriwsky (Shinkutat),"Authentic McLaren F1 6.1, Ferrari F355 GTS, TVR Cerbera, VW Golf GL, Renault Turbo2 WRC, ...stock and souped versions of many others, all licenses 1st, all Works Cars, all prize cars, 295mph Viper, more...",
Sega GT,segagt,v9532.vmi,v9532.VMS,SEGAGT__.SYS,Jacob Chodoriwsky (Shinkutat),"This is a better version of my earlier file.  I have added the Mercedes CLK320 and SL600, the Renault Turbo2 WRC, the Mazda RX-7 A-Spec, and a few more.",
Sega GT,segagt,v5309.vmi,v5309.VMS,SEGAGT__.SYS,Jerry McMillen,Absolute 100% completion of the American Version of SEGA GT! No stone left unturned.,
Sega GT,segagt,v97247.vmi,v97247.VMS,SEGAGT__.SYS,Jeremy Dyck,All tracks unlocked. All thacks finished in 1st place except for last 3 expert races. Approx. $1.4 million. Lots of cars.,
Sega GT,segagt,v38382.vmi,v38382.VMS,SEGAGT__.SYS,Jeremy Dyck,All tracks unlocked. All thacks finished in 1st place except for last 3 expert races. Approx. $1.4.,
Sega GT,segagt,v42495.vmi,v42495.VMS,SEGAGT__.SYS,kyle,"Lots of cash, dodge viper unlocked, all levels open, some hidden cars.",
Sega GT,segagt,v288.vmi,v288.VMS,SEGAGT__.SYS,Nico!!!,All championship races completed in1st 30+cars maxed out and settings!,
Sega GT,segagt,v3.vmi,v3.VMS,SEGAGT__.SYS,coco tr,European version of sega gt all unlock/more car/full cash the best version of segat gt.,
Sega GT,segagt,v79020.vmi,v79020.VMS,SEGAGT__.SYS,REAVER,"Loads money, 2 pages of cars and other stuff.",
Sega GT,segagt,v9907.vmi,v9907.VMS,SEGAGT__.SYS,SSJ4 GOKU,"This save has 100,000,000 dollarsAll cars all tracks all unlocked,all car bodys in the shop have fun.",
Sega GT,segagt,v89087.vmi,v89087.VMS,SEGAGT__.SYS,musicsurfman,"(This is an update to my original upload)This Save has over $5 million, all Works cars, Tons of cars in the garage (some won, some bought, some traded, some built by my ownself)Alright times to try and beat, nearly unbeatable drag cars and time",
Sega GT,segagt,v85431.vmi,v85431.VMS,SEGAGT__.SYS,Likwid_Heat,[Japanese] Beat anyonein the 1000m with my F1 Racer(McLaren F1). 16.516 @ 340mph 1000mmanuel transmission only.A soft touch and hard shiftingis the key to success my children.,
Sega GT,segagt,v73707.vmi,v73707.VMS,SEGAGT__.SYS,nitrohawk,"Around $3,500,000. Over 8 pages ofworks cars, fully modified cars, & original cars. All races complete[few licences left] good save ifyou want some killer cars, all bodiesunlocked.",
Sega GT,segagt,v62294.vmi,v62294.VMS,SEGAGT__.SYS,Shawn954,"[Japanese] A Skyline V-Spec thatcan do the 400 in 8.924,yes 8 secs.(the black skyline) And my TRD Supra does the 1000 in 16.6. This is the best download on this page email if you like the cars. Yeah and I left a little changebehind,it only l",
Sega GT,segagt,v43161.vmi,v43161.VMS,SEGAGT__.SYS,nitrohawk,"80+ cars in garage ,all works cars,all races 1st place, awesome carrozziracars, 4,800,000 [not much $$$], but goodsave if you want some kicky fast car!",
Sega GT,segagt,v7087.vmi,v7087.VMS,SEGAGT__.SYS,wallace,"[Japanese] All cars in garage and 999,999,999 yen",
Sega GT,segagt,v64594.vmi,v64594.VMS,SEGAGT__.SYS,Luis D Riestra,"THE BEST SAVE OF ALL!!! Best modified save u can find on the WEB!!! Everything unlocked, plus a ton of the best cars.",yes
Sega GT,segagt,v32275.vmi,v32275.VMS,SEGAGT__.SYS,Kevin,"$600,000 and 70+ cars all races won in arcade and simulation. Some works cups need to be won.",
Sega GT,segagt,v51345.vmi,v51345.VMS,SEGAGT__.SYS,black squid,"Every car raced across the finish. Minicab truck available to race. All non-works cars sold, and all works cars tweaked to handle nicely on most tracks. Tons of cash available. All cars opened.",
Sega GT,segagt,v981.vmi,v981.VMS,SEGAGT__.SYS,eric,"Great SEGA GT file. All races beaten, including W.S.K. All SA Class works cars, all but two of the A Class works, a few B's and an E Class or two. TONS of cars otherwise. Over 2 million to play with. Try beating my drag records and top speed!",
Sega GT,segagt,v88190.vmi,v88190.VMS,SEGAGT__.SYS,Patrick Weiller,[Japanese] Event and licenses beaten...,
Sega GT,segagt,v74280.vmi,v74280.VMS,SEGAGT__.SYS,KIX,"[Japanese] EVERY race beaten...Grand EndingSequence available to view (SPOILER).Also over 420,000,000 yen to toy with.9 pages of cars in garage! Also all 30factory bodies available. READY FOR USE...McLaren F1 (REYNOLDS), PORSCHE(AMBLE), WORK",
Sega GT,segagt,v15504.vmi,v15504.VMS,SEGAGT__.SYS,illsd37,"Dodge Viper, Skyline, Toyota Supra and all Hondas soopedd up t0 mAx! Plus 2 factory bodys.",
Sega GT,segagt,v46173.vmi,v46173.VMS,SEGAGT__.SYS,yvr,Champion in every race. Never bought a car at the dealer. Awesome specialy tuned standard car.,
Sega GT,segagt,v81260.vmi,v81260.VMS,SEGAGT__.SYS,KIX,"Over 450,000,000 yen to spend.Only missing ""FF Drivetrain"" W.S.K race.70+ cars...porsche body available.",
Sega GT,segagt,v10659.vmi,v10659.VMS,SEGAGT__.SYS,shawn,"9.024 skyline and 186,546,000 money and a bad ass BMW platypus (IMPORTS ONLY)",
Sega GT,segagt,v9797.vmi,v9797.VMS,SEGAGT__.SYS,Ryan,All the single and championship races are beaten. Tons of great cars. Check this one out!!,
Sega GT,segagt,v23662.vmi,v23662.VMS,SEGAGT__.SYS,Trav,"Tons o' money, wicked cars, and lots of them. Most upgraded already.",
Sega GT,segagt,v74615.vmi,v74615.VMS,SEGAGT__.SYS,Sopheap Deap,"UPDATE! All races, licences completed 1st & 86 cars in the garage.",
Sega GT,segagt,v70403.vmi,v70403.VMS,SEGAGT__.SYS,JJ,100 million dollars. Almost all cars with GT cars. Try to beat works cup.,
Sega GT,segagt,v3600.vmi,v3600.VMS,SEGAGT__.SYS,i3lu,Team i3lu. Has fastest sprint racers .Beat those records. 286+ top speed @ sprint raceBest motors in the game that are super charged v-8.Whole collection of works. Top Performers.Handling is our game. Best two player set ups.Over 89 million in c,
Sega GT,segagt,v11249.vmi,v11249.VMS,SEGAGT__.SYS,Jacques Villeneuve,"Lots of cash, lots of cars in the garageFast Original Car, if you need money,use the viper in the 1000 heat stages, win guaranteed!",
Sega GT,segagt,v31474.vmi,v31474.VMS,SEGAGT__.SYS,Chris,WSK races beaten. All class SA Works cars won. Lots of cars and cash.,
Sega GT,segagt,v52444.vmi,v52444.VMS,SEGAGT__.SYS,JJ,"W.S.K. mode unlocked. 15+ awesome cars...fully juiced. All races beat, but 1 very hard one.",
Sega GT,segagt,v66458.vmi,v66458.VMS,SEGAGT__.SYS,Sopheap Deap,Race mode & Single race beaten and a lot of cars in the garage.,
Sega GT,segagt,v40007.vmi,v40007.VMS,SEGAGT__.SYS,Travanti,Lots of cash and cars. all singal races beat,
Sega GT,segagt,v27773.vmi,v27773.VMS,SEGAGT__.SYS,GMAN,"All tracks, money and cars buildany car you want, try to beat mytimes. Have fun with it.",
Sega GT,segagt,v64331.vmi,v64331.VMS,SEGAGT__.SYS,Jerry McMillen,"Almost everything unlocked, with lots of awesome cars like the Viper GTS/R Concept!",
Sega GT,segagt,v33630.vmi,v33630.VMS,SEGAGT__.SYS,shaun,Not much but a sweet dragster with over 1200hp.  Download to an extra mem card then trade it to your own game.,
Sega GT,segagt,v8697.vmi,v8697.VMS,SEGAGT__.SYS,R. Ashe,lots'o cash & cars!,
Sega GT,segagt,v47207.vmi,v47207.VMS,SEGAGT__.R01,phil,This save has alot of good cars in it so take advantage of it.,
Sega GT,segagt,v8810.vmi,v8810.VMS,SEGAGT__.SYS,paul,"IMPORT VERSION ONLY! YOU HAVE TO BEUSING A GAMESHARK! All licenses,alltracks,176 million dollars. I foundthe world's best Sega GT(import)saveat www.newmanfamily.freeserve.co.uk/dc/This guy has EVERY car.",
Sega GT,segagt,segagt01.VMI,segagt01.VMS,SEGAGT__.SYS,,Perfect Save,
Sega Marine Fishing,marinefish,v74449.vmi,v74449.VMS,MARINE_F.SYS,Ben Moore,Secret fishing spot unlocked,
Sega Marine Fishing,marinefish,v90235.vmi,v90235.VMS,MARINE_F.SYS,Javier,"All lures, All fish but two, All levels, almost all Items. I'v got it All.",
Sega Marine Fishing,marinefish,v83653.vmi,v83653.VMS,MARINE_F.SYS,Brandon Evans,"Over 200 items, including most of the aquarium items, etc.",
Sega Marine Fishing,marinefish,v75039.vmi,v75039.VMS,MARINE_F.SYS,Jeffrey D. Wright,"ALL ITEMS, Everything for the aquarium and All lures.",
Sega Marine Fishing,marinefish,v22795.vmi,v22795.VMS,MARINE_F.SYS,Codys gamer,I have over 200 items hint...Move the dpad all around you will reel in faster.,
Sega Marine Fishing,marinefish,v21855.vmi,v21855.VMS,MARINE_F.SYS,djdelite,"I got all the lures, items, and all the aquraium items.",
Sega Marine Fishing,marinefish,v7347.vmi,v7347.VMS,MARINE_F.SYS,Adam St.Onge,"Over 240 items.  Both Dogs, both secret levels opened.",
Sega Marine Fishing,marinefish,v37175.vmi,v37175.VMS,MARINE_F.SYS,CURSE,236 items all levels! 30 more items left lots of critters in the tank FISH ON!!!,
Sega Marine Fishing,marinefish,v91348.vmi,v91348.VMS,MARINE_F.SYS,Slayer,"WANT TO PLAY ON THE NET AND NEEDSOME GEAR!!  Tank is done, tacklebox is done, 264/266 items. (WOW)A shirt and a special left to get.(had to leave you something dude)Includes: Tank, Tackle, two dogs,boat, raft, levels, and EARPLUGS!!!See you on",
Sega Marine Fishing,marinefish,v64015.vmi,v64015.VMS,MARINE_F.SYS,Shawn Barrett,"More than 200 items avalable all fish.most of fixed items, all moving items.most lures and more!",
Sega Marine Fishing,marinefish,v72852.vmi,v72852.VMS,MARINE_F.SYS,Dre Latham,CLOSE TO EVERYTHING UNLOCKED GOT THE DOG AND BIG SPERM WHALE IN THE AQUARIUM. STILL WORKING ON IT WHEN IM 100% DONE ILLBE BACK AGAIN,yes
Sega Marine Fishing,marinefish,v8135.vmi,v8135.VMS,MARINE_F.SYS,Nate,170+ items earned and 999 items available.,
Sega Marine Fishing,marinefish,v9044.vmi,v9044.VMS,MARINE_F.SYS,benedict koh,Over 180 points tons of stuff including all sharks.,
Sega Marine Fishing,marinefish,v52833.vmi,v52833.VMS,MARINE_F.SYS,jeff smith,200 plus items with the dog unlocked.,
Sega Marine Fishing,marinefish,v21653.vmi,v21653.VMS,MARINE_F.SYS,jeff smith,156 items,
Sega Marine Fishing,marinefish,v69853.vmi,v69853.VMS,MARINE_F.SYS,Mike P.,50+ items 2 new stages beggining aquarium,
Sega Rally Championship 2,segarally,v20673.vmi,v20673.VMS,SGRALLY2I0VD,Fabio Rj,Todas As Pistas E Carros Nada para Fazer e So Jogar,
Sega Rally Championship 2,segarally,v26643.vmi,v26643.VMS,SGRALLY2I0VD,LE,"All seasons in first place, all cars, all tracks and all records broken.BRASIL PENTA!!!",
Sega Rally Championship 2,segarally,v56291.vmi,v56291.VMS,SGRALLY2I0VD,kmaleom,Lo Mejor de SEGA RALLY 2!!!! VAMOS ARGENTINA!!!!,
Sega Rally Championship 2,segarally,v16813.vmi,v16813.VMS,SGRALLY2I0VD,kmaleom,"todas las pista, autos y lo ke mas hallas esperado de SEGA RALLY 2",
Sega Rally Championship 2,segarally,v47765.vmi,v47765.VMS,SG_RALLY20VD,xuspeta,So tem 3 telas meia boca e aindano nivel facil !!!!!!!!!Cohad 2 Itaquera sao paulo Brasil!!!!!!!!!,
Sega Rally Championship 2,segarally,v60614.vmi,v60614.VMS,SG_RALLY20VD,mauricio,TODOS CARROS E PISTAS VERSAOJAPONESA DO JOGO MENOS PISTA SECRETA,
Sega Rally Championship 2,segarally,v88236.vmi,v88236.VMS,SG_RALLY20VD,jacopo chimenti,all cars all races all...,
Sega Rally Championship 2,segarally,v73269.vmi,v73269.VMS,SGRALLY2I0VD,Doug Jones,all cars all seasons and all golds,
Sega Rally Championship 2,segarally,rally2jp.VMI,rally2jp.VMS,SG_RALLY20VD,,All cars,
Sega Rally Championship 2,segarally,SGRALLY2.VMI,SGRALLY2.VMS,SGRALLY2I0VD,,All unlocked. (USA),yes
Sega Smash Pack Vol. 1,smashpack,v28454.vmi,v28454.VMS,SP1_SONI.001,SHADOW_BR LUCIANO CELESTINO,ultima fase como super sonic,yes
Sega Smash Pack Vol. 1,smashpack,v67976.vmi,v67976.VMS,SP1_SONI.001,Ryo,Smash pack vol2 vmu save sonic3 with sonic in good condition but none emerald,
Sega Smash Pack Vol. 1,smashpack,v26270.vmi,v26270.VMS,SP1_SONI.001,Ryo,Smash pack vol2 vmu save sonic3 with sonic in good condition but none emerald,
Sega Smash Pack Vol. 1,smashpack,v55779.vmi,v55779.VMS,SP1_PHAN.001,(The Joe),For PS2 at motherbrain beat herto see the best game ending of all time,
Sega Smash Pack Vol. 1,smashpack,v99998.vmi,v99998.VMS,SP1_SHIN.001,Floyd Patlan,shining force:some extra characters and 15% of the game passed.,
Sega Smash Pack Vol. 1,smashpack,v13752.vmi,v13752.VMS,SP1_SHIN.001,raul buitrago,batalla final de shining force,
Sega Smash Pack Vol. 1,smashpack,v90599.vmi,v90599.VMS,SP1_SHIN.001,raul,solo derrotar a darksol y te pasas el juego.la mayoria dejugadores en L-14 despuesde`promote`,
Sega Smash Pack Vol. 1,smashpack,v44430.vmi,v44430.VMS,SP1_PHAN.001,Marq,"Save file for PS2. All characters earned,main character, Rudo, Amy, & Kain are at the last dungeon in the 30s.",
Sega Smash Pack Vol. 1,smashpack,v48807.vmi,v48807.VMS,SP1_SHIN.001,Gibs65*SoS,This save file is for Shining Force.Just left prompt for the towerto find Darksol.(main character is a lvl 1 Hero),
Sega Smash Pack Vol. 1,smashpack,v73774.vmi,v73774.VMS,SP1_PHAN.001,Draggen,It's when your are searching for the garbage town after giving the recorder to the govenor. There is a total of 5 characters..,
Sega Smash Pack Vol. 1,smashpack,MDEMU001.VMI,MDEMU001.VMS,SP1_PHAN.001,,Phantasy Star 2 Best Save.,yes
Sega Smash Pack Vol. 1,smashpack,MDEMU002.VMI,MDEMU002.VMS,SP1_SHIN.001,,Shining Force Last Save.,yes
Sega Sports NBA 2K,nba2k,v90157.vmi,v90157.VMS,SEGANBA2KSET,Junkyard Dog,2000-2001 rosters w\ewing trade and all rookies as of preseason.  The most up to date file next to nba 2k1 is here!!!!!,yes
Sega Sports NBA 2K,nba2k,v11958.vmi,v11958.VMS,SEGANBA2KSET,Shane,Play with all time #1 N.B.A. player Michael Jordan and 4 others.,
Sega Sports NBA 2K,nba2k,v14029.vmi,v14029.VMS,SEGANBA2KSET,Mr.Perfect,"This save has players on the team where they became popular,or got a championship.MJ,Magic,Dominique,KJ,Bird,Dr.J,etc...",
Sega Sports NBA 2K,nba2k,v88615.vmi,v88615.VMS,SEGANBA2KSET,MARCUS CRENSHAW,"Old to the new: Larry Bird, Dr.J, Clyde, Jordan, Dominique, Worthy, Magic, and new hall of famer Isaiah Thomas.",
Sega Sports NBA 2K,nba2k,v26310.vmi,v26310.VMS,SEGANBA2KSET,javaman72,"Playoff Rosters, 20 Missing Players, the Ultimate Michael Jordan, and the 1996 Bulls as the Rage.",
Sega Sports NBA 2K,nba2k,v450.vmi,v450.VMS,SEGANBA2KSET,Jacob,"New updates for NBA 2k2000-2001 rostersIncluding: rookies, draft picks andbig named player trades.",
Sega Sports NBA 2K,nba2k,v34522.vmi,v34522.VMS,SEGANBA2KSET,bruce henry,2000-01 roster with ewing trade.,
Sega Sports NBA 2K,nba2k,v46924.vmi,v46924.VMS,CDX_SETTINGS,edmil marcelo,"unlock all creation [heads,tattoos sneakers]infinit points",
Sega Sports NBA 2K,nba2k,v66337.vmi,v66337.VMS,SEGANBA2KSET,edmil marcelo,Each superstar has their own trademark slamdunk and each team must have their championship endings.,
Sega Sports NBA 2K,nba2k,v325.vmi,v325.VMS,SEGANBA2KSET,OBONES80,"UPDATED ROSTERS FROM AUGUST 31, 2000. INCLUDING KENYON MARITN AND MIKE MILLER, RON HARPER.",
Sega Sports NBA 2K,nba2k,v7666.vmi,v7666.VMS,SEGANBA2KSET,gfeezzy,"Updated rosters since the Lakers championshipseasion with Ron Harper, John Sally, Brian Shaw,Kevin Johnson of the Suns, the rookies andmore...",
Sega Sports NBA 2K,nba2k,v8324.vmi,v8324.VMS,SEGANBA2KSET,Darvel,Here are some signings and trades that happened this whole season including the rookies updated 8-25-00,
Sega Sports NBA 2K,nba2k,v62544.vmi,v62544.VMS,SEGANBA2KSET,Shamar Rosemond,Updated rosters 8/18/00,
Sega Sports NBA 2K,nba2k,v69425.vmi,v69425.VMS,SEGANBA2KSET,theanswer,Complete roster updates [August 17th 2000]      Very accurate,
Sega Sports NBA 2K,nba2k,v77047.vmi,v77047.VMS,CDX_SETTINGS,jigga,infinte creatins points!!,
Sega Sports NBA 2K,nba2k,v75576.vmi,v75576.VMS,SEGANBA2KSET,kris,"Official roster updated august 7th,all trades and signings and also has starting lineups.",
Sega Sports NBA 2K,nba2k,v18370.vmi,v18370.VMS,CDX_SETTINGS,JOHNNY PATLAN,Infinti creation points,
Sega Sports NBA 2K,nba2k,v6852.vmi,v6852.VMS,SEGANBA2KSET,vio,Allstar Hawks team.,
Sega Sports NBA 2K,nba2k,v37139.vmi,v37139.VMS,SEGANBA2KSET,ecu cartoon,"Play with Jordan, Magic, Bird, and more!",
Sega Sports NBA 2K,nba2k,v75133.vmi,v75133.VMS,SEGANBA2KSET,Dimpsker,Suns Perfect season!,
Sega Sports NBA 2K,nba2k,v79793.vmi,v79793.VMS,SEGANBA2KSET,JJohn999,Official NBA 2000-2001 Rosters.,
Sega Sports NBA 2K,nba2k,v67026.vmi,v67026.VMS,CDX_SETTINGS,Jay-z,Infinite creation points,
Sega Sports NBA 2K,nba2k,v54893.vmi,v54893.VMS,SEGANBA2KSET,clyde taylor,season saved,
Sega Sports NBA 2K,nba2k,v23408.vmi,v23408.VMS,SEGANBA2KSET,nutz,update official nba rosters updated 7 .,
Sega Sports NBA 2K,nba2k,v69475.vmi,v69475.VMS,SEGANBA2KSET,Tony,Great save for Sonics fans!,
Sega Sports NBA 2K,nba2k,00000805.vmi,00000805.VMS,SEGANBA2KSET,Wade Duman,Best team ever.,
Sega Sports NBA 2K,nba2k,v38993.vmi,v38993.VMS,SEGANBA2KSET,,Play as Jordan and Pippen in this awesome save. A must have save. The unbeatable Bulls!,
Sega Sports NBA 2K,nba2k,v14027.vmi,v14027.VMS,SEGANBA2KSET,,With this code you can get 2 new teams.,
Sega Sports NBA 2K1,nba2k1,v63207.vmi,v63207.VMS,VCSEGANBA2K1,UNDAY,this team can really kick somebehind this team is SONIC X check it out!!!!!!!!,
Sega Sports NBA 2K1,nba2k1,v96066.vmi,v96066.VMS,VCSEGANBA2K1,javad,"Current Roster of Rockets;including big kev,info collected from http://www.clutchcity.net/",
Sega Sports NBA 2K1,nba2k1,v64933.vmi,v64933.VMS,VCSEGANBA2K1,shoan brown,this is file of the boys in myclick.all of us are 90% and upwe are on our on team.oh yhea we all long hair. dont hate,
Sega Sports NBA 2K1,nba2k1,v31011.vmi,v31011.VMS,VCSEGANBA2K1,Rob Shatka,"These are the latest rosters as of October 27, 2001 at 2:30 a.m. All trades included, but no rookies created (hey, you can make them based off of 2K2's stats). MJ included, though you have to get him off of Wizards IR. Enjoy....",
Sega Sports NBA 2K1,nba2k1,v68789.vmi,v68789.VMS,VCSEGANBA2K1,DAZE,"man this save has my fav 3 rappers Nelly,LUDACRIS AND DRAG-ON CANT NO ONE BEAT THEM IN NOTHING I DONT CARE 3 ON 3 OR EX NO ONE UT IT ON ALL STAR THOU",
Sega Sports NBA 2K1,nba2k1,v17896.vmi,v17896.VMS,VCSEGANBA2K1,Genstar,2001-2002 rosterTHE MOST UP-TO-DATEsave you will ever findIVERSON WITH THE SLEEVEJORDAN WITH WIZARDSMASON WITH THE BUCKS and more...the only thing missing is the new uniformslet me know how you like it.,
Sega Sports NBA 2K1,nba2k1,v36498.vmi,v36498.VMS,VCSEGANBA2K1,JumpshotGary,"This file has everything up to date that's possible. Not only does it have jordan on the wizardsbut it has rookies too. Be smart and download this game file for 2k1, you'll thank me later!Everything up to date to 1/13/2002!",
Sega Sports NBA 2K1,nba2k1,v73911.vmi,v73911.VMS,VCSEGANBA2K1,marcus,jordan and rodman,
Sega Sports NBA 2K1,nba2k1,v17095.vmi,v17095.VMS,VCSEGANBA2K1,adAM,a great franchise with the suns.i have won the championshipevery time.,
Sega Sports NBA 2K1,nba2k1,v56422.vmi,v56422.VMS,VCSEGANBA2K1,BJ,Yo Solo Quiero Decirle A Todas Las Gente Qu le intereze esta Pagina Pra Vajar Los Seves Que este es el mas moderno de todos tienes la mallorias de jugadores de NBA2k2y pal de jugadores creado por mi son muy buenos siempre y cuando lo sepan usar,
Sega Sports NBA 2K1,nba2k1,v52501.vmi,v52501.VMS,VCSEGANBA2K1,xMOPXx,I got MJ codes too so you guys know what to do.To feel the full affect of my leagueplay on-AllStar/Fast/IconsOff/8-12 min qrtrs!,
Sega Sports NBA 2K1,nba2k1,v89543.vmi,v89543.VMS,VCSEGANBA2K1,Kareem,"This is a Clippers Franchise season.The starting five is Kevin Garnett, Jaamal Magloire, TraceyMcgrady, Michael Finley, and Jason TerryI improved eveyones rating just go to scout and look at the Clippers.",
Sega Sports NBA 2K1,nba2k1,v59057.vmi,v59057.VMS,VCSEGANBA2K1,0010110,"Okay guys the first one was just a warmup,this is the real deal right here!             More players added,1 day left in the regular season and the playoffs are rightaround corner.Like I said before DO NOT TOUCH MJ's attributes cause if you do",
Sega Sports NBA 2K1,nba2k1,v97649.vmi,v97649.VMS,VCSEGANBA2K1,lthomas3,"All updated rosters as of 08/17/01.  Some rookies included whom I got from downloading other peoples files.  ""GO LAKERS""!!!!!!!",
Sega Sports NBA 2K1,nba2k1,v54300.vmi,v54300.VMS,VCSEGANBA2K1,0010110,"Theres just one day left in the regular season and the playoffs are around the corner.By the way dont touch MJ's attributes, if so you will lose the code!",
Sega Sports NBA 2K1,nba2k1,v27021.vmi,v27021.VMS,VCSEGANBA2K1,Kareem,"Top 12 rookies, all trdaesand signings as of august 10th and a created team called the DC suns with just the free agent players.",
Sega Sports NBA 2K1,nba2k1,v24311.vmi,v24311.VMS,VCSEGANBA2K1,clyde travis,"As up to date as it gets. Lottery picks up to Rodney White, minus Gasol and Diop. All trades and signings. 2 or 3 teams with incomplete rosters though.",
Sega Sports NBA 2K1,nba2k1,v56112.vmi,v56112.VMS,VCSEGANBA2K1,Unknown,"Updated rosters with All the Big trades.  Top rookies created as close as possible to their stats and the abilities, including KWAME BROWN, TYSON CHANDLER, EDDY CURRY, EDDIE GRIFFIN, JAMAAL TINSLEY FROM THE RUCKERS IN NYC, RICHARD JEFFERSON, AN",
Sega Sports NBA 2K1,nba2k1,v23656.vmi,v23656.VMS,roster.upd,Guess Who ??,"This is the best update rosters u willever find NBA2k2 type roster. Freeagent classincluding C-Webb,A.Davis and more. Some ofthe new rookies include S.Battier, K.Brown, EddieCurry, Tyson Chandler, all the Bulls draftees.Also update trades inclu",yes
Sega Sports NBA 2K1,nba2k1,v2416.vmi,v2416.VMS,VCSEGANBA2K1,Miguel E,"Aqui estan los mas recientes cambios de la NBA entre estos estan el cambio de Jason Kidd,Jason Williams,Elton Brand,C Robinson entre otros.And two awesome teams with the best players in the NBA actualy {68Blocks}.",
Sega Sports NBA 2K1,nba2k1,v38254.vmi,v38254.VMS,VCSEGANBA2K1,gavin-powell,Entering 2080-81 season.Everyone in starting lineup is 90+.Over 4000 wins in total and 8 championships with the CLIPPERS.Try and beat some of my records.E-mail me and tell me what you think.,
Sega Sports NBA 2K1,nba2k1,v7083.vmi,v7083.VMS,VCSEGANBA2K1,gouki84,The REAL tribute to the 96-97 BULLS FRANCHISE...Also the ALL ROOKIES AND 90s ALL STARS!!!,
Sega Sports NBA 2K1,nba2k1,v4812.vmi,v4812.VMS,VCSEGANBA2K1,LuizG,Download this and start a new season. Revive the glory from the past! Jordan's Bulls X O'neal's magic! Larry legend's celtics and much more.,
Sega Sports NBA 2K1,nba2k1,v37222.vmi,v37222.VMS,VCSEGANBA2K1,Andrew Raeth,"A cool franchise with the warriors players: v.cummings pg 88, larry hughs sg 99, latrell sprewell sf 93, chris mills pf 80 and a rookie center 81.",
Sega Sports NBA 2K1,nba2k1,v16381.vmi,v16381.VMS,VCSEGANBA2K1,Michael,This is a save of a good season with the lakers its 8-0 so far and my custom team is on it too check it out im Hunter #69.,
Sega Sports NBA 2K1,nba2k1,v25712.vmi,v25712.VMS,VCSEGANBA2K1,Matt B.,This is the team of da dirty south.Its the Houston Rockets baby! It has me and my boy Derrick on the team we are unstoppable. Check it out if you from dat dirty dirty.,
Sega Sports NBA 2K1,nba2k1,v80807.vmi,v80807.VMS,VCSEGANBA2K1,hugo romero,"A great season with the Bulls and itincludes an exact look a like of Michael Jordan,Wilt chamberlain, Kareem Abdul-Jabbar, Scottie Pippen, Magic Johnson.",
Sega Sports NBA 2K1,nba2k1,v81780.vmi,v81780.VMS,VCSEGANBA2K1,TegSkywalker,This 63 block file simply adds ex NBA stars Michael Jordan and Dennis Rodman. They are both found in the Free Agents section so you can put them on any team.,
Sega Sports NBA 2K1,nba2k1,v90060.vmi,v90060.VMS,VCSEGANBA2K1,Prince,"Many new free-agents, realistic Jordanwith an all-rookie and all superstarteam. Up to date rosters.",
Sega Sports NBA 2K1,nba2k1,v77819.vmi,v77819.VMS,VCSEGANBA2K1,K-Dubb,"WWF Smackdown! team. Players include Rock, Stone Cold, Road Dogg, etc. 100% overall rating.",yes
Sega Sports NBA 2K1,nba2k1,v39819.vmi,v39819.VMS,VCSEGANBA2K1,John Dow,"Heres a created player that kind of lookslike my brother who is an Allen Iverson wan'nabe but his over all rating is 100.He specializesin dunking, and ball handling skillz.",
Sega Sports NBA 2K1,nba2k1,v6561.vmi,v6561.VMS,VCSEGANBA2K1,M Russell,The 2000-2001 U of A Wildcats and ateam with my friends are in this save.,
Sega Sports NBA 2K1,nba2k1,v56144.vmi,v56144.VMS,VCSEGANBA2K1,joel,"Loyal Bull's fans, 52 game pro-level season. Now,10-0. Regular roster, Michael Jordan added. Help yourself to a 52-0 season. team unstoppaBULL!",
Sega Sports NBA 2K1,nba2k1,v1018.vmi,v1018.VMS,VCSEGANBA2K1,Shawn Leonard,This a save of the D.C. Urban Coalition Allstars that beat the And 1 Allstars.  Featuring the U.S.B.L. MVP Curt Smith; former Georgetown Hoya's Charles Smith and Lonnie Harrell; former U.N.L.V. National Champion David Butler and deep threat shoo,
Sega Sports NBA 2K1,nba2k1,v9091.vmi,v9091.VMS,VCSEGANBA2K1,devin,Week 8 of an awesome lakers franchise,
Sega Sports NBA 2K1,nba2k1,v99608.vmi,v99608.VMS,VCSEGANBA2K1,cp,90s east and west teams,
Sega Sports NBA 2K1,nba2k1,v2833.vmi,v2833.VMS,VCSEGANBA2K1,VICTOR GONZALEZ,With this save you get my created team calledVictim Blue's. This team consist of real homeboyz from the bronx.Each of the players are actual replicas of my friends who play hoops instreet corners. Take these boys from the bronx and try and give,
Sega Sports NBA 2K1,nba2k1,v70051.vmi,v70051.VMS,VCSEGANBA2K1,TigerHeart,"And now...the starting line-up, for your 1997-98'...6-TIME...WORLD CHAMPION...... Chicago Bulls!  ENJOY!  (MY tribute to the BEST player, in NBA history!)",
Sega Sports NBA 2K1,nba2k1,v49862.vmi,v49862.VMS,VCSEGANBA2K1,kris,This is our team from our hood. This is most of our people around our hood so download us and try to beat us. We even have Michael Jordan.e-mail me if you like this save or not.,
Sega Sports NBA 2K1,nba2k1,v41202.vmi,v41202.VMS,VCSEGANBA2K1,Aaron Benson,"All created players for the Lakers, and they are tight. Added jordan, he can't be stopped.",
Sega Sports NBA 2K1,nba2k1,v46996.vmi,v46996.VMS,VCSEGANBA2K1,Rickey Webster Jr,"New Rosters: Michael Jordan and more. Obtained the 94' - 97' Chicago Bulls squad with R. Harper, T. Kukoc, M. Jordan, Pippen, J. Caffey. S. Kerr, L. Longley. Enjoy Chicago fans.",
Sega Sports NBA 2K1,nba2k1,v22120.vmi,v22120.VMS,VCSEGANBA2K1,Phil Sites,"00-01 All-NBA Rookie team, and All 90's team included in the created teams.  All 90's team includes Michael Jordan!",
Sega Sports NBA 2K1,nba2k1,v43590.vmi,v43590.VMS,VCSEGANBA2K1,Justin Key,I created a team with all created players made after people in my class. The team is called Students and has the sonic logo. They have a 100 rating (overall).,
Sega Sports NBA 2K1,nba2k1,v99695.vmi,v99695.VMS,VCSEGANBA2K1,,all characters plus basketball mini game,
Sega Sports NBA 2K2,nba2k2,v7966.vmi,v7966.VMS,VCSEGANBA2K2,Hoshimoto,My latest updated rosters.It's about 99% accurate.The only thing missing is rookie players.I'll leave that up to you.Email me if you have any trouble.,
Sega Sports NBA 2K2,nba2k2,v58375.vmi,v58375.VMS,VCSEGANBA2K2,Trase,"plantillas a dia 24~10~2002rookies and rosters.Hello from Spain,Pow Gasol rules!!!!",
Sega Sports NBA 2K2,nba2k2,v28864.vmi,v28864.VMS,VCSEGANBA2K2,Anthony,updated rosters as of 6/28/02,
Sega Sports NBA 2K2,nba2k2,v15321.vmi,v15321.VMS,VCSEGANBA2K2,Sal,My Dream Team,
Sega Sports NBA 2K2,nba2k2,v96915.vmi,v96915.VMS,VCSEGANBA2K2,Armando,Updated rosters and rookies like YAO MING JAY WILLIAMSMIKE DUNLEAVY CARON BUTLERDREW GOODER DAJUAN WAGRER,
Sega Sports NBA 2K2,nba2k2,v43333.vmi,v43333.VMS,VCSEGANBA2K2,Mad-Skillz,UPDATED ROSTERS PLUS MYSELF MAD-SKILLZAND MY 2 1OO RATED TEAMS THAT INCLUDESCAM'RON JAY-Z AND EMENIEM PLUS MORESO GET READY FOR STREETS ACTION ORSTADIUM ACTION.,
Sega Sports NBA 2K2,nba2k2,v84225.vmi,v84225.VMS,VCSEGANBA2K2,grizz-lee,"perfect record tournament w/lakers. 2 created players, & 1 created team. tha best. enjoy!",
Sega Sports NBA 2K2,nba2k2,v74568.vmi,v74568.VMS,VCSEGANBA2K2,Kareem,"This has current and accurate roster. 5/23/02 there is also a magic franchise record2-1. the team is s.francise, m.bibby, z.wang, k.garnett, and d.miles.1st season. yes i also made the rookieteams, both east & west. contact me 4 more info.",
Sega Sports NBA 2K2,nba2k2,v75648.vmi,v75648.VMS,VCSEGANBA2K2,Armando,The real updated rosters as of5/3/2002 with some created playeslike LEE NAILON JARRON COLLINSand more,
Sega Sports NBA 2K2,nba2k2,v22219.vmi,v22219.VMS,VCSEGANBA2K2,Armando,more created NBA playes likeDONNELL HARVEY AJ GUYTONZYDRUNAS ILGAUSKAS PREDRAG DROBNJAKand updated rosters as of 5/4/2002,
Sega Sports NBA 2K2,nba2k2,v96386.vmi,v96386.VMS,VCSEGANBA2K2,_Murphy_Lee_,New Roster as of 5/8/2k2Enjoy!,
Sega Sports NBA 2K2,nba2k2,v98443.vmi,v98443.VMS,VCSEGANBA2K2,RICO SANTILLI,Updated roster with trades,
Sega Sports NBA 2K2,nba2k2,v45546.vmi,v45546.VMS,VCSEGANBA2K2,SPHINX,"UPDATED ROSTERS, 90's Legends Team and more!",
Sega Sports NBA 2K2,nba2k2,v34799.vmi,v34799.VMS,VCSEGANBA2K2,Dale Roberts,This is the NBA2K2 ALLSTARS.Try to beat them if you do give me an e-mail tell me what the score was who did u use ect.Play them on All-Star no changes!!!,
Sega Sports NBA 2K2,nba2k2,v86229.vmi,v86229.VMS,VCSEGANBA2K2,Thiago Cordeiro,lakers super stars.,
Sega Sports NBA 2K2,nba2k2,v61186.vmi,v61186.VMS,VCSEGANBA2K2,robey,"look i got the domoinate center of all timehe's 7'6 shot blocker and shootthree's like ''dirk'' but betterhe average 28.1.But the team itself is unstoppable check them out anda but of people who on the agentlist,or retired.........",
Sega Sports NBA 2K2,nba2k2,v37129.vmi,v37129.VMS,VCSEGANBA2K2,robey,"This is a basketball team like the rest of the nba teams but thisteam is ""NBDL"" in case yall' didn'tknow it's a basketball league madeby the nba these people is ""ROANOKE""they are 100.0 percent have fun lookfor the temple owls on the nextsaved g",yes
Sega Sports NBA 2K2,nba2k2,v85547.vmi,v85547.VMS,VCSEGANBA2K2,xMOPXx,Its been a long time folks but hereit is.The NBA2K2 upload MOP style.Its one day before the allstar gameso lets see if you can give Kobethe MVP.,
Sega Sports NBA 2K2,nba2k2,v94790.vmi,v94790.VMS,VCSEGANBA2K2,Henry,two created teams,
Sega Sports NBA 2K2,nba2k2,v34880.vmi,v34880.VMS,VCSEGANBA2K2,robey,all of the players from nbdl league,
Sega Sports NBA 2K2,nba2k2,v34088.vmi,v34088.VMS,VCSEGANBA2K2,Kareem,the current roster as of 4/4/02i advise you to get it.,
Sega Sports NBA 2K2,nba2k2,nba2k201.VMI,nba2k201.VMS,VCSEGANBA2K2,,Perfect Save,
Sega Sports NFL 2K,nfl2k,v4036.vmi,v4036.VMS,SEGANFL2KSET,Evan Byrnes,"this is the 01-02 rosters for nfl2k the pit team is the most accuratebut all other teams have startingqbs, rbs, and wrs [mostly]. Some teamsi improvized.",
Sega Sports NFL 2K,nfl2k,v40814.vmi,v40814.VMS,SEGANFL2KSET,Anthony Dibella,"November 6, 2000 Vikings NFC Champs plus 5 new offensive plays I designed for the Hardcore Viking fans and hopefully the team.",
Sega Sports NFL 2K,nfl2k,v41856.vmi,v41856.VMS,SEGANFL2KSET,Jacob,"Brand new 2000-2001 nfl 2k rostersrookies,free agent signing,trades,player releases,and draft picks.",yes
Sega Sports NFL 2K,nfl2k,v6128.vmi,v6128.VMS,SEGANFL2KSET,tony riedinger,"A few trades,my own personal plays,and some made up players. Level is all pro. Check out the lions season stats,especially#5,almost 30 sacks.",
Sega Sports NFL 2K,nfl2k,v59795.vmi,v59795.VMS,SEGANFL2KSET,Keenan Williams,Note: This has the offical rosters ofthe 99 season and its at the end of the seasonso the AFC is against the NFC inseason mode.,
Sega Sports NFL 2K,nfl2k,v46595.vmi,v46595.VMS,SEGANFL2KSET,Benjamin King,Updated rosters 8/20/00,
Sega Sports NFL 2K,nfl2k,v42326.vmi,v42326.VMS,SEGANFL2KSET,NFL2K Fan,Roster updates as of 8-10-00.  Includes most of the major NFL transactions...enough to hold us over until 2K1 comes out.,
Sega Sports NFL 2K,nfl2k,v22038.vmi,v22038.VMS,SEGANFL2KSET,strim,SF49ERS 20001 ROSTER AND ROOKIES,
Sega Sports NFL 2K,nfl2k,v64632.vmi,v64632.VMS,SEGANFL2KSET,Romelle Dials,The 2000 Bucs Team rookies included.,
Sega Sports NFL 2K,nfl2k,v1680.vmi,v1680.VMS,SEGANFL2KSET,chris,most main trades...pretty good.,
Sega Sports NFL 2K,nfl2k,v39312.vmi,v39312.VMS,SEGANFL2KSET,KEDRICK,UPDATED ROSTERS 7/20,
Sega Sports NFL 2K,nfl2k,00000486.vmi,00000486.VMS,SEGANFL2KSET,Vincent Black,"NFL 2K DATA Most all Trades, free agents and a few created (for realisim) corrected. Depth charts may have to be adjusted. Made after Super Bowl.",
Sega Sports NFL 2K1,nfl2k1,v61772.vmi,v61772.VMS,SEGA_NFL_2K1,Showtime,"Updated dept chart as of 11/10/01  with C. Chambers(Fins),  A. Carter(49ers), and many more.  Teams play like reaal life  counterpart after you download  Sega roster upgrade along with this depth chart.  Go to the season mode to see the true ra",
Sega Sports NFL 2K1,nfl2k1,v17829.vmi,v17829.VMS,SEGA_NFL_2K1,cornelius miles,this is the bears in the 2001-2002 season,
Sega Sports NFL 2K1,nfl2k1,v35695.vmi,v35695.VMS,SEGA_NFL_2K1,Carlos,"This is a file of high school superstars around my area. With a good QB( don't let the rating fool you), two good RB's one for blocking and one for running, a TE, two WR,a LB, and me as DE although I ama offensive lineman. This is a great save.",
Sega Sports NFL 2K1,nfl2k1,v15130.vmi,v15130.VMS,SEGA_NFL_2K1,jim,Latest Roster As Of 08/29/01,
Sega Sports NFL 2K1,nfl2k1,v50504.vmi,v50504.VMS,SEGA_NFL_2K1,evilrock,"All rules turned off and a custom team called the Hicktown Waterboys, they are a bunch of misfits. Their stats arent all that great and when u play with them its awesome.",
Sega Sports NFL 2K1,nfl2k1,v70140.vmi,v70140.VMS,SEGA_NFL_2K1,jay,Wonderful franchise mode game. Features Atlanta Falcons with superstar players.,
Sega Sports NFL 2K1,nfl2k1,v41407.vmi,v41407.VMS,SEGA_NFL_2K1,JACOB.M,"This roster update has rosters dated to June,07. 2k1 it has off season trades like Jerry Rice going to Oakland,and depth charts are corret.",
Sega Sports NFL 2K1,nfl2k1,v31329.vmi,v31329.VMS,SEGA_NFL_2K1,Benjamin King,Rosters updated as of 6/5/01,
Sega Sports NFL 2K1,nfl2k1,v92764.vmi,v92764.VMS,SEGA_NFL_2K1,Sid-Squid Andrews,The perfected ravens Roster. Mysterio- Quarterback- perfect accuracy and strength.L Blaze- Running Back-super fast and strong.S Andrews- Wide Reciever-Unstopable catcher. Perfect catch and pass run route. All are tops on Pro Bowl listings and a,yes
Sega Sports NFL 2K1,nfl2k1,v65286.vmi,v65286.VMS,SEGA_NFL_2K1,ShOcKeR,Here is the raiders with almost everybody u can think of. There are 100 offenses and 100 defenses. Overall they are 99! I also made the packers 100 offense and 98 defense. Overall they are 98!,
Sega Sports NFL 2K1,nfl2k1,v46082.vmi,v46082.VMS,roster.upd,andy,"Pittsburg Steelers w/ my  tribute to sega. Team made of progammers from AM2, including yuji naka! Very fast team. Also play my version of (spring right option) it kicks @ speaking of @ss! (MY@SS) is the tight end on the right. He's the 6 point",
Sega Sports NFL 2K1,nfl2k1,v87389.vmi,v87389.VMS,SEGA_NFL_2K1,tony riedinger,"Cool save! Two wide recievers at 100, two runningbacks at 100 and a QB that runs like Sanders and throws like Young! The stats don't lie.",
Sega Sports NFL 2K1,nfl2k1,v76841.vmi,v76841.VMS,SEGA_NFL_2K1,Lee,OK now im in My season with the Vikings and im in about week 9. Moss is near the top in most of the stat topics as is Cris Carter and Dont forget that Robert Smith is one of the Leaders in the running Squad and I lost about 2 or 3 games so you',
Sega Sports NFL 2K1,nfl2k1,v39908.vmi,v39908.VMS,SEGA_NFL_2K1,David Knighton,The future is here NOW!!!!  The 49ers in 2007.  The team has won 5 SB's and has alot of new stars through the draft.  For hardcore NFL 2k1 fans you've got to at leat try this one out.,
Sega Sports NFL 2K1,nfl2k1,v22654.vmi,v22654.VMS,SEGA_NFL_2K1,beady3,Upgraded jets with overaall offense 99 two wrs with 100 two dbs with 95 two defensive ends with 100 a linebacker 95 and a runningback with a 99 rating.,
Sega Sports NFL 2K1,nfl2k1,v5371.vmi,v5371.VMS,SEGA_NFL_2K1,Oscar Jr.,"The Steers, my school's team. With 100 in stat and me (#99 on the defence) they are unstoppable when used correctly.",
Sega Sports NFL 2K1,nfl2k1,v68554.vmi,v68554.VMS,SEGA_NFL_2K1,JACOB.M,"New roster updates ,some trades,some new rookies that are created,and new depth chart lineups fordifferent teams.",
Sega Sports NFL 2K1,nfl2k1,v97203.vmi,v97203.VMS,SEGA_NFL_2K1,JACOB.M,"If your a Texas Longhorn fanthis is the download for you!Includes: M.Applewhite,C.Simms,H.Mitchell,B.J Johnson and others.",
Sega Sports NFL 2K1,nfl2k1,v84170.vmi,v84170.VMS,SEGA_NFL_2K1,JACOB.M,"Updated rosters includes: Depth chart updates new punter and kicker for the rams, some created players and 1 or 2 trades.",
Sega Sports NFL 2K1,nfl2k1,v8181.vmi,v8181.VMS,SEGA_NFL_2K1,DoomTrain,2 extra teams all 100 and a few new players created with high ratings.,
Sega Sports NFL 2K1,nfl2k1,v65564.vmi,v65564.VMS,SEGA_NFL_2K1,jbl950,The Waterboys offense rating is 100defense is 87 and overall 89update in progress.,
Sega Sports NFL 2K1,nfl2k1,v30314.vmi,v30314.VMS,SEGA_NFL_2K1,Nick,"Amazing fantasy drafted franchise season.On 3rd game of 3rd month, unbeaten and 2 strait Super Bowl wins.",
Sega Sports NFL 2K1,nfl2k1,v90985.vmi,v90985.VMS,SEGA_NFL_2K1,SteveTheStoner,"This save is for all you Lions fans who are sick of a losing team. Download this and you will have the greatest Lions team ever imagined. Coached by the only coach you know and trust, YOU.So use them in a season, take them to a Superbowl, and w",
Sega Sports NFL 2K1,nfl2k1,v78833.vmi,v78833.VMS,SEGA_NFL_2K1,JACOB.M,"Updated N.F.L. rosters including:depth chart updates, player trades,and also created players. Accurateup to Wed,Dec.13,2000.",
Sega Sports NFL 2K1,nfl2k1,v46886.vmi,v46886.VMS,SEGA_NFL_2K1,Eric Villegas,"Raiders in franchise mode, in 3rd season, defending Super Bowl Champs and undefeated so far through 5 games and QB has thrown for 2444 yrds already. Enjoy!!!",
Sega Sports NFL 2K1,nfl2k1,v65202.vmi,v65202.VMS,SEGA_NFL_2K1,trymon,"Upgrade patriots team with me at ""QB"" unstoppable in empty set and use custom plays in that set.Great""D"" use LB pierce.",
Sega Sports NFL 2K1,nfl2k1,v39173.vmi,v39173.VMS,SEGA_NFL_2K1,underboss,Lots of good players one more game to play before making it to the playoffs on the 1st year of franchise.,
Sega Sports NFL 2K1,nfl2k1,v42395.vmi,v42395.VMS,SEGA_NFL_2K1,Vex Starchild,"For those of you from the great state of Florida! This file includes an all-star team of players who played college ball in the best state to play it. With the exception of the offensive line and one DB (who plays for the Dolphins anyway), ever",
Sega Sports NFL 2K1,nfl2k1,v41684.vmi,v41684.VMS,SEGA_NFL_2K1,kc15aa,"Try these two teams from Decatur, Ga.  One is a traditional power every year(SWDEKALB),the other is my highschool Mcnair.",
Sega Sports NFL 2K1,nfl2k1,v20375.vmi,v20375.VMS,SEGA_NFL_2K1,grinch,Pittsburg francise team...big three stewart dunn and buress...undefeated great team,
Sega Sports NFL 2K1,nfl2k1,v45179.vmi,v45179.VMS,roster.upd,barry weiss,Roaster update from Seganet on download on NFL 2k1,yes
Sega Sports NFL 2K1,nfl2k1,v17551.vmi,v17551.VMS,roster.upd,NBAlibra,NFL2K1 updated rosters. 10/10/00,
Sega Sports NFL 2K1,nfl2k1,v53381.vmi,v53381.VMS,SEGA_NFL_2K1,Ryan,"Ohio State Buckeyes; the good ones, plusa special picks including yours truely asa 97 WR. The team name is the Columbus Infintry, call-sign WAR. Enjoy & emailme if you like OSU.",
Sega Sports NFL 2K1,nfl2k1,v6995.vmi,v6995.VMS,SEGA_NFL_2K1,TheKid,Two custom teams. All Ohio State alumni team the NFL all rookie team.,
Sega Sports NFL 2K1,nfl2k1,v63198.vmi,v63198.VMS,SEGA_NFL_2K1,ERIC2NICE,"I have tried to be as accurate aspossible in converting the Miami Dolphins into the Miami Sharks(the fictional team from the movie""Any Given Sunday""). The team playsbetter than its rating indicates. Enjoy!",
Sega Sports NFL 2K1,nfl2k1,v67418.vmi,v67418.VMS,SEGA_NFL_2K1,Fred Pritchett,"Two rbs rated 100, two wr's rated 100, and db's rated 100 e-mail me if you want to know how to do it",
Sega Sports NFL 2K1,nfl2k1,v16948.vmi,v16948.VMS,SEGA_NFL_2K1,Patrick JD Costa,"San Francisco 49ers,in Franchise mode. This is my second season with them, one game left before playoffs. 13-2 will they win the Super Bowl again?",
Sega Sports NFL 2K1,nfl2k1,v36162.vmi,v36162.VMS,SEGA_NFL_2K1,Mike,Heres the entire Tampa Bay Buccaneers team with all the rookies not included in the original.,
Sega Sports NFL 2K1,nfl2k1,v5198.vmi,v5198.VMS,SEGA_NFL_2K1,andre mcdonald,Upgraded Miami Dolphine with E. James #34 and a whole lot of good rookies.,
Sega Sports NFL 2K1,nfl2k1,v72862.vmi,v72862.VMS,SEGA_NFL_2K1,Romelle,This save is for Bucs fans: after a perfect season and superbowl win.  Try to keep the drive going with this second franchise year.,
Sega Sports NFL 2K1,nfl2k1,v60648.vmi,v60648.VMS,SEGA_NFL_2K1,Scott Newhall,"Custom team, Sin City Devils.",
Sega Sports NFL 2K1,nfl2k1,v17909.vmi,v17909.VMS,SEGA_NFL_2K1,Robert Green,"This is a created team of my high school team the Richland Northeast Cavs in Columbia,SC. Enjoy the save and Go Richland Northeast Cavs!",
Sega Sports NFL 2K2,nfl2k2,v2845.vmi,v2845.VMS,SEGA_NFL_2K2,Darkstar,Season as Falcons. Most teams updated to 2003 roster.,
Sega Sports NFL 2K2,nfl2k2,v91285.vmi,v91285.VMS,SEGA_NFL_2K2,mario,Raiders ready for playoffs... only ONE defeat.cool custom plays and players!,
Sega Sports NFL 2K2,nfl2k2,v66871.vmi,v66871.VMS,SEGA_NFL_2K2,ALEJO,"En el SUPER BOWL en modo frachise, PACKERS Vs TITANS. (BUENA SUERTE)",
Sega Sports NFL 2K2,nfl2k2,v65272.vmi,v65272.VMS,SEGA_NFL_2K2,THE NuKE,"The best save! Rosters are almost exact to NFL2K3!Even Cris Carter for the Packers,Hakim for Lions, I even made 2003 Rookies!All real life rosters, current of Nov.2002",
Sega Sports NFL 2K2,nfl2k2,v76050.vmi,v76050.VMS,SEGA_NFL_2K2,Phil Oswald,Philly Eagles one super bowl victory in franchise new players all round solid football team!!!! A must for Philly Fans!!!,yes
Sega Sports NFL 2K2,nfl2k2,v42397.vmi,v42397.VMS,SEGA_NFL_2K2,Chan Rehner,Superbowl 2002 NE VRS. STLReady to be played.,
Sega Sports NFL 2K2,nfl2k2,v88630.vmi,v88630.VMS,SEGA_NFL_2K2,Kareem,this is a 49ers Franchise. check it out look at the new 49ers they are 2-o in week 3 2003 season.,
Sega Sports NFL 2K2,nfl2k2,v18227.vmi,v18227.VMS,SEGA_NFL_2K2,DigitalVikings,Vikings 15-1 Season!!!!Saved at the start of playoff'sMoss has the longest catch ofthe year! 100yrds......Have Fun!!!,
Sega Sports NFL 2K2,nfl2k2,v78768.vmi,v78768.VMS,SEGA_NFL_2K2,FifthFlo,"This is an updated roster file for NFL 2K2.All trades, cuts and signings (to the bestof my knowledge) have been made up to Week 4.",
Sega Sports NHL 2K,nhl2k,v67813.vmi,v67813.VMS,SEGANHL2KP00,Leclair The God,new flyers...dopita..fedetenko..and the like (fedoruk),
Sega Sports NHL 2K,nhl2k,v41034.vmi,v41034.VMS,SEGANHL2KR00,Erik,new rosters and some dynamic creadted players,
Sega Sports NHL 2K,nhl2k,v62214.vmi,v62214.VMS,SEGANHL2KR00,Leclair The God,complete flyers team as of 01-01-02,yes
Sega Sports NHL 2K,nhl2k,v70236.vmi,v70236.VMS,SEGANHL2KR00,kingsfan,Rosters as of 01-26-01.,
Sega Sports NHL 2K,nhl2k,v90806.vmi,v90806.VMS,SEGANHL2KR00,buttcher,Updated rosters as of 11/2.  This file is more up to date than my last one.,
Sega Sports NHL 2K,nhl2k,v9750.vmi,v9750.VMS,SEGANHL2KR00,mo moniz,"Updated rosters as of 10/10.  I have tried to update the rosters as best as I can, but I may have missed some of the trades and free agent signings.  Keep in mind that it is impossible to have completely updated rosters because the Minnesota Wil",
Sega Sports NHL 2K,nhl2k,v39355.vmi,v39355.VMS,SEGANHL2KR00,mark maffia,NHL 2k rosters 7/25/00,
Sega Sports NHL 2K,nhl2k,00000503.vmi,00000503.VMS,SEGANHL2KR00,Vincent Black,NHL 2K Rosters as of 2/15/2000.,
SeGaGaGa,segagaga,SEGAGAGA.VMI,SEGAGAGA.VMS,SEGAGAGA.001,,Super Save! Money Max!,yes
SeGaGaGa,segagaga,SEGAGAG2.VMI,SEGAGAG2.VMS,SEGAGAGA.001,,Minigame ALL ROUND CLEAR!,
Seirei Hata Ray Blade,seirei,SHENGLJ1.VMI,SHENGLJ1.VMS,RAYBLADE_001,,Money Max at Stage 1!,
Seirei Hata Ray Blade,seirei,SHENGLJ2.VMI,SHENGLJ2.VMS,RAYBLADE_001,,High Level at Stage 1!,yes
Seventh Cross Evolution,seventhcrossevolution,v60011.vmi,v60011.VMS,7THCRSEV_000,Cid211,Good save! You will enjoy!,
Seventh Cross Evolution,seventhcrossevolution,00000176.vmi,00000176.VMS,7THCRSEV_000,Savior,"999/999 HP, 999/999 EP, 999 EVP, 999/999 AT, 999 E-AT, 999 DEF, 999 INT, 999 HEAL, 999 DEX, all Stone Monuments unlocked, lots of different level body parts to mutate into, final boss scene awaits.",yes
Shadow Man,shadowman,v1056.vmi,v1056.VMS,SHADOMAN.000,guto,"120 dark souls,todos cadeaux todos segredos.tudo aberto ate o book of shadows todas as armas. .",
Shadow Man,shadowman,v67545.vmi,v67545.VMS,SHADOMAN.000,Behdad,this is good save for person that start this game.man ta nimehai in bazi pish raftam vali badbakhtane rahi peida nakardam.,
Shadow Man,shadowman,v92438.vmi,v92438.VMS,SHADOMAN.000,Bleak,"The actual game file save. Everything beaten. Need to DL this one and the other one to get all levels, cheats & movies.",yes
Shadow Man,shadowman,v49533.vmi,v49533.VMS,SHADOMAN.SYS,Bleak,game beaten with everything unlocked,
Shadow Man,shadowman,v7967.vmi,v7967.VMS,SHADOMAN.SYS,jose luis colombia,algunos cheats de este gran juego,
Shadow Man,shadowman,v98125.vmi,v98125.VMS,SHADOMAN.000,Blurr82,"All 120 dark souls, 98 cardeux (only2 remaining), most cheats, most cutscenes, plus Book of Shadows. Enjoy!",
Shadow Man,shadowman,v78723.vmi,v78723.VMS,SHADOMAN.002,DB,120 dark souls and secret Book of Shadows.  Most cheats unlocked.,
Shadow Man,shadowman,v6915.vmi,v6915.VMS,SHADOMAN.000,Nelson Algarin.PUERTO RICO,FINAL BATTLE & SUPER FORCE,
Shadow Man,shadowman,v94384.vmi,v94384.VMS,SHADOMAN.000,jason robles,Everything beat,
Shadow Man,shadowman,v75146.vmi,v75146.VMS,SHADOMAN.000,cart00n,"This is saved right before the final battle with Legion. All abilities gained, as well as all cardeux & dark souls. Not every secret, tho', some bug ate some of them. Enjoy the ones that are there!",
Shadow Man,shadowman,v8737.vmi,v8737.VMS,ICONDATA_VMS,,Shadowman Voodo Teddy bear VMU icon.,yes
Shenmue Chapter 1: Yokosuka,shenmue,v12397.vmi,v12397.VMS,SHENMUE1_000,"Luis ""KAIN""",principio del disco 2 con:9999999 de dinerotoda la coleccion de figuras todos las tecnicas de pelea en mastered incluso las que se consiguen solo en la tiendatodos las esenas del disco uno para que las vean el disco 4 asi solo tienen que preocu,
Shenmue Chapter 1: Yokosuka,shenmue,v73155.vmi,v73155.VMS,SHENMUE1_000,AMJ_!sk!,"Modo 70 man battle aberto,modo 'tempo real de Yokosuka aberto e jogo terminado no dia de natal...",
Shenmue Chapter 1: Yokosuka,shenmue,v69074.vmi,v69074.VMS,SHENMUE1_000,Rafael Angelo,"Pronto para a versao ""SHENMUE2"" em Hong Kong. Com muito dinheiro, todos os golpes, todos objetos, e o modo de 70MENBATTLE no menu de opcao.",
Shenmue Chapter 1: Yokosuka,shenmue,v41425.vmi,v41425.VMS,SHENMUE1_000,Mike Manasco,"2 files have  been cleared. The other one contains 99 of each collectible, maximum amount of yen, and begins at the time before you buy the ticket to Hong Kong.",
Shenmue Chapter 1: Yokosuka,shenmue,v59.vmi,v59.VMS,SHENMUE1_000,CHARLY BROWN ( GDL ),"There is 3 files on this save.  The first is complete, the second is disc 2 start file, and the last one is the bad ending.  What you do, you load the game and you are in Ryo's room, just go to sleep, and when you wake up, you will automatically s",
Shenmue Chapter 1: Yokosuka,shenmue,v6991.vmi,v6991.VMS,SHENMUE1_000,LuCkYoNe,"Infinite Money, All Collections, All Moves Masterd, 70 man battle unlocked.",
Shenmue Chapter 1: Yokosuka,shenmue,v73431.vmi,v73431.VMS,SHENMUE1_000,Chris68805,The first file is a cleared filewith magic weather and 70 man battleSecond file is a new file on first disk.,
Shenmue Chapter 1: Yokosuka,shenmue,v72113.vmi,v72113.VMS,SHENMUE1_000,tenchi38,70 man battle and magic weather modes unlocked.File 2 starts right at the games conclusion.,
Shenmue Chapter 1: Yokosuka,shenmue,v3167.vmi,v3167.VMS,SHENMUE1_000,METALGOD,"Save with a clear game and two other files near the end, withmore than 70 toys, Space Harrierand Hang On.",
Shenmue Chapter 1: Yokosuka,shenmue,v87444.vmi,v87444.VMS,SHENMUE1_000,Emosenol,"Este es un super archivo contiene toda la coleccion de figuras los juejos de sega y 99 999999 de dinero en el primer archivo y en el segundo todos los movimiento en master con todo el dinero,juguetes y juegos de sega y en el primer enfrentamien",
Shenmue Chapter 1: Yokosuka,shenmue,v39674.vmi,v39674.VMS,SHENMUE1_000,tenchi38,70 man battle and magic weather modes unlocked.File 2 starts right at the games conclusion.,
Shenmue Chapter 1: Yokosuka,shenmue,v38950.vmi,v38950.VMS,SHENMUE1_000,JCG,"1st file has Chai defeted in arcade2nd file dosent. Both files arecleared, 3rd file has nothing.(in case you want to start yourown) just waiting for part II.",
Shenmue Chapter 1: Yokosuka,shenmue,v49472.vmi,v49472.VMS,SHENMUE1_000,TST-leader,"The Bad Ending. Just start with the third save file, and lose to Chai in the arcade. The next morning you will be automatically dragged into the bad ending.",
Shenmue Chapter 1: Yokosuka,shenmue,v25530.vmi,v25530.VMS,SHENMUE1_000,Pheonix Iona,"Great Shenmue save. On disk three, have hang on for the saturn, about15,000 yen. Lots of toys, four winning cans.",
Shenmue Chapter 1: Yokosuka,shenmue,v81485.vmi,v81485.VMS,SHENMUE1_000,Travis B. Phipps,"On file 1: On disc 3 Ryo is looking for job at harbor. Has 70 tokens, a radio, and has a whole  bunch of collectables, almost all the tapes, and all the move scrolls.  On Resume File: Super Sonic, Metel Sonic, and Gold Biesbien.",
Shenmue Chapter 1: Yokosuka,shenmue,v6476.vmi,v6476.VMS,SHENMUE1_000,Cesar,"Hey, si tu! Quieres una archivoen donde solo te falte aniquilaral ultimo contrincante (el viejo)del disco 3 de shenmue y ademasya tengas el ""cleared file""?Escogeme...",
Shenmue Chapter 1: Yokosuka,shenmue,v31059.vmi,v31059.VMS,SHENMUE1_000,gReg,"Great save with GAME CLEAR DATA, good save at around the beginning of disc 3 with Hang-On & Space Harrier games for Saturn, all toys, items, etc. Enjoy!!!",
Shenmue Chapter 1: Yokosuka,shenmue,v44676.vmi,v44676.VMS,SHENMUE1_000,REAVER,this has 70 battle unlocked & start file for disc 3.,
Shenmue Chapter 1: Yokosuka,shenmue,v9495.vmi,v9495.VMS,SHENMUE1_000,"Carlos Alvarez, Chile","Aqui partes en el segundo disco con mucho dinero, todos los movimientos, dos juegos, muchas cintas y toda la coleccion de jugetes.",
Shenmue Chapter 1: Yokosuka,shenmue,v65828.vmi,v65828.VMS,SHENMUE1_000,TheShock,"Everything unlocked, all items and toys.",
Shenmue Chapter 1: Yokosuka,shenmue,v15820.vmi,v15820.VMS,SHENMUE1_000,Jason Beterson,"Game beaten on one save and two others at the end of disk three and two , 70 man battle unlocked.",
Shenmue Chapter 1: Yokosuka,shenmue,v46233.vmi,v46233.VMS,SHENMUE1_000,ChrisL80,"About 15,000 yen, on the third disk, andspace harrier for the Saturn.",
Shenmue Chapter 1: Yokosuka,shenmue,v16609.vmi,v16609.VMS,SHENMUE1_000,Omar Alahdl,"All three files completed,70 men battle unlocked,all moves mastered.",
Shenmue Chapter 1: Yokosuka,shenmue,v84416.vmi,v84416.VMS,SHENMUE1_000,Rodney,"Maz amout of yin, allkicks/punches/throws mastered.  Allthe item including the two sega games.All of the collection.",
Shenmue Chapter 1: Yokosuka,shenmue,v7547.vmi,v7547.VMS,SHENMUE1_000,Keith Kerrigan,The 2nd disc Ryo is currently looking for the Pheniox Mirror. It is up to you to find it if you can.,
Shenmue Chapter 1: Yokosuka,shenmue,v26825.vmi,v26825.VMS,SHENMUE1_000,Corey Colella,One in middle of disk two. Another a cleared and one near the end just before you rescue Nozomi.,
Shenmue Chapter 1: Yokosuka,shenmue,v84024.vmi,v84024.VMS,SHENMUE1_000,Adam Schwartz,"A few saves, each further into the game. 2nd save has mini stereo won and in your room. Each save has tons of cash, all miniatures, most of the items and moves collected and mastered. Resume file starts with looking for Charlie at the Tattoo Sh",
Shenmue Chapter 1: Yokosuka,shenmue,v49955.vmi,v49955.VMS,SHENMUE1_000,Shane,A save for begginers. Just at the start of the game getting into the mystery of the three blades.,
Shenmue Chapter 1: Yokosuka,shenmue,v16866.vmi,v16866.VMS,SHENMUE1_000,Edwin maldonado,"In disk 3 with tons of cash, all moves unlocked until now!!! Sega Saturn unlocked with 2 games. MUST DOWNLOAD!!!!",
Shenmue Chapter 1: Yokosuka,shenmue,v3241.vmi,v3241.VMS,SHENMUE1_000,"Jake ""SegaDCStar"" Wulff","UPDATE! Cleared file, with last file being Ryo's job! A close to perfect save. Enjoy the features unlocked on the passport!",
Shenmue Chapter 1: Yokosuka,shenmue,v58982.vmi,v58982.VMS,SHENMUE1_000,Covenant,"Game clear file,awaiting chpt.2;Almost all the collection minus onlineones, theatre mode complete minus last 2enjoy!!!!!!!!!",
Shenmue Chapter 1: Yokosuka,shenmue,v86082.vmi,v86082.VMS,SHENMUE1_000,LuCkYoNe,"Infinite money, all moves masterd, 70 man battle unlocked, plus a very nice ending. <-----",
Shenmue Chapter 1: Yokosuka,shenmue,v67552.vmi,v67552.VMS,SHENMUE1_000,gamezombie,Ending with Ryo getting on boat to Hong Kong.,
Shenmue Chapter 1: Yokosuka,shenmue,v26008.vmi,v26008.VMS,SHENMUE1_000,Covenant,"Game clear file,awaiting chpt.2;Almost all the collection minus onlineones, theatre mode complete minus last 2enjoy!!!!!!!!!",
Shenmue Chapter 1: Yokosuka,shenmue,v84636.vmi,v84636.VMS,SHENMUE1_000,paul steppler,End of disk 2 you start after you beat up the travel company guythen off to the docs for a job.,
Shenmue Chapter 1: Yokosuka,shenmue,v35215.vmi,v35215.VMS,SHENMUE1_000,crazypeter,Near the end of disc 2...max cash...all collection...all moves...lotsa items.,
Shenmue Chapter 1: Yokosuka,shenmue,v68331.vmi,v68331.VMS,SHENMUE1_000,Flame16,At the End of game and with the 70 person battle. One of the saves is just before you ride the motorcycle.,
Shenmue Chapter 1: Yokosuka,shenmue,v37222.vmi,v37222.VMS,SHENMUE1_000,Mathew white,"All punch,kicks and throws mastered,Maxed out cash, 70 man battle unlockedIn the begining of disc 3(file #2).",
Shenmue Chapter 1: Yokosuka,shenmue,v85733.vmi,v85733.VMS,SHENMUE1_000,Kinraman,"This has saves from disk 2 and disk 3. Have lotsof cash, most items, and I got to the very end.Thers another part were he has his job as forklifter.Try it out if you wish.",
Shenmue Chapter 1: Yokosuka,shenmue,v67435.vmi,v67435.VMS,SHENMUE1_000,SSJ4 GOKU,Beat the game and have a gamesaved at the last boss:the greatchai just so you know round oneis a free battle round two is a qte.,
Shenmue Chapter 1: Yokosuka,shenmue,v29925.vmi,v29925.VMS,SHENMUE1_000,@CE,All game completed.Good ending lots toys.I'm just waiting for chapter 2.,
Shenmue Chapter 1: Yokosuka,shenmue,v16598.vmi,v16598.VMS,SHENMUE1_000,emanz2win,"Compeleted game with all moves learned and up to moderate levels or better. For the guys who couldnt beat the game themselves, the ending is here.Although this game could've had a more better prolougue.Tell me what you think about this games en",
Shenmue Chapter 1: Yokosuka,shenmue,v66938.vmi,v66938.VMS,SHENMUE1_000,pablo,"1 file completed 70 man battle unlocked leg moves are all the way up. On 2 file on the beginning of disc three all handmoves proficiency is up 1 sega saturn game space herrier stab armor mastered. 18,000 yen.",
Shenmue Chapter 1: Yokosuka,shenmue,v24701.vmi,v24701.VMS,SHENMUE1_000,musashi3,"With this save you can start from the 2nd or 3rd disc, or you can play from where i am and have $70,000+, and 100+ toys.",
Shenmue Chapter 1: Yokosuka,shenmue,v14347.vmi,v14347.VMS,SHENMUE1_000,ASEKE,"Full collection, max yen, all punches mastered, on disc 3. 70 man battle unlocked, another save at end of disc 3.n .",
Shenmue Chapter 1: Yokosuka,shenmue,v5261.vmi,v5261.VMS,SHENMUE1_000,YUN,Es un buen archivo esta abierto el modo para pelar con 70 hombres es cool. (80 blocks),
Shenmue Chapter 1: Yokosuka,shenmue,v20372.vmi,v20372.VMS,SHENMUE1_000,Phat Rabbit,The whole Shenmue by the ulitmate Phat Rabbit.With special Phat Rabbit spin kicks.,
Shenmue Chapter 1: Yokosuka,shenmue,v98269.vmi,v98269.VMS,SHENMUE1_000,Pyronius,"This file there is All punches fully mastered along with kicks and throws, 99,999,999 Yen, A crap load of items and ALL of the collection.",yes
Shenmue Chapter 1: Yokosuka,shenmue,v1362.vmi,v1362.VMS,SHENMUE1_000,Javier,[Japanse] The End. Shiping off to Hong Kong. For chapter 2,
Shenmue Chapter 1: Yokosuka,shenmue,v66372.vmi,v66372.VMS,SHENMUE1_000,Chris,[Japanese] This saved file is in the middle ofdisks 1 and 2 the 70 man battle is unlocked.,
Shenmue Chapter 1: Yokosuka,shenmue,v8993.vmi,v8993.VMS,SHENMUE1_000,purHAZE,[Japanese] End of game. Very nice ending.,
Shenmue Chapter 1: Yokosuka,shenmue,v53326.vmi,v53326.VMS,SHENMUE1_000,Terminator,Game beaten. 70 man battle unlocked with the good ending.,
Shenmue Chapter 1: Yokosuka,shenmue,v78627.vmi,v78627.VMS,SHENMUE1_000,oscar,[Japanese] Infinite money. The second ending.,
Shenmue Chapter 1: Yokosuka,shenmue,v70269.vmi,v70269.VMS,SHENMUE1_000,GW,"For Anybody that doesn't won't to miss a minute of story plot, but want some extra cash.This is the very begining with max cash, items, collection, and moves.",
Shenmue Chapter 1: Yokosuka,shenmue,v27254.vmi,v27254.VMS,SHENMUE1_000,"Jake ""SegaDCStar"" Wulff","Game complete, as well as two others near the end of disk 1.",
Shenmue Chapter 1: Yokosuka,shenmue,v22131.vmi,v22131.VMS,SHENMUE1_000,Marc Groger,"Maxed out cash, complete collection, saturn games available, all punches mastered.  Disc 3.",
Shenmue Chapter 1: Yokosuka,shenmue,v72852.vmi,v72852.VMS,SHENMUE1_000,BOBBY,Finish game good ending just need towait for chapter two now,
Shenmue Chapter 1: Yokosuka,shenmue,SM1E_EXR.VMI,SM1E_EXR.VMS,SHENMUE1_000,,Ryo is in the Extra World (US),
Shenmue Chapter 1: Yokosuka,shenmue,SM1J_LST.VMI,SM1J_LST.VMS,SHENMUE1_000,,Last Save! Battle mode unlocked (JP),
Shenmue Chapter 1: Yokosuka,shenmue,SM1J_CLR.VMI,SM1J_CLR.VMS,SHENMUE1_000,,Clear Save! Use For Shenmue2! (JP),
Shenmue Chapter 1: Yokosuka,shenmue,v50770.vmi,v50770.VMS,SHENMUE1_000,,This is clear game save file that has the 70 man battle unlocked.,
Shenmue Chapter 1: Yokosuka,shenmue,v41346.vmi,v41346.VMS,SHENMUE1_000,,"Non hacked save,  tons of great items and most moves close to mastered (needs conversion)",
Shenmue Chapter 1: Yokosuka,shenmue,v19487.vmi,v19487.VMS,SHENMUE1_000,,cleared file in which ryo leaves on 12/27/86.,
Shenmue Chapter 1: Yokosuka,shenmue,v8326.vmi,v8326.VMS,SHENMUE1_000,,"allmoves,toys to pawn,continuation from chap.1",
Shenmue Chapter 1: Yokosuka,shenmue,v76160.vmi,v76160.VMS,SHENMUE1_000,,este esta bueno,
Shenmue II,shenmue2,v44127.vmi,v44127.VMS,SHENMUE2_001,LAVENDER,"finished file almost all battles ,2gambling games&outrun afterburner2 ,watchable video of saturn shenmue!",
Shenmue II,shenmue2,v63309.vmi,v63309.VMS,SHENMUE2_002,goku-br,in end you only must put the fenix mirror in tower to see the endcoolno final voce so precisa colocar o espelhoe fenix na torrepra ver o finallegal,
Shenmue II,shenmue2,v27133.vmi,v27133.VMS,SHENMUE2_003,puneet,disc1 almost finished,
Shenmue II,shenmue2,v71447.vmi,v71447.VMS,SHENMUE2_001,Magnet (Brasil),Disc 2 Starting file (euro-version),
Shenmue II,shenmue2,v90755.vmi,v90755.VMS,SHENMUE2_003,trowa,Ryo in Guilin (DISC4) near the end of game,
Shenmue II,shenmue2,v55976.vmi,v55976.VMS,SHENMUE2_SYS,mozer,primeiro disk completado com os mapas e dinheiro save enviado por dreammoz santo andre,
Shenmue II,shenmue2,v27090.vmi,v27090.VMS,SHENMUE2_003,John Lewis,Disk 3 - Kowloon - plenty of money,
Shenmue II,shenmue2,v85405.vmi,v85405.VMS,SHENMUE2_002,Graff,in dragon street with most of the new moves ready to go to yellow head building.This is the PAL english version from UK.,
Shenmue II,shenmue2,v56642.vmi,v56642.VMS,SHENMUE2_SYS,rock,jap version.4 days after arrival,
Shenmue II,shenmue2,v45532.vmi,v45532.VMS,SHENMUE2_SYS,greg young,"cd 3-Ryo ta num lugar la,ele ta procurando o lan di ainda.Eu soube q shenmue2 americano nao vai mais sai e to esperando o europeu a porra da sega americana eh uma merda fica com frescura agora shenmue2 americano so vai sai pa x-box...e nois pob",
Shenmue II,shenmue2,v28239.vmi,v28239.VMS,SHENMUE2_001,josh k (piccolo_09),my update is here- This is disc 4 just follow shenhua in the path shegoes and you have to find other waysas will but this should only take an 1-2 hours maybe a little more,
Shenmue II,shenmue2,v10347.vmi,v10347.VMS,SHENMUE2_001,Eduardo gatica,the starting of the 2nd disc...enjoy!,
Shenmue II,shenmue2,v43574.vmi,v43574.VMS,SHENMUE2_002,kirk,disc 2 completed,
Shenmue II,shenmue2,v24601.vmi,v24601.VMS,SHENMUE2_002,ALBERTO ROMAN,START OF THE DISC 3 with 1900$  BY ALBERTO EL DIBAS PUERTO RICO THANKS PLANET WEB,
Shenmue II,shenmue2,v91835.vmi,v91835.VMS,SHENMUE2_003,Pilzbier,(Euro Version)A finished game file.This has all of the Arcade games and all but one fight available in the 4th disk mode. I collected many neat collectibles and the Saturn Version of Shenmue movie is available. This save is great if you want to,yes
Shenmue II,shenmue2,v37819.vmi,v37819.VMS,SHENMUE2_002,fhexz,[euro ver.] 1/4 way of 3rd cd[still in kowloon] with quite an amount of cash.,
Shenmue II,shenmue2,v15126.vmi,v15126.VMS,SHENMUE2_001,paul,//start on disc2//,
Shenmue II,shenmue2,v56186.vmi,v56186.VMS,SHENMUE2_003,Glenn AWp - INDONESIA,in the middle of disc 2.anybody out there playing shenmue2?ITS A GREAT GAME!!! BUY&PLAY IT NOW!!for europe version only.,
Shenmue II,shenmue2,v76448.vmi,v76448.VMS,SHENMUE2_002,Glenn,the beginning of disc 3,
Shenmue II,shenmue2,v45346.vmi,v45346.VMS,SHENMUE2_SYS,Fernando BR,Todos os meios de se ir loge neste jogo ja descoberto nesta versao japonesa por um Brasileiro.,
Shenmue II,shenmue2,shen2sys.VMI,shen2sys.VMS,SHENMUE2_SYS,,system data! all collections! include Saturn Shenmue,
Shenmue II,shenmue2,SM2JPMAX.VMI,SM2JPMAX.VMS,SHENMUE2_002,,1st save from game start! money & skill max,
Shenmue II,shenmue2,shen2las.VMI,shen2las.VMS,SHENMUE2_002,,"Last save, you'll clear the game within 5 minutes",
Shenmue II,shenmue2,shenbad.VMI,shenbad.VMS,SHENMUE2_003,,Shenmue2 Bad Ending,
Shenmue II,shenmue2,00000036.vmi,00000036.VMS,SHENMUE2_SYS,,system data! Saturn Shenmue Unlocked,
Shenmue II,shenmue2,00000037.vmi,00000037.VMS,SHENMUE2_001,,Disc 2 Start Save,
Shenmue II,shenmue2,00000038.vmi,00000038.VMS,SHENMUE2_002,,Disc 3 Start Save,
Shenmue II,shenmue2,00000039.vmi,00000039.VMS,SHENMUE2_003,,Disc 4 Start Save,
Shenmue II,shenmue2,SHENM2S.VMI,SHENM2S.VMS,SHENMUE2_SYS,,Most collection unlocked. System save.,
Shenmue II,shenmue2,SHENM2G.VMI,SHENM2G.VMS,SHENMUE2_003,,Most collection unlocked. Game save.,
Shenmue II,shenmue2,v28795.vmi,v28795.VMS,SHENMUE2_001,,in this save Ryo mastered all moves and completed notes.and you can sparring with elieen and izumi at pine arcade game,
Shenmue II,shenmue2,SHEN2PAL.VMI,SHEN2PAL.VMS,SHENMUE2_003,,All collection data available (PAL save),
Silent Scope,silentscope,v50844.vmi,v50844.VMS,SSCOPE01.DAT,mozer,jogue socegado este otimo jogo com continues infinito e nunca carregue sua arma dica enviada por um brasileiro de santo andre sp,
Silent Scope,silentscope,v19765.vmi,v19765.VMS,SILENT01.DAT,Brandon,Outdoor training beat,
Silent Scope,silentscope,v36531.vmi,v36531.VMS,SSCOPE01.DAT,Ah King,Completed all Out Door Training stages and Challenge 100 stages. Plus all extra options.,yes
Silent Scope,silentscope,v24722.vmi,v24722.VMS,SSCOPE01.DAT,Gr8 Muta,[Japanese] Everything unlocked!,
Silent Scope,silentscope,v29919.vmi,v29919.VMS,SSCOPE01.DAT,neoraziel,"real time aiming,+ continues,and many extra options",
Silent Scope,silentscope,v65232.vmi,v65232.VMS,SSCOPE01.DAT,neoraziel,"[Japanese] Real time aiming and continues,and many extra options.",
Silent Scope,silentscope,v17758.vmi,v17758.VMS,SSCOPE01.DAT,neoraziel,"[Japanese] Real time aiming + continues,and many extra options.",
Silent Scope,silentscope,v91000.vmi,v91000.VMS,SILENT01.DAT,GJD,[USA] Game solved on difficultlty level 4Real time aiming unlockedThe realtime aime makes the game so much better to playSee if you can beat my scores. Have fun,
Silent Scope,silentscope,v47063.vmi,v47063.VMS,SILENT01.DAT,rory fisher,3 outdoor training stages unlocked.,
Silent Scope,silentscope,sscopejp.VMI,sscopejp.VMS,SSCOPE01.DAT,,"time 999, continue 999",
Silver,silver,v50202.vmi,v50202.VMS,_SILVER_.001,rodrigo borges,final do jogo na luta contra apocalypse,
Silver,silver,v2776.vmi,v2776.VMS,_SILVER_.001,aasssafaweq,right from the beginning of the gameENJOY PLAYING!!!!!!!!!,
Silver,silver,v25702.vmi,v25702.VMS,_SILVER_.003,roger cook,fight apocalypse,
Silver,silver,v7669.vmi,v7669.VMS,_SILVER_.001,SPIKE MADROX,this save is in the library of kno. its where you are chasing the little gold imp. david also has 999 mp and max gold.,
Silver,silver,v55631.vmi,v55631.VMS,_SILVER_.001,sephiroth,"En metalon,todo disponible(excepto diamond shield ).Disfrutenlo!",
Silver,silver,v24772.vmi,v24772.VMS,_SILVER_.002,spider999,SALVE BRAZUCA TODOS ORBS e ARMAS NEAR OF SILVER..,
Silver,silver,v25282.vmi,v25282.VMS,_SILVER_.SYS,TANO,BEGINNING,
Silver,silver,v8994.vmi,v8994.VMS,_SILVER_.SYS,BOSHOY,Last boss,
Silver,silver,v57375.vmi,v57375.VMS,_SILVER_.001,holydearh,This save is just after the guy gives the gold key to the dragoon.,
Silver,silver,v21216.vmi,v21216.VMS,_SILVER_.001,Adam,"All weapons, orbs, and potions.",
Silver,silver,v760.vmi,v760.VMS,_SILVER_.001,Matchew,"Save withs all orbs. All wepons,all specials.On end of the game",yes
Silver,silver,v17633.vmi,v17633.VMS,_SILVER_.003,Avery,Battle with Silver.,
Silver,silver,v259.vmi,v259.VMS,_SILVER_.002,Chris,Skip straight to the last battle with Apocolypse.,
Silver,silver,v90565.vmi,v90565.VMS,_SILVER_.001,wild weezle,right after you kill fuge,
Skies of Arcadia,arcadia,v26964.vmi,v26964.VMS,S.ARCADIA001,Uthai.th,"Have money 999999.play time at 15 hours.s-move,and level 23",
Skies of Arcadia,arcadia,v5418.vmi,v5418.VMS,ARCADIA_E002,Saulo Feres Padovan,The worst save ever! Level 27,
Skies of Arcadia,arcadia,v63058.vmi,v63058.VMS,ARCADIA_E001,mariano,este blocke es para la version en espanol.grandes niveles de personajesdelphinus al maximoesta grabado en soltis a un paso del final,
Skies of Arcadia,arcadia,v16074.vmi,v16074.VMS,ARCADIA_E001,dream-man,this in first master on disc1pleasa send if u want any infoenjoy,
Skies of Arcadia,arcadia,v62650.vmi,v62650.VMS,ARCADIA_E001,Mariano,DISC 2 BAJATELO Y METETELO EN EL ORTO!!!!!,
Skies of Arcadia,arcadia,v88058.vmi,v88058.VMS,S.ARCADIA002,Admiral Ramirez,"At Solits Entrance (at least i think this is the right file) Vyse is at level 42, fourth character is Drachma, final weapons, for Vyse, Enrique, and Aika. Delphinus's HP is 56,000. Have very interesting weapons for Aika and Vyse (Vyse's is the",
Skies of Arcadia,arcadia,v20918.vmi,v20918.VMS,ARCADIA_E001,osama,this is an europen save.i have all crews.almost completed magic.,
Skies of Arcadia,arcadia,v34016.vmi,v34016.VMS,ARCADIA_E001,Diego Dias de Vasconcellos,"This is final battle.You have all magics unlock,the best guns,armo,rins.Only you have to do is finish of ramirez,zelos and ramirez&zelos.",
Skies of Arcadia,arcadia,v83345.vmi,v83345.VMS,S.ARCADIAD03,Thiago Dias,With this save you will be able to find and fight with a Boss Looper in the world map. Only here you can do this.,
Skies of Arcadia,arcadia,v36700.vmi,v36700.VMS,ARCADIA_E001,juandy sanchez,"This game is european version:it is a good save whith Vyse, Aika, Dracma and Fina whith 99 spirit,99 hp and 99999999 money.",
Skies of Arcadia,arcadia,v95768.vmi,v95768.VMS,S.ARCADIA002,DarkZig,"Don't be fooled by those fake high lvl. saves, this is the real thing. Vyse, Aika, and Fina are at lvl.99! 9999 hp. 99mp. All stats max ['cept agility].",
Skies of Arcadia,arcadia,v65688.vmi,v65688.VMS,S.ARCADIA002,Shabranigduo,"100 percent complete, not many but 1/4 discoveries and got most of the crew. Vyse and glider near lvl 40 and aika and fina near 35 2.",
Skies of Arcadia,arcadia,v29478.vmi,v29478.VMS,S.ARCADIA001,Geo,"$100,000+,levels at 38,all but 2 supermoves,lots of useful items and about 40 hours of play,just obtained the purple crystal.Silver mastered by all.",
Skies of Arcadia,arcadia,v73265.vmi,v73265.VMS,S.ARCADIA001,sam mendoza,"100% complete, all characters statsmaxed, somewhere in the lands of ice, final weapons, a good file.",
Skies of Arcadia,arcadia,v28065.vmi,v28065.VMS,S.ARCADIA001,Vyselian,"[Hacked] This Hacked save will take you right at the start of the second disk. Level around 30 Vyse, aika, Fina and enrique have all their super movesVyse have 9999 hp and 99 mp tons of items plus plus you have maxed out money!!!",
Skies of Arcadia,arcadia,v51658.vmi,v51658.VMS,S.ARCADIA001,seth,the bomb save hp 9999 full statsfor everybody 3 more battle,
Skies of Arcadia,arcadia,v71659.vmi,v71659.VMS,S.ARCADIA002,ledia,"This save is at the last stage soltis. Its not much but being at the end you'll want it. Not many dicoveries or items but good magic and all Super moves for Vyse,Aika,Fina,and Enrique and trust me you'll need fina's final super move in tough sp",
Skies of Arcadia,arcadia,v56762.vmi,v56762.VMS,S.ARCADIA001,Michael Perez,The game is complete and vyse is in level85 and the others in 82 84.,
Skies of Arcadia,arcadia,v98241.vmi,v98241.VMS,S.ARCADIA001,Brian,"ALL discoveries, ALL crew, cupil is in final form, Fina needs just one yellow magic then she will have ALL magic.Very near End of game.",
Skies of Arcadia,arcadia,v28902.vmi,v28902.VMS,S.ARCADIA001,koric,"The game is 100% complete, but saved before the final boss, since the game won't let you save after the last boss.  ALL magic and S-moved learned by ALL characters.  Each character has their best weapon and armor.  ALL 3 internet dowloads comle",yes
Skies of Arcadia,arcadia,v7081.vmi,v7081.VMS,S.ARCADIA001,jlc,"Disc 2 vyse lvl 85 aika lvl 8? fina lvl 8?.All discoveries, special moves and crewdrachma and gilder don't have all magicsthe rest do. Fina has very very strongattack.",
Skies of Arcadia,arcadia,v52160.vmi,v52160.VMS,S.ARCADIA001,DeadthAngel,"This is on the deserted isle. Fixing to get the game's best(in my opinion) character. Characters all going strong, still on disk one. Telling much more would reveal the plot line, so just download the file and be prepared for some hilarious one",
Skies of Arcadia,arcadia,v93692.vmi,v93692.VMS,S.ARCADIA001,TriGun9mm,"This save is right before the final bosses. I am at a level in the 40's. I think its level 46 or 47. Lots of magic, mastered some with different colors. I have 139 discoveries. And 12-15 crew members. Tons of money, over $90,000!!! This is a mu",
Skies of Arcadia,arcadia,v96040.vmi,v96040.VMS,S.ARCADIA001,Roger Brown,Just defeated Glacian. Vyse is at Lv. 40.,
Skies of Arcadia,arcadia,v88263.vmi,v88263.VMS,S.ARCADIA001,Anemion,1 game save one game is completed second game is near end.,
Skies of Arcadia,arcadia,v38038.vmi,v38038.VMS,S.ARCADIA001,Seth Vermillion,"I am in search of the last 2 crystals,and i'm already at level 37. I have my own base,and ship,the Delphinus. Lots of items,and 8-10 crew members. Roughly 80,000-85,000 gold.",
Skies of Arcadia,arcadia,v65410.vmi,v65410.VMS,S.ARCADIA002,thomas,"Everyone is pretty strong, everyones lvl is near 20 GOOD magic attacks, ship has good gunsi have LOTS of money in this save.",
Skies of Arcadia,arcadia,v23137.vmi,v23137.VMS,S.ARCADIA001,Everbornn,"Vyse at Lv. 43.Aika at Lv. 43.Fina at Lv. 42.Gilder at Lv. 38.The Delphinus(Vyse's ship) has 56,000HP.All super moves learned, and plenty ofitems to go around.Good Luck!!!",
Skies of Arcadia,arcadia,v5740.vmi,v5740.VMS,S.ARCADIA001,Brandon,This download is 38 hours into the game and I have 4 guys that learned all their special attacks.,
Skies of Arcadia,arcadia,v68517.vmi,v68517.VMS,S.ARCADIA002,michael shade,"The best file out there no GS used but room right before the last boss hard battle but can be beat I have done it with this save. about lv. 37 best armor and best weapons have vyse's best super move and akia's too, also get to max spirit and us",
Skies of Arcadia,arcadia,v44636.vmi,v44636.VMS,S.ARCADIA001,John A,"Over level 40 disk 2 base complete just need to get to deapsea lift, got lots of gold/items great weaponry[ship and characters] missing few crew.",
Skies of Arcadia,arcadia,v96735.vmi,v96735.VMS,S.ARCADIA001,Ryan,Aika has all five special attacs also have two moon crystals found gilder is currently with vyse and split up with aika and fina current spot on map is nasr kingdom all four are there but not together.,
Skies of Arcadia,arcadia,v5501.vmi,v5501.VMS,S.ARCADIA002,MajinVegeta803,44 hours (give or take) in the game got HQ (Cresent Isle) looking good. 15 crew members (i think) you go and see. Vyse is at level 36 (give or take).,
Skies of Arcadia,arcadia,v72212.vmi,v72212.VMS,S.ARCADIA002,travis tucker,"Beggining of disk 2, Level 31. Plenty of healing items, 30 hours of play!!!!!",
Skies of Arcadia,arcadia,v59688.vmi,v59688.VMS,S.ARCADIA001,Ramirez,"At the last boss, levels at high 30's.All Super Moves for Vyse Aika and Fina unlocked.Plenty of gold, and all but 3 discoveries found.",
Skies of Arcadia,arcadia,v15619.vmi,v15619.VMS,S.ARCADIA002,James Obenshain,Level 40 plus at Soltis.  Most stats maxed out and awesome weapons and armor.,
Skies of Arcadia,arcadia,v13639.vmi,v13639.VMS,S.ARCADIA001,Demented Zen,The FINAL Battle in Soltis. And is the last place where you can save your game. This save is a total spoiler. But you need the file here it is.,
Skies of Arcadia,arcadia,v57096.vmi,v57096.VMS,S.ARCADIA001,scythe,"This save is right before the last area(I think, I'm about 50+ hours into the game) I have a ton of money, the two extra saves have been loaded up to this save already. Vyse has his best sword.",
Skies of Arcadia,arcadia,v1162.vmi,v1162.VMS,S.ARCADIA001,JD900ftjss,This file has you on disk 2 with all the crystals (minus the silverone).  You have a maxed out base and about 2/3 of the available crewVyse has also discovered @ 26 items.,
Skies of Arcadia,arcadia,v95043.vmi,v95043.VMS,S.ARCADIA002,dawson-000,"Final Cupil,All Supermoves for Vyse, Aika &fina. Mid 40's losta cash. To the final boss. Did I mention all discoveries too?",
Skies of Arcadia,arcadia,v51759.vmi,v51759.VMS,S.ARCADIA001,Joseph Lough,"At the first Gigas Boss after Pyryin temple.Vyse and Aika both have max HP, you also have maxgold. Has at least a level 2 super mover for everyone.",
Skies of Arcadia,arcadia,v92056.vmi,v92056.VMS,S.ARCADIA002,Andy,Right at the end of the game Vyse has all Super moves and so does Fina and Aika.  Just have to beat Ramirez.,
Skies of Arcadia,arcadia,v44538.vmi,v44538.VMS,S.ARCADIA001,Samus Knight,"Final boss on disc 2, most of the discoveries found, all crew members, got cupil claymore,both SoA downloads added, and rank ""King of Rogues"" Also in the lv. 40'swith the Vorlik Blade for Vyse. Lot'so cash too!",
Skies of Arcadia,arcadia,v44119.vmi,v44119.VMS,S.ARCADIA003,Melvin,"Level 38 characters with 35+ discoveries,more than half the crew and a Vyse the ""Daring"" reputation rating.Almost to the last boss.",
Skies of Arcadia,arcadia,v771.vmi,v771.VMS,S.ARCADIA003,Urban Holocaust,"Great Save!, end of game, go into last dungeon for last battle. All Characters, about 7 more discoveries left and its on around level 47.",
Skies of Arcadia,arcadia,v62130.vmi,v62130.VMS,S.ARCADIA001,Rivers,All characters over level 37. just started disk two. Awesome save. Just started to look for yellow crystal.,
Skies of Arcadia,arcadia,v1257.vmi,v1257.VMS,S.ARCADIA001,pwrman5000,"I'm getting the purple crystal. When u upload the save, the place where u have to go is right in front of u. Verry good inventory on items. 99 on all the important stuff.",
Skies of Arcadia,arcadia,v2328.vmi,v2328.VMS,S.ARCADIA001,Wisgary Torres,"This save file is right before the final battle against ramirez and the silver Gigas, zelos. All of Aika, Fina, and Vyse's supers unlocked.",
Skies of Arcadia,arcadia,v55434.vmi,v55434.VMS,S.ARCADIA001,Wesley westfall,Level 55 i think on last boss got all magic Ramierez is hard and so is the silver gigas watch out for judgement attack and use moonstone cannon whenever possible.,
Skies of Arcadia,arcadia,v1348.vmi,v1348.VMS,S.ARCADIA001,Specter,"Probably one of the best save you'll ever see.  Level 41 with almost everyone, mastered red, white, green & yellow.  Have almost everyones last special, everyones last weapon, need 2 more people to finish Crew.  2nd disc at the final boss, and a",
Skies of Arcadia,arcadia,v81850.vmi,v81850.VMS,S.ARCADIA002,Phraust Byte,my save is already on disc2.got my own ship got my own base levels of exp. mid 30's,
Skies of Arcadia,arcadia,v93051.vmi,v93051.VMS,S.ARCADIA001,guerrero,"got all moon crystals, level 35, searching for final boss.",
Skies of Arcadia,arcadia,v53916.vmi,v53916.VMS,S.ARCADIA002,Rickey Webster Jr,"LEVEL 18 GREAT MAGIC ATTACKS,TRY OUT AIKA'S 5th NEW SUPER MOVE ENJOY!!!!!!!!",
Skies of Arcadia,arcadia,v28844.vmi,v28844.VMS,S.ARCADIA001,AngelOfDeath,"This is my first 12 hrs or so when i got it the day it came out!This is saved when you face the begaining of the 4th boss level,main guy is like 20th levelfirst gigas beat!",
Skies of Arcadia,arcadia,v71975.vmi,v71975.VMS,S.ARCADIA001,Tarheel,"All weapon elements, pinta located, starting quest for 6 moonstones. Good starting file. About 6.5 game hours into disk one.",
Skies of Arcadia,arcadia,v38182.vmi,v38182.VMS,E.ARCADIA001,purHAZE,Good Import Save,
Skies of Arcadia,arcadia,arcajp01.VMI,arcajp01.VMS,E.ARCADIA001,,JP save ! Money Max,
Skies of Arcadia,arcadia,arcaus01.VMI,arcaus01.VMS,S.ARCADIA001,,US save ! Lv Max,
Skies of Arcadia,arcadia,arcaeu01.VMI,arcaeu01.VMS,ARCADIA_E001,,EU save ! at Last Boss,
Skies of Arcadia,arcadia,ARCAEX01.VMI,ARCAEX01.VMS,E.ARCADIAD01,,Offical Download Save 1 (Japan version),
Skies of Arcadia,arcadia,ARCAEX02.VMI,ARCAEX02.VMS,E.ARCADIAD02,,Offical Download Save 2 (Japan version),
Skies of Arcadia,arcadia,ARCAEX03.VMI,ARCAEX03.VMS,E.ARCADIAD03,,Offical Download Save 3 (Japan version),
Skies of Arcadia,arcadia,DC38A.VMI,DC38A.VMS,ARCADIA_ED01,,Offical Download Save (Sega Europe / PAL version),
Skies of Arcadia,arcadia,DC38B.VMI,DC38B.VMS,ARCADIA_ED02,,Offical Download Save (Sega Europe / PAL version),
Skies of Arcadia,arcadia,DC38C.VMI,DC38C.VMS,ARCADIA_ED03,,Offical Download Save (Sega Europe / PAL version),
Skies of Arcadia,arcadia,v94208.vmi,v94208.VMS,ICONDATA_VMS,,Skies of Arcadia VMU Icon,yes
Skies of Arcadia,arcadia,v12702.vmi,v12702.VMS,ARCADIA_E001,,estou indo para a ultima dugeom do game,
Skies of Arcadia,arcadia,sa_d01.vmi,sa_d01.VMS,S.ARCADIAD01,,Offical Download Save (USA version) Unlocks two weapons : The Tuna Cutlass and Swirlmirang.,yes
Skies of Arcadia,arcadia,sa_d02.vmi,sa_d02.VMS,S.ARCADIAD02,,Offical Download Save (USA version) Unlocks Hamachou Island (Island contains the last Cham),yes
Skies of Arcadia,arcadia,sa_d03.vmi,sa_d03.VMS,S.ARCADIAD03,,Offical Download Save (USA version) Unlocks Giant Looper ship battle (Reward contains Captain's Stripe),yes
Slave Zero,slave_zero,v33117.vmi,v33117.VMS,SLAVEZERO.04,LORENZO ESTILER,The ultimate save,
Slave Zero,slave_zero,v88295.vmi,v88295.VMS,SLAVEZERO.01,lorenzo,level 12,
Slave Zero,slave_zero,v31826.vmi,v31826.VMS,SLAVEZERO.04,THE GAME,Final boss with invincibility,yes
Slave Zero,slave_zero,v64978.vmi,v64978.VMS,SLAVEZERO.00,BryanBravo,Level 11,
Sno-Cross Championship Racing,snocross,v78041.vmi,v78041.VMS,SNOCROSS_CFG,Keith McMenamin,almost all open/ Check the custom tracks anyone want to post something 4 me to race on?,yes
Sno-Cross Championship Racing,snocross,v24024.vmi,v24024.VMS,SNOCROSS_CFG,pierre benoit,600cc and 700cc classes open,
Soldier of Fortune,soldierfortune,v73246.vmi,v73246.VMS,SFORTUNE.001,sof,save bookstore2,
Soldier of Fortune,soldierfortune,v71043.vmi,v71043.VMS,SFORTUNE.000,Reza cheshmi,THE ENDCOMPLETE 100%,yes
Soldier of Fortune,soldierfortune,v83904.vmi,v83904.VMS,SFORTUNE.000,Skyli,on the first CD end its a good save ><><>< no final do primeiro CD e' um bom save,
Soldier of Fortune,soldierfortune,v87032.vmi,v87032.VMS,SFORTUNE.000,rip,You start off in the steer right behind the shop right after finishing iraq and Hawk is killed. Something is wrong with my game and I can see Sam so I could'nt get past hereif you download this and get please upload it and e-mail me.Pretty good,
Soldier of Fortune,soldierfortune,v70360.vmi,v70360.VMS,SFORTUNE.000,Luciano GD,end game,
Soldier of Fortune,soldierfortune,v98601.vmi,v98601.VMS,SFORTUNE.000,john,germany 3-3,
Soldier of Fortune,soldierfortune,v88901.vmi,v88901.VMS,SFORTUNE.000,allan,want to see the end?,
Soldier of Fortune,soldierfortune,v82590.vmi,v82590.VMS,SFORTUNE.000,mozer,jogo tudo aberto fazes armas,
Soldier of Fortune,soldierfortune,v4171.vmi,v4171.VMS,SFORTUNE.000,jose,esto te lleva a Sudan 1-3...Buena Suerte ;P,
Soldier of Fortune,soldierfortune,v23806.vmi,v23806.VMS,SFORTUNE.000,ricardo pinto,last boss in level hard.,
Soldier of Fortune,soldierfortune,v52854.vmi,v52854.VMS,SFORTUNE.002,EMERSON ROBERTO GOULART,jogo terminado com todos os'secrets' abertos!!!,
Soldier of Fortune,soldierfortune,v87746.vmi,v87746.VMS,SFORTUNE.000,rober,mision en ciberia buen estado,
Soldier of Fortune,soldierfortune,v68732.vmi,v68732.VMS,SFORTUNE.000,Unknown,DESAFIO FINAL NO LEVEL MAIS DIFICIL (challenging) TENTE ZERAR ESTE GAME,
Soldier of Fortune,soldierfortune,v18388.vmi,v18388.VMS,SFORTUNE.002,SyTrY XII,"This is the complete game up to germany, end boss pretty Near or in the end boss, i'm not suremost of the game passed with the ""Pig Sticker"", all Ammo.",
Soldier of Fortune,soldierfortune,v64385.vmi,v64385.VMS,CDX_CODES_00,Nick,"This is a gameshark file. It gives you unlimited armor,bullets, and best of all there is no reload.",yes
Soldier of Fortune,soldierfortune,v32174.vmi,v32174.VMS,SFORTUNE.000,Tim Gibson,"I got to the Tokyo level, and cannot get any further, let me know if you anyone gets past it or has trouble downloading.",
Soldier of Fortune,soldierfortune,v50094.vmi,v50094.VMS,SFORTUNE.DAT,VFDaNiElVF,This is the best save you'll get for this game on last boss with very great weapons.,
Soldier of Fortune,soldierfortune,v53207.vmi,v53207.VMS,SFORTUNE.000,,last mission easy level,
Sonic Adventure,sonic,v99640.vmi,v99640.VMS,SONICADV_INT,beedrill_5er,File 1 & 2 every character beaten. (File 1)  RARE! green hammer Amy!!!check it out...,
Sonic Adventure,sonic,v79872.vmi,v79872.VMS,SONICADV_INT,viper,All characters! Every story beaten! 5 weird but cool looking chaoes.The black one is in love with amy anddisrespect sonic.,
Sonic Adventure,sonic,v34162.vmi,v34162.VMS,SONICADV_INT,Henry,"Perfect Save! All Powerups, for all characters. All 130 Emblems too!",yes
Sonic Adventure,sonic,v27701.vmi,v27701.VMS,SONICADV_INT,Larry Nicholson,Ultimate save a hoard of chaos cho and all characters with 130 emblems.,
Sonic Adventure,sonic,v26844.vmi,v26844.VMS,SONICADV_INT,Neqquah Loga,"Random voice files (Sonic, Tails, Knuckles, Amy, E-102,and Big) at the options and character select screen.",
Sonic Adventure,sonic,v61152.vmi,v61152.VMS,SONICADV_501,Marc Viens,Sonic in the US Dreamcast launch!!!,
Sonic Adventure,sonic,v17434.vmi,v17434.VMS,SONICADV_509,Marc Viens,Sonic in X-MAS add-on!!!,
Sonic Adventure,sonic,v95495.vmi,v95495.VMS,SONICADV_510,Marc Viens,Sonic in Y2K add-on!!!,
Sonic Adventure,sonic,v99030.vmi,v99030.VMS,SONICADV_511,Marc Viens,Totally NEW Twinkle park race!!!,
Sonic Adventure,sonic,v15581.vmi,v15581.VMS,SONICADV_INT,hotice,"All 130 emblems, all characters, wicked chao and super sonic",
Sonic Adventure,sonic,v40042.vmi,v40042.VMS,SONICADV_INT,Atif Bokhari,"All characters, all emblems.",
Sonic Adventure,sonic,v39476.vmi,v39476.VMS,SONICADV_INT,Jokeman,Perfect save. All 130 emblems and super sonic.,
Sonic Adventure,sonic,v69519.vmi,v69519.VMS,SONICADV_INT,Grem,A good chao is within as well as an egg and some fruits.,
Sonic Adventure,sonic,v8804.vmi,v8804.VMS,SONICADV_INT,john Calderaio,113 emblems all characters and 999 perfect chao,
Sonic Adventure,sonic,v30883.vmi,v30883.VMS,SONICADV_INT,jaamam,best of chao,
Sonic Adventure,sonic,v66957.vmi,v66957.VMS,ICONDATA_VMS,Adam Fthorn,A Sonic picture on your VMU.,
Sonic Adventure,sonic,v39183.vmi,v39183.VMS,SONICADV_INT,Claudius L.,everything beaten!,
Sonic Adventure,sonic,v65734.vmi,v65734.VMS,SONICADV_505,Nelson Algarin.PUERTO RICO,SONIC IN HALLOWEEN,
Sonic Adventure,sonic,sonicadv.VMI,sonicadv.VMS,SONICADV_SYS,,Perfect Save! All Open!,
Sonic Adventure,sonic,SASDAC.VMI,SASDAC.VMS,SONICADV_511,,Samba GP Extra Course!,
Sonic Adventure,sonic,v54092.vmi,v54092.VMS,SONICADV_INT,,Everything unlocked.,
Sonic Adventure,sonic,v90593.vmi,v90593.VMS,ICONDATA_VMS,,Sonic Adventure VMU icon.,yes
Sonic Adventure,sonic,v46264.vmi,v46264.VMS,SONICADV_INT,,everything  opened even supersonic   enjoy,
Sonic Adventure,sonic,SA1_509.VMI,SA1_509.VMS,SONICADV_509,,Christmas Event,
Sonic Adventure,sonic,00000114.VMI,00000114.VMS,SONICADV_509,,Christmas Event (PAL version),
Sonic Adventure,sonic,00000509.VMI,00000509.VMS,SONICADV_509,,Christmas Event (Japan version),
Sonic Adventure,sonic,SA1_501.VMI,SA1_501.VMS,SONICADV_501,,Dreamcast Launch Party,
Sonic Adventure,sonic,00000668.VMI,00000668.VMS,SONICADV_501,,Dreamcast Launch Party (PAL version),
Sonic Adventure,sonic,00000040.VMI,00000040.VMS,SONICADV_503,,Dreamcast Launch Party (Japan version),
Sonic Adventure,sonic,00000028.VMI,00000028.VMS,SONICADV_505,,Halloween Event,
Sonic Adventure,sonic,00000135.VMI,00000135.VMS,SONICADV_505,,Halloween Event (PAL version),
Sonic Adventure,sonic,00000763.VMI,00000763.VMS,SONICADV_500,,Halloween Event (Japan version),
Sonic Adventure,sonic,SA1_510.VMI,SA1_510.VMS,SONICADV_510,,Y2K Event,
Sonic Adventure,sonic,00000136.VMI,00000136.VMS,SONICADV_510,,Y2K Event (PAL version),
Sonic Adventure,sonic,00000762.VMI,00000762.VMS,SONICADV_510,,Y2K Event (Japan version),
Sonic Adventure,sonic,00000760.VMI,00000760.VMS,SONICADV_003,,Japanese Event 1,
Sonic Adventure,sonic,00000761.VMI,00000761.VMS,SONICADV_002,,Japanese Event 2,
Sonic Adventure,sonic,00001333.VMI,00001333.VMS,SONICADV_506,,Knuckles - Mystic Ruins,
Sonic Adventure,sonic,00001334.VMI,00001334.VMS,SONICADV_504,,Sonic - Speed Highway,
Sonic Adventure,sonic,00001332.VMI,00001332.VMS,SONICADV_508,,Tails - Sand Hill,
Sonic Adventure,sonic,00001310.VMI,00001310.VMS,SONICADV_511,,Samba Grand Prix,
Sonic Adventure,sonic,00000698.VMI,00000698.VMS,SONICADV_V14,,Amy Theme,
Sonic Adventure,sonic,00001420.VMI,00001420.VMS,SONICADV_V16,,Big Theme,
Sonic Adventure,sonic,SA1_V17.VMI,SA1_V17.VMS,SONICADV_V17,,Eggman Theme,
Sonic Adventure,sonic,00000523.VMI,00000523.VMS,SONICADV_V15,,Gamma Theme,
Sonic Adventure,sonic,SA1_V13.VMI,SA1_V13.VMS,SONICADV_V13,,Knuckles Theme,
Sonic Adventure,sonic,00001311.VMI,00001311.VMS,SONICADV_V19,,Random Theme,
Sonic Adventure,sonic,00001417.VMI,00001417.VMS,SONICADV_V11,,Sonic Theme,
Sonic Adventure,sonic,SA1_V12.VMI,SA1_V12.VMS,SONICADV_V12,,Tails Theme,
Sonic Adventure,sonic,00001295.VMI,00001295.VMS,SONICADV_V18,,Tikal Theme,
Sonic Adventure 2,sonic2,v88812.vmi,v88812.VMS,SONIC2___T11,Jay,The HALLOWEEN Theme...it makes 2p charachters havecostumes...check it out,
Sonic Adventure 2,sonic2,v71849.vmi,v71849.VMS,SONIC2___ALF,Phoenix Demusz,Awesome chao file! Two chao with maxed stats and an omochao chao! (very rare!) Also an Angel and lots of cuties!,
Sonic Adventure 2,sonic2,v65304.vmi,v65304.VMS,SONIC2___ALF,J-man,"Like TransFormers? Well I've gota dark skybyte chao, an optimus chao,the autobot bros, megatron, and two othersnamed monica and choas.",
Sonic Adventure 2,sonic2,v24767.vmi,v24767.VMS,SONIC2___S01,Al the hedgehog,"This is my save, I worked hard to get 'em all, I've had all the emeralds for a few months, but I haven't gotten my DC online yet >_<",
Sonic Adventure 2,sonic2,v42536.vmi,v42536.VMS,SONIC2____VM,Try me,This will allow you to modify your own chaos on your VMU.  YOU HAVE TO GET THIS!,
Sonic Adventure 2,sonic2,v18166.vmi,v18166.VMS,SONIC2___S01,Ashton Kinneas,About 148 emblems.  Lots of play time and ranks are nearly all A's with the exeption of some incomplete levels.  Good if you want to build your skill in levels,
Sonic Adventure 2,sonic2,v35526.vmi,v35526.VMS,SONIC2___S01,moises gordao ab,in the 6th stage with a dark team rank d,
Sonic Adventure 2,sonic2,v48414.vmi,v48414.VMS,SONIC2___S01,sebastian,TODAS LAS ETAPAS SACADAS HSTA GREN HILL ZONE,
Sonic Adventure 2,sonic2,v79395.vmi,v79395.VMS,SONIC2___S01,Jared,a good save all legit&earned fair,
Sonic Adventure 2,sonic2,v36601.vmi,v36601.VMS,SONIC2___ALF,jose diaz,"1 sonic,shadow,silver sonic,and normal hero chao with 999 stats on all of them.",
Sonic Adventure 2,sonic2,v96627.vmi,v96627.VMS,SONIC2____VM,Rafael Bauza,A DARK CHAO WITH CAT LIKE FEATURES FOR THE VMU WITHSCREEN ONLY {GIRLS WILL LIKE IT} NAMED Zack.,
Sonic Adventure 2,sonic2,v32692.vmi,v32692.VMS,SONIC2___S01,ShAdOw,This is the best save file it have 1 shadow chao have 8 different chaos you never seen bebeforeso wat's the wait donwload now,
Sonic Adventure 2,sonic2,v6015.vmi,v6015.VMS,SONIC2____VM,Prieto Galleta,This is a uniqe file it plays like a mini game on your vmu but is not a mini game is The Great Chao Editor 2 maked by me create your own special chao Don't give me the thanks for any Question e-mail me at [email removed] i be glad to answ,
Sonic Adventure 2,sonic2,v56615.vmi,v56615.VMS,SONIC2___S01,Andersom C.F.A.,14 fases salvas [historias],
Sonic Adventure 2,sonic2,v34479.vmi,v34479.VMS,SONIC2___ALF,bukhari,"i have 5 chao 1 shadow chao peacock, 1 ghost chao, 1 flying chao,and 1 rabbit chao",
Sonic Adventure 2,sonic2,v94241.vmi,v94241.VMS,SONIC2___S01,Mystic Sonic,All things unlocked even secrets,
Sonic Adventure 2,sonic2,v18883.vmi,v18883.VMS,SONIC2___S01,DOMENICO,if you get this one you get 180!emblems 2v.s. game with metal sonic and you can play with amy.!!!!!!!!!!!!if you want more look in chao garden i got a chao that look like tails he can fly.and if you are not satisfied with all that look at the d,
Sonic Adventure 2,sonic2,v38574.vmi,v38574.VMS,SONIC2___S01,mikhael,99 lives,
Sonic Adventure 2,sonic2,v59813.vmi,v59813.VMS,SONIC2___T01,Spark,Sonic theme,
Sonic Adventure 2,sonic2,v47554.vmi,v47554.VMS,SONIC2___ALF,Unknown,"Chao file which has a SONIC, AMY, KNUCKLES chao. They havemax stats and a chao I named BOB who also has max stats. The last ones are a SUPER SONIC, SUPER SHADOW. a chao that will become a hero and a chao that is starting to look like Knuckles.",
Sonic Adventure 2,sonic2,v13063.vmi,v13063.VMS,SONIC2___S01,Matthew Parker,"Simple Save, has everything unlocked, all emblems, secret stage everything.",
Sonic Adventure 2,sonic2,v84582.vmi,v84582.VMS,SONIC2___T06,Ivan l.,eggman's theme,
Sonic Adventure 2,sonic2,v89047.vmi,v89047.VMS,SONIC2___S01,DWYoung,"A pretty good save file that has 100 emblems and all the power ups for all the characters including the mysterioius mystic melody.  I have some other games saves, so if you want them, contact me at [email removed]",
Sonic Adventure 2,sonic2,v8585.vmi,v8585.VMS,SONIC2___ALF,RED BANDIT,"THIS IS THE BEST CHAO FILE YOU CAN GET. IT HAS ALL THE ULTIMATE CHAO THAT YOURE GONNA SEE AND I IMPORTED THE GOLD, SILVER, AND BLACK CHAO FROM SONIC 1, BUT THEYRE NOT THE RIGHT COLORS ANYMORE...",
Sonic Adventure 2,sonic2,v51642.vmi,v51642.VMS,SONIC2___ALF,James,This Chao File Has An Egg Chao a Baby Gold and A Baby Ruby Chao Also 1 Hero Fly 1 Light 1 Shadow 1 Dark Fly and a devil and a few others of various types,
Sonic Adventure 2,sonic2,v46913.vmi,v46913.VMS,SONIC2___S01,tatakuma,this file contains the game finishand end of history all mini games,
Sonic Adventure 2,sonic2,v28090.vmi,v28090.VMS,SONIC2___S01,adriana te amo,"My chao garden hope you like it, Hero garden: 1 Sonic chao, 1 Super Sonic, 1 Shadow, 1 hyper Shadow, 1 dark swiming, 1 angel, light Chaos and 1 Omachao all with 999 stats. Middle garden: a few young angels and a bat (yes a bat) with all 999 sta",
Sonic Adventure 2,sonic2,v82694.vmi,v82694.VMS,SONIC2___ALF,sonicchao,in normalgarden;sonicchao neutraldarkgarden ; darksonicchaoherogarden ; dragonchaoand +-5chaosdivers,
Sonic Adventure 2,sonic2,v34222.vmi,v34222.VMS,SONIC2___ALF,sonicchao,this save is fun but dontVERY specialin normal garden sonicchao is very fast,
Sonic Adventure 2,sonic2,v32127.vmi,v32127.VMS,SONIC2___S01,abo almohalbia,it is very good save [chow gold]and supersonic ...best wishes from yassin & yossif3bdulrza & molham alzila3y...majed &7amza alansi,
Sonic Adventure 2,sonic2,v81929.vmi,v81929.VMS,SONIC2___S01,BJ,Beat The Game  All The Way And As On Some Levls,
Sonic Adventure 2,sonic2,v91162.vmi,v91162.VMS,SONIC2___ALF,Raziel,all levels unlocked.,
Sonic Adventure 2,sonic2,v66108.vmi,v66108.VMS,SONIC2___S02,Louxie,"This maybe not the ultimate gamefile but it has 173 emblems. Only Tails' cart racing game hard modeneeds to be accomplished, the restneed all A ranks. Enjoy!",
Sonic Adventure 2,sonic2,v11143.vmi,v11143.VMS,SONIC2___S01,benji,"all a rank, 180 emblems, everything unlocked!",
Sonic Adventure 2,sonic2,v23556.vmi,v23556.VMS,SONIC2___T02,Hypershadow,Tails voice background.,
Sonic Adventure 2,sonic2,v16145.vmi,v16145.VMS,SONIC2___ALF,Edwin Cancel,forget those people if you pick mines you wish you never cameto game saves ....anyway i have24 full stats choas and good lookingif you like DBZ thats good cause igot a chao that make you freak theonly way is by clicking me......trust me you won,
Sonic Adventure 2,sonic2,v19718.vmi,v19718.VMS,SONIC2___S01,William Duson,Absolute intense save.Everything! It took me month 2 complete.,
Sonic Adventure 2,sonic2,v32704.vmi,v32704.VMS,SONIC2___ALF,UltimateSonicFan,"The truly ultimate save file.It has 1 light chao, 1 angel chao, and 1 devil chao which all have Max stats. There isa sonic chao and a shadow chaowho also have Max stats. Also,the save file has 3 VERY special chao. They are animals.The animals a",
Sonic Adventure 2,sonic2,v90846.vmi,v90846.VMS,SONIC2___ALF,Jasmin Jerrod Hardeman,"2 shadow chao stats at 999,one dragon, one dark flying, one emerald green, one pure dark, twosiver shadow, one silver angel,one light chaos , one devil,and like two other hero's,and a silver baby and a bluematalick baby!i hae more rare chao ema",
Sonic Adventure 2,sonic2,v91867.vmi,v91867.VMS,SONIC2___ALF,Chris,A very Nice Chao save. All gardens unlockedw/all toys except the Hero Radio. And some baby Chao that are rare.A Couple of silver Chao and one neutral onewho'll be able to enter any race. And One Metallic baby Chao and 2 Very Rare silver Chaos C,
Sonic Adventure 2,sonic2,v70904.vmi,v70904.VMS,SONIC2___D01,KTE the pikashoe,"The high Speed Trial download event from the sa2 website.  Sonic has a brand new car on a new kart course full of curves with one speed boost balloon, speed ramps, and, of course, rings.",
Sonic Adventure 2,sonic2,v55288.vmi,v55288.VMS,SONIC2___S01,AnimeUSA,"Sonic Adventre 2 save file.  All secret players in 2Player are unlocked.  All 180 emblems have been collected.  GreenHill Zone unlocked, ALL A ranks on all the levels, including Cannon Core.",yes
Sonic Adventure 2,sonic2,v47754.vmi,v47754.VMS,SONIC2___D01,michael Mets,This is the download file from the sonic Adventure 2 website. You can find it at the official Sonic 2 site but some browsers can't access it so here it is.,yes
Sonic Adventure 2,sonic2,v81325.vmi,v81325.VMS,SONIC2___ALF,Dark Shadow16,"4 Chaos. 2 Dark Shadow Chaos[Green and Brown]Both have good running[Green has 999 and Brown has 896] 1 Dark Knights Chao[Just Made] Decent Flying , and 1 Normal Chao. All Chaos are in Dark Garden. 1 Pumpkin Angel Chao in Hero Garden.",
Sonic Adventure 2,sonic2,v36668.vmi,v36668.VMS,SONIC2___S01,Scott,128 emblem which is also how many bits the Dreamcast is! Most of them are A's so far with a B in Cannon Core. You will get 2P Kart Race. 2 chao emblems are earned. All Kart Race emblems earned. And Hero Side of Boss Attack cleared. All stories,
Sonic Adventure 2,sonic2,v51839.vmi,v51839.VMS,SONIC2___S01,BIG WORM,"Perfect save!! All 180 emblems, all hidden 2P costumes and characters!!  Green Hill Zone from the first Sonic is now open.  All powerups for all characters, including all Mystic Melodies!",
Sonic Adventure 2,sonic2,v14737.vmi,v14737.VMS,SONIC2___ALF,Planet Moe,This is a special Chao garden. It has 2 all new trees growing in the center garden. A tasty tree and a rough tree. Tasty fruit are stamina boosters.,
Sonic Adventure 2,sonic2,v52501.vmi,v52501.VMS,SONIC2___ALF,Chao mask master,"Three chao in the dark garden have masksone pimpkin head, one skull head, one egg shell head.",
Sonic Adventure 2,sonic2,v39424.vmi,v39424.VMS,SONIC2___ALF,Yarharhar,This is my chao garden all gardens unlucked and all toys. i also made it so there are a few new chaos for you to make. thank you all for supporting my other save with all unlocked also why did sam take my save and copy it and say it was his LOL,
Sonic Adventure 2,sonic2,v29068.vmi,v29068.VMS,SONIC2___S01,Sonic the Hedghog,"The save of your dreams.  This save has all stories beaten, super Sonic and Shadow, and all possible 2-player mode unlocked. Oh yeah, I also obtained 58 emblems",
Sonic Adventure 2,sonic2,v70845.vmi,v70845.VMS,SONIC2___ALF,Infernosonic,"I have a evil chao that looks like shadow, he's really fast but if you want you can make him better i got all prizes and much more.",
Sonic Adventure 2,sonic2,v19962.vmi,v19962.VMS,SONIC2___T01,SaiyanShadow,"The theme 4 the main menu. Come and get it, hot and fresh. The Sonic theme(Sonic speaks in the background.",
Sonic Adventure 2,sonic2,v26011.vmi,v26011.VMS,SONIC2___S01,Turles Jr.,"All stories beaten,both cart races open[1p and 2p] boss time attack. Most of the power ups and of course SUPER SONIC AND SUPER SHADOW",
Sonic Adventure 2,sonic2,v3716.vmi,v3716.VMS,SONIC2___S01,logan h.,Beaten all three modes and have everything open except secret lsland. Have 102 emblems and I dont have shadows mysitc melody.,
Sonic Adventure 2,sonic2,v51655.vmi,v51655.VMS,SONIC2___S01,BIG WORM,Game fully completed.  All powerups!!  All Mystic Melodies for all players except for Eggman.  45 emblems included at no extra charge!! :D,
Sonic Adventure 2,sonic2,v39596.vmi,v39596.VMS,SONIC2___S01,Saiyan Sonic,All stories beatenAll missions clearAll costumes accessed in 2p mode162 Emblems,
Sonic Adventure 2,sonic2,v84913.vmi,v84913.VMS,SONIC2___S01,"Michael ""Lonewolf"" Lewis",Everything is completed including all the modes with 44 or 45 emblems I lost a lot of sleep over this i hope u guys & ladies like it.,
Sonic Adventure 2,sonic2,v48011.vmi,v48011.VMS,SONIC2___S01,Luis D. Riestra martinez,"Dark Story Completed, and just at the end of the Hero Story:)",
Sonic Adventure 2,sonic2,v50444.vmi,v50444.VMS,SONIC2___S01,Trevor A. Dawson,"This is the best Sonic Adventure 2 save you'll ever get.  36 emblems, Hero, Dark, and Last Story completed.  All modes open.  Hero, Dark, and All time attack boss mode.  Kart race mode in 1 and 2 player modes.  Scene selections in any scenario.",
Sonic Adventure 2,sonic2,v98187.vmi,v98187.VMS,SONIC2___S01,mikem,This save has both hero anddark stories completed just need to beat the final stageunlocked by beating both stages.,
Sonic Adventure 2,sonic2,v11949.vmi,v11949.VMS,SONIC2___S01,Dre Latham,"Good and Evil sides completed, left the ""LAST"" stage for you to beat, accumulated about 40 emblems, have fun getting the rest!!",
Sonic Adventure 2,sonic2,v11238.vmi,v11238.VMS,SONIC2___S01,Anthony,Whole game completed u have last stage hyper shadow and super sonic and every other option open.,
Sonic Adventure 2,sonic2,v87016.vmi,v87016.VMS,SONIC2___S01,Wendy Naske,"At the final rush stage on hero side. The search for the chaos emeralds on the dark. If you get further, update this save please.",
Sonic Adventure 2,sonic2,v48826.vmi,v48826.VMS,SONIC2___S01,BIG WORM,Half way through the game.  All powerups found!!,
Sonic Adventure 2,sonic2,v90996.vmi,v90996.VMS,SONIC2___S01,sosmell,This is a file with 2 stages left to the Good guys story line.,
Sonic Adventure 2,sonic2,sonic201.VMI,sonic201.VMS,SONIC2___S01,,Perfect Save,
Sonic Adventure 2,sonic2,SA2_D3.VMI,SA2_D3.VMS,SONIC2___D03,,Sonic Adventure 2 Download Egg Robot.,
Sonic Adventure 2,sonic2,SA2CART2.VMI,SA2CART2.VMS,SONIC2___D01,,Sonic Adventure 2 high speed trial download.,
Sonic Adventure 2,sonic2,SA2CART.VMI,SA2CART.VMS,SONIC2___D02,,Sonic Adventure 2 fantasy zone download.,
Sonic Adventure 2,sonic2,SONIC_2.VMI,SONIC_2.VMS,SONIC2___S01,,All unlocked.,
Sonic Adventure 2,sonic2,THEME005.VMI,THEME005.VMS,SONIC2___T05,,Dr.Eggman Theme File,
Sonic Adventure 2,sonic2,THEME001.VMI,THEME001.VMS,SONIC2___T01,,Sonic Theme File,
Sonic Adventure 2,sonic2,DOWN001.VMI,DOWN001.VMS,SONIC2___D01,,Kart Download File,
Sonic Adventure 2,sonic2,THEME003.VMI,THEME003.VMS,SONIC2___T03,,Knuckles Theme File,
Sonic Adventure 2,sonic2,THEME002.VMI,THEME002.VMS,SONIC2___T02,,Tails Theme File,
Sonic Adventure 2,sonic2,DOWN002.VMI,DOWN002.VMS,SONIC2___D02,,Opa Opa Kart File,
Sonic Adventure 2,sonic2,THEME006.VMI,THEME006.VMS,SONIC2___T06,,Rouge Theme File,
Sonic Adventure 2,sonic2,DOWN003.VMI,DOWN003.VMS,SONIC2___D03,,Eggrobo Kart File,
Sonic Adventure 2,sonic2,THEME011.VMI,THEME011.VMS,SONIC2___T11,,Halloween Theme File,
Sonic Adventure 2,sonic2,THEME012.VMI,THEME012.VMS,SONIC2___T12,,Christmas Theme File,
Sonic Adventure 2,sonic2,THEME007.VMI,THEME007.VMS,SONIC2___T07,,Amy Theme File,
Sonic Adventure 2,sonic2,00007547.VMI,00007547.VMS,SONIC2___T12,,Christmas Theme File,
Sonic Adventure 2,sonic2,00006671.VMI,00006671.VMS,SONIC2___T05,,Eggman Theme File,
Sonic Adventure 2,sonic2,00007546.VMI,00007546.VMS,SONIC2___T11,,Halloween Theme File,
Sonic Adventure 2,sonic2,00006007.VMI,00006007.VMS,SONIC2___T03,,Knuckles Theme File,
Sonic Adventure 2,sonic2,THEME009.VMI,THEME009.VMS,SONIC2___T09,,Maria Theme File,
Sonic Adventure 2,sonic2,THEME008.VMI,THEME008.VMS,SONIC2___T08,,Omochao Theme File,
Sonic Adventure 2,sonic2,00006365.VMI,00006365.VMS,SONIC2___T06,,Rouge Theme File,
Sonic Adventure 2,sonic2,THEME010.VMI,THEME010.VMS,SONIC2___T10,,Secretary Theme File,
Sonic Adventure 2,sonic2,THEME004.VMI,THEME004.VMS,SONIC2___T04,,Shadow Theme File,
Sonic Adventure 2,sonic2,00005942.VMI,00005942.VMS,SONIC2___T01,,Sonic Theme File,
Sonic Adventure 2,sonic2,00006203.VMI,00006203.VMS,SONIC2___T02,,Tails Theme File,
Sonic Shuffle,sonicshuffle,v58859.vmi,v58859.VMS,SSHUFFLE.DAT,Danny Kaiset,"all pic bought, all 8 characters, game fully beaten.",yes
Sonic Shuffle,sonicshuffle,v61627.vmi,v61627.VMS,SSHUFFLE.DAT,Simon,All hidden characters in VS Mode,
Sonic Shuffle,sonicshuffle,v98575.vmi,v98575.VMS,SONICSHUFFLE,Garou,All characters unlocked.,
Sonic Shuffle,sonicshuffle,v20598.vmi,v20598.VMS,SSHUFFLE.DAT,Brian,ALL the goodies open,
Sonic Shuffle,sonicshuffle,SONICEX.VMI,SONICEX.VMS,SSHUFFLE.DAT,,Sonic Shuffle Best Save,
Sorcerian,sorcer,7XING.VMI,7XING.VMS,SORCER-7S000,,Money Max! Exp Max!,yes
Soul Fighter,soulfighter,v20176.vmi,v20176.VMS,SOULFIGH_001,Todd Esson,last level,yes
South Park Rally,southparkrally,v76554.vmi,v76554.VMS,SP_RALLY.SYS,Nelson Algarin.PUERTO RICO,OPENING ALL CARS & SECRETS MODE,yes
South Park Rally,southparkrally,v75481.vmi,v75481.VMS,SP_RALLY.SYS,Nelson Algarin.PUERTO RICO,OPENING ALL CARS & MORE...,
Space Channel 5,spacechannel5,v53024.vmi,v53024.VMS,SPACECH5_003,Chris,Perfect saveView ratio 100%GREAT!!!!!!,
Space Channel 5,spacechannel5,v99436.vmi,v99436.VMS,SPACECH5_001,grandmoon,Beginning of the third level.Good rating.,
Space Channel 5,spacechannel5,v60454.vmi,v60454.VMS,SPACECH5_005,c_diddy,"100% complete character profile, game & extra modecompleted.",
Space Channel 5,spacechannel5,v76325.vmi,v76325.VMS,SPACECH5_001,ScOoBy,Last Level,
Space Channel 5,spacechannel5,v64607.vmi,v64607.VMS,SPACECH5_001,Anthony Badajos from Guam,"100% complete, all characters profilesand Ulala's on ""FIRE"".",
Space Channel 5,spacechannel5,v12273.vmi,v12273.VMS,SPACECH5_001,Luis Martinez,100% and everything unlocked exceptfor six pictures.ENJOY!!!,
Space Channel 5,spacechannel5,v62695.vmi,v62695.VMS,SPACECH5_003,Andy James,level 4 with 86%,
Space Channel 5,spacechannel5,v53161.vmi,v53161.VMS,SPACECH5_001,Nelson Algarin.PUERTO RICO,100% COMPLETED & EXTRA MODE CLEARED AND PROFILE UNLOCKED,yes
Space Channel 5,spacechannel5,v61335.vmi,v61335.VMS,SPACECH5_001,Drew Dees,This will start you out on level 3.,
Space Channel 5,spacechannel5,space5jp.VMI,space5jp.VMS,SPACECH5_001,,Best Save! Everything Unlocked,
Space Channel 5 Part 2,space5p2,space5p2.VMI,space5p2.VMS,SC5PART2_DAT,,Best Save! Everything Unlocked,yes
Space Channel 5 Part 2,space5p2,v38568.vmi,v38568.VMS,SC5PART2_DAT,spike spigel BR,"space channel 5 part 2, 100%",
Spec Ops: Omega Squad,specopsomega,v68899.vmi,v68899.VMS,SO-OMEGA_001,zhewar,100% complete. I have reached highest rank of General!,yes
Spec Ops: Omega Squad,specopsomega,v66330.vmi,v66330.VMS,SO-OMEGA_001,JJ KOONZ,Most of Antarctica completed,
Spec Ops: Omega Squad,specopsomega,v53099.vmi,v53099.VMS,SO-OMEGA_001,Morris95,First level passed.,
Spec Ops: Omega Squad,specopsomega,v18635.vmi,v18635.VMS,SO-OMEGA_001,michael turner,It is completed 100% and this is not a joke so please try it,
Spec Ops: Omega Squad,specopsomega,v35028.vmi,v35028.VMS,SO-OMEGA_001,Zenmaster,"About 1/2 complete. You will die many times Grasshoppa. But that's okay, you'll come back as a recruit! Worse things could happen I suppose.",
Speed Devils,speeddevils,v1227.vmi,v1227.VMS,SPEEDDEV.DAT,Matt Dick,"Lots of money, have Driver X carplus 3 more to chose from, Firebug,Solaro, and Twister in Class S.",
Speed Devils,speeddevils,v86819.vmi,v86819.VMS,SPEEDDEV.DAT,Tha Don,"Over 1.5 million and I have the Mystery Car...won from driver x, now in tha S class. Still have the first car you start with in tha game. Have 4 cars with Radar Jammer, nitro (18 shots), armor, and all tires.",
Speed Devils,speeddevils,v20949.vmi,v20949.VMS,SPEEDDEV.DAT,Londen E,"Class S, Millions of$$, LA 2000 fully loaded, driver x dead!",
Speed Devils,speeddevils,v95612.vmi,v95612.VMS,SPEEDDEV.SYS,B.M.,Ultimate save all cars and tracks unlocked.Mystere unlocked in chamionship mode,yes
Speed Devils,speeddevils,v9901.vmi,v9901.VMS,SPEEDDEV.DAT,Tha Don,"data file...radar jammer,armor,nitro availiabletwo out of three cars that I have are equipped with nitroin class A not finished with class yetdo not have the banner for class c mexico track.if you want to earn the money instead of it being given",
Speed Devils,speeddevils,v28307.vmi,v28307.VMS,SPEEDDEV.DAT,Andres Hernandez,"All classes, more than 2,000,000, and the mystery car unlocked.",
Speed Devils,speeddevils,v24161.vmi,v24161.VMS,SPEEDDEV.DAT,lee+leah heineman,its about having it all.,
Speed Devils,speeddevils,00000490.vmi,00000490.VMS,SPEEDDEV.DAT,Bruce Hamilton,"Speed Devils Data File with all four classes open, all cars except Mystere purchased, level #2 acceleration, speed, brakes, nitro, armor, and radar jammer, most trophies and banners won, minimum of $500,000 cash per class.",
Speed Devils Online Racing,speeddevilson,v30784.vmi,v30784.VMS,SPEEDONL.SYS,dasean,mad whips nah just kidding theres two and only one up grade needed to finish off the goliha,
Speed Devils Online Racing,speeddevilson,v65861.vmi,v65861.VMS,SPEEDONL.DAT,Jack Cole,A b class with lots of cash.,
Speed Devils Online Racing,speeddevilson,v93076.vmi,v93076.VMS,SPEEDONL.DAT,J C Borja,"Class B with 75,000. Full Blown ""Duffinburg"".",yes
Speed Devils Online Racing,speeddevilson,v21477.vmi,v21477.VMS,SPEEDONL.DAT,darius,Class b a top car with almost 100 thousand,
Speed Devils Online Racing,speeddevilson,v6651.vmi,v6651.VMS,SPEEDONL.DAT,Brian,C class with top car with one add on and about 19 thousand dollars,
Spiderman,spiderman,v61342.vmi,v61342.VMS,SPIDRMAN.DAT,cared2001,"100% completo,pode confiar.  !O BRASIL VAI MOSTRAR PARA OS GRINGOS QUEM ENTENDE DE VIDEOGAME!",
Spiderman,spiderman,v7919.vmi,v7919.VMS,SPIDRMAN.DAT,cared2001,"100% completo,roupas,revistas,personagens e storyboards",
Spiderman,spiderman,v31210.vmi,v31210.VMS,SPIDRMAN.DAT,cared2001,quero ver um save melhor que o meu,
Spiderman,spiderman,v76841.vmi,v76841.VMS,SPIDRMAN.DAT,"Fernando ""The best"" Braga",este save eh perfeito tem tudo destravado,
Spiderman,spiderman,v66499.vmi,v66499.VMS,SPIDRMAN.DAT,patrick,All costumes and stages unlocked,
Spiderman,spiderman,v84147.vmi,v84147.VMS,SPIDRMAN.DAT,@$#%&^PIZZA,EVERTHING COMPLETE fOr YoU cAn'T dO aNyThInG,
Spiderman,spiderman,v76098.vmi,v76098.VMS,SPIDRMAN.DAT,PsYcH0bUg,"it's a very best games.all cheats,comics,collection and costumes are unlocked so take it and enjoy this game",
Spiderman,spiderman,v92670.vmi,v92670.VMS,SPIDRMAN.DAT,Ryder3k,"everything unlocked, all costumes,comic books, stages EVERYTHING! Enter this on the cheat screen to get more out of the game: uatusees",yes
Spiderman,spiderman,v45973.vmi,v45973.VMS,SPIDRMAN.DAT,piccolo_09,"Unlocked all the comics, game covers, costumesand on the 2nd level in hard mode symbiotespider man.",
Spiderman,spiderman,v25484.vmi,v25484.VMS,SPIDRMAN.DAT,Mad Angel,"Everything, every costume, comics, characters, everything unlocked.",
Spiderman,spiderman,v16881.vmi,v16881.VMS,SPIDRMAN.DAT,Punisher,"The game beat 4 times 3 in normalmode and 1 in hard mode. Costumes:Simbiote,ScarletBen really's captain Universe Spidey 2099 and Spiderman Unlimited (stealth mode) and the full collection of comics.",
Spiderman,spiderman,v38238.vmi,v38238.VMS,SPIDRMAN.DAT,Punisher,"This is the game of Spiderman beat twice.One in normal mode an other in hard mode, have simbiote,scarlet, Ben really's and Cap universe. Costumes and 30 comics Enjoy from MexicoTime: 8 hrs the twice Anyonecan beat it?",
Spiderman,spiderman,v57433.vmi,v57433.VMS,SPIDRMAN.DAT,Enforcer2k,Want more from your game play this one.All the boards...ALL THE BOARDS!! unlocked(30).4 costumes out 8comic books out game covers all out only the 1st time through missed good items on the boss of the last stage.,
Spiderman,spiderman,v38029.vmi,v38029.VMS,SPIDRMAN.DAT,Luis Martinez,"Passed the game once. I have the Symbiote spiderman suit and all the movies.Some mags are unlocked, that's the best I could do my first time through the game.",
Spiderman,spiderman,v84527.vmi,v84527.VMS,SPIDRMAN.DAT,Enrique J,"This is a fully completed gamesave for Spiderman. It took me12 1/2 hours to beat it see ifyou can do better than me. Afterloading my Spiderman file goto the stage that says ""get tothe bank"" you'll see it whenyou have the game in and goto load s",
Spiderman,spiderman,v78232.vmi,v78232.VMS,SPIDRMAN.DAT,mike,"Beat on Easy, 3 costumes unlocked. Including the symbiont costume.",
Spiderman,spiderman,SPIDER01.VMI,SPIDER01.VMS,SPIDRMAN.DAT,,Perfect Save! All Secret Open!,
Sports Jam,sportsjam,v33248.vmi,v33248.VMS,SPRT_JAM_DAT,kevin fl,"All unlocked, all hidden bonuses, all characters, etc...",yes
Star Lancer,starlancer,v48351.vmi,v48351.VMS,STARLANCER00,Jlo 2k1,"This is it, the 45th flying tigers must take on the frontline base of the coalition.Be careful as an ion cannon has been reported, its operational status unknown. This is ittigers, you are the Aliances only hope(from misson 23 briefing, this is",
Star Lancer,starlancer,v89877.vmi,v89877.VMS,STARLANCER02,Teeth,"All medals, all ships, & squadron commander. Difficult level. Stage 23 - final battle. Either you're very good, or very dead!",yes
Star Lancer,starlancer,v77190.vmi,v77190.VMS,STARLANCER01,isaaclama,"Level 23 with all ships, and weaponson easy. Try using shroud to preventtarget lock from ion cannon.",
Star Lancer,starlancer,v68853.vmi,v68853.VMS,STARLANCER00,SCASE,Level 20 most medals all ships normal difficulty.,
Star Lancer,starlancer,v85985.vmi,v85985.VMS,STARLANCER03,Ragnarok,"Level 22. All ships, most medals.",
Star Lancer,starlancer,v65489.vmi,v65489.VMS,STARLANCER00,VEGETA6,Level- 11,
Star Lancer,starlancer,v16002.vmi,v16002.VMS,STARLANCER00,trymon,mission 17 lot of ships take out big gun,
Star Lancer,starlancer,v84797.vmi,v84797.VMS,STARLANCER02,I-POP-Es,Mission 9 at the cool stages after the easy ones before all the hard ones thats almost finished,
Star Lancer,starlancer,v39148.vmi,v39148.VMS,STARLANCER22,shady,"Level 22 On easy mode. Last stage, try the cloaked ship to avoid a laser lock.",
Star Lancer,starlancer,v71448.vmi,v71448.VMS,STARLANCER01,Melvin,Level 22 with almost every medal on normal difficulty.,
Star Lancer,starlancer,v92486.vmi,v92486.VMS,STARLANCER18,Marlon,Level 18 and a bunch of great ships and weapons.,
Star Lancer,starlancer,v94839.vmi,v94839.VMS,STARLANCER01,Silver5,Level 7,
Star Seeker - Doki Doki Idol Remix,starseek,starseek.VMI,starseek.VMS,STARSEEK.SYS,,Perfect Save! All Secret Open!,yes
Star Wars Demolition,swdemolition,v71451.vmi,v71451.VMS,SWDEMOLI.TIO,jokerz2,everything opened....,
Star Wars Demolition,swdemolition,v28784.vmi,v28784.VMS,SWDEMOLI.TIO,Sam Clark,Everything unlocked.,yes
Star Wars Demolition,swdemolition,v59570.vmi,v59570.VMS,SWDEMOLI.TIO,JOHNNY,ALL VECHICLES AND HIDDEN PEOPLE,
Star Wars Episode 1: Jedi Power Battles,starwarsjedi,v56151.vmi,v56151.VMS,SWEP1JPB.SAV,czarevich,"I am master jedi. All characters, utimate saber,training mode is complete",yes
Star Wars Episode 1: Jedi Power Battles,starwarsjedi,v54185.vmi,v54185.VMS,SWEP1JPB.SAV,thiago,89% complete in jedi mode. Ultimatesaber unlocked,
Star Wars Episode 1: Jedi Power Battles,starwarsjedi,v35202.vmi,v35202.VMS,SWEP1JPB.SAV,dIcE,"Game completed with Obi-Wan Kenobi,Captain Panaka and Ki-Adi-Mundiunlocked plus training level finished.",
Star Wars Episode 1: Jedi Power Battles,starwarsjedi,v39628.vmi,v39628.VMS,SWEP1JPB.SAV,mastelogan,"Finished the game with Obi Wan, Qui Gon, Mace, Ki Adi. Unlocked characters.",
Star Wars Episode 1: Jedi Power Battles,starwarsjedi,v95231.vmi,v95231.VMS,SWEP1JPB.SAV,darthsega2000,"Darth Maul unlocked, Panaka unlocked. All jedi past Swamps of Naboo.",
Star Wars Episode 1: Jedi Power Battles,starwarsjedi,v54651.vmi,v54651.VMS,SWEP1JPB.SAV,tonymontana,"up to last stage with Mace Windu, all combos",
Star Wars Episode 1: Jedi Power Battles,starwarsjedi,v35686.vmi,v35686.VMS,SWEP1JPB.SAV,rich,"1 player mode easy 97% complete. some new characters including Darth Maul and battle droid, 2 secret levels",
Star Wars Episode 1: Jedi Power Battles,starwarsjedi,v58469.vmi,v58469.VMS,SWEP1JPB.SAV,sean gracia,I got just about everything. Almost a Master.,
Star Wars Episode 1: Jedi Power Battles,starwarsjedi,v92210.vmi,v92210.VMS,SWEP1JPB.SAV,defstryk,Game cleared with Obi-Wan and Qui-Gon. Last battle with Darth Maul for Adi Galia. Darth Maul(two sabers) and Captain Panaka unlocked.,
Star Wars Episode 1: Jedi Power Battles,starwarsjedi,v79145.vmi,v79145.VMS,SWEP1JPB.SAV,kyle mcnabb,Game was beat twice a lot of characters and Darth Maul.,
Star Wars Episode 1: Jedi Power Battles,starwarsjedi,v72433.vmi,v72433.VMS,SWEP1JPB.SAV,lou,"Game completed with Obi Wan, plus training mode clear. and few newcharacters.",
Star Wars Episode 1: Racer,starwars,v16731.vmi,v16731.VMS,SW_EP1_RACER,Butcher,este aqui possui algumas pistasthis has only some trackstiene solo algunas carreteras,
Star Wars Episode 1: Racer,starwars,v32717.vmi,v32717.VMS,SW_EP1_RACER,"Fractucello, Nilson","Aqui eu nao deixei o Alemao passar. Todas os percursos em primeiro lugar, todos os podracers, e 100% do jogo completo.",
Star Wars Episode 1: Racer,starwars,v4025.vmi,v4025.VMS,SW_EP1_RACER,ginuinice,Almost all tracks 1st & unlocked.  Slide Paramita with block6!,
Star Wars Episode 1: Racer,starwars,v10389.vmi,v10389.VMS,SW_EP1_RACER,svetlio,"all levels compleatet,all charecters opend and all levels is there.    [hev fun] this is bulgarian save",
Star Wars Episode 1: Racer,starwars,v65965.vmi,v65965.VMS,SW_EP1_RACER,mariano,estos son mis grandes tiempos.!insuperables!intentenlo,
Star Wars Episode 1: Racer,starwars,v33273.vmi,v33273.VMS,SW_EP1_RACER,Unknown,"jogo 100% completo. Todas as pistas, todas as naves....primeiro lugar em todas as corridas.",
Star Wars Episode 1: Racer,starwars,v81697.vmi,v81697.VMS,SW_EP1_RACER,legalize-it,All completed except one track very good pod's.,
Star Wars Episode 1: Racer,starwars,v19047.vmi,v19047.VMS,SW_EP1_RACER,no6969el,"Great times, all tracks unlocked, all people w/full power and first place in all races.",yes
Star Wars Episode 1: Racer,starwars,v78592.vmi,v78592.VMS,SW_EP1_RACER,Chris Raposa,"ACE file has the absolute best parts (totally undamaged as well), and 1st on every race.the times are fake, since i removed the VMU (causing the Mongazza Speedway time to copy itself onto every track), but nothing was hacked.",
Star Wars Episode 1: Racer,starwars,v66838.vmi,v66838.VMS,SW_EP1_RACER,cristian ricardo de argentina,Anakin Skywalker has turbo and is good.,
Star Wars Episode 1: Racer,starwars,v801.vmi,v801.VMS,SW_EP1_RACER,Tweek1,"Won 1st place in all the races. Pod loaded with the best parts, all pods unlocked.",
Star Wars Episode 1: Racer,starwars,v24481.vmi,v24481.VMS,SW_EP1_RACER,Frieza,all pods and tracks unlocked.,
Star Wars Episode 1: Racer,starwars,v25373.vmi,v25373.VMS,SW_EP1_RACER,DB,Everything open.,
Star Wars Episode 1: Racer,starwars,00001044.vmi,00001044.VMS,SW_EP1_RACER,Paul Acevedo,"Fully loaded vehicle, most courses unlocked.(Hacked)",
Striker Pro 2000,strikerpro2k,v3240.vmi,v3240.VMS,STRIKER__O01,gohan500,ALL teams and Torneos open.I won training mode with promedie of 10 and I have all open to play.,yes
Striker Pro 2000,strikerpro2k,v62608.vmi,v62608.VMS,STRIKER__L01,andrew morcus,"Use the created team THE JETS they are in the second game of league play, they are the best team in the game.",
Stunt GP,stuntgp,STUNTGP.VMI,STUNTGP.VMS,STUNTGP1.SAV,,Almost all unlocked.,yes
Stupid Invaders,stupidinvaders,v78852.vmi,v78852.VMS,STUPIDIN_018,TORKED,HERE ARE SEVERAL SAVE POINTS FOR DISKS 1&2 >HOPEFULLY THEY HELP SOME OF U GUYS OUT!!,
Stupid Invaders,stupidinvaders,v1814.vmi,v1814.VMS,STUPIDIN_005,Edmar Andrejus,Game in the rocket (final),yes
Stupid Invaders,stupidinvaders,v66999.vmi,v66999.VMS,STUPIDIN_SET,Joey,"I only got this game today and Im stuck on the Spaceship room. I keep getting zapped by Bolok, if you can get passed him email me plz. But anywho heres your save game file =)",
Sunrise Eiyuutan,sunrise_eiyu,SUNRISE.VMI,SUNRISE.VMS,SUNRISE_EIYU,,Everything unlocked & complete,yes
Super Hero Retsuden,heroretsuden,supehero.VMI,supehero.VMS,SP_HERO_.DAT,,Perfect Save! All Secret Open!,yes
Super Hero Retsuden,heroretsuden,SPHERO.VMI,SPHERO.VMS,SP_HERO_.DAT,,All unlocked.,
Super Magnetic Neo,supermagicneo,v88771.vmi,v88771.VMS,SPMAGNEO.CHA,lost child,"All challenges unlocked and beaten, except the last one (Impossible!!! 20).",yes
Super Magnetic Neo,supermagicneo,v13138.vmi,v13138.VMS,SPMAGNEO.DT0,wico pr.,Almost everithing unlocked,
Super Magnetic Neo,supermagicneo,v90163.vmi,v90163.VMS,SPMAGNEO.DT0,hotice,"All levels passed, 8/16 rewards + lots of beaten challenges.",
Super Magnetic Neo,supermagicneo,v83322.vmi,v83322.VMS,SPMAGNEO.DT0,mike sadler,All-levels passed. with 7/16 rewards.,
Super Magnetic Neo,supermagicneo,v72773.vmi,v72773.VMS,SPMAGNEO.CHA,jared link,30 levels beaten,
Super Robot Wars Alpha,srw,SRWSYSTE.VMI,SRWSYSTE.VMS,SRWALPHA.SYS,,System data! all open in option!,yes
Super Robot Wars Alpha,srw,SRWREAL1.VMI,SRWREAL1.VMS,SRWALPHA.001,,Money Max at stage 2! (Real Story),
Super Robot Wars Alpha,srw,SRWREAL2.VMI,SRWREAL2.VMS,SRWALPHA.001,,ALL Max at stage 2! (Real Story),
Super Robot Wars Alpha,srw,SRWSUPE1.VMI,SRWSUPE1.VMS,SRWALPHA.000,,Money Max at stage 2! (Super Story),
Super Robot Wars Alpha,srw,SRWSUPE2.VMI,SRWSUPE2.VMS,SRWALPHA.000,,ALL Max at stage 2! (Super Story),
Super Robot Wars Alpha,srw,SRWLAST1.VMI,SRWLAST1.VMS,SRWALPHA.002,,Money Max at Last stage!,
Super Robot Wars Alpha,srw,SRWLAST2.VMI,SRWLAST2.VMS,SRWALPHA.002,,ALL Max at Last stage!,yes
Super Runabout SF Edition,superrun,v504.vmi,v504.VMS,SUPER_RB.SY0,Alex-M,All cars&levels.,
Super Runabout SF Edition,superrun,v7623.vmi,v7623.VMS,SUPER_RB.SY0,rip,"Some emblems unlocked, 2 cars unlocked with police(4wheeler and a pipmobile) 3 missions unlocked also.",
Super Runabout SF Edition,superrun,v45464.vmi,v45464.VMS,SUPER_RB.SY0,Sam Clark,Everything unlocked.,
Super Runabout SF Edition,superrun,v30268.vmi,v30268.VMS,SUPER_RB.SY0,bigmikeimportant,Beat both scanerios. Got most of the cars,
Super Runabout SF Edition,superrun,v41996.vmi,v41996.VMS,SUPER_RB.SY0,kenneth,ALL cars unlock and special missions.,
Super Runabout SF Edition,superrun,v76872.vmi,v76872.VMS,SUPER_RB.SY2,raman sapra,All missions open including some emblems.,
Super Runabout SF Edition,superrun,v45837.vmi,v45837.VMS,SUPER_RB.SY0,SUPER STEVEN,Lots of cars and most stages unlocked.,
Super Runabout SF Edition,superrun,v62262.vmi,v62262.VMS,SUPER_RB.SY0,matty420,All vehicles all courses unlocked including the BIM car!,yes
Super Runabout SF Edition,superrun,v58936.vmi,v58936.VMS,SUPER_RB.SY0,paul,Everything unlocked.,
Super Runabout SF Edition,superrun,SUPERRBT.VMI,SUPERRBT.VMS,SUPER_RB.SY0,,All unlocked. (Jap/USA),
Super Runabout SF Edition,superrun,v41776.vmi,v41776.VMS,SUPER_RB.SY2,,All missions open and secret emblem found in normal mode.,
Surf Rocket Racers,surfrocket,v85992.vmi,v85992.VMS,SURFROCK.SYS,75C,perfect save. everything cleared and unlocked. including reverse tracks and duck racer.,yes
Surf Rocket Racers,surfrocket,v66094.vmi,v66094.VMS,SURFROCK.SYS,Shoryu,"A surf rocket racers save with most cleared in the stunt mode and all cleared in the ballon challenge mode. Several new courses unlocked, as well as backwards and mirrored ones.",
Surf Rocket Racers,surfrocket,SURFRR.VMI,SURFRR.VMS,SURFROCK.SYS,,All unlocked. (Euro),
Suzuki Alstare Extreme Racing,suzukirace,v87960.vmi,v87960.VMS,ALSTRACE.SAV,ROSY,Um bom save todas as pistas e motcicletas selecionaveis....BRAZIL>>>>16/03/2003>>>,
Suzuki Alstare Extreme Racing,suzukirace,v83451.vmi,v83451.VMS,ALSTRACE.SAV,grandmoon,Finished part of the reversedtracks.,
Suzuki Alstare Extreme Racing,suzukirace,v79472.vmi,v79472.VMS,ALSTRACE.SAV,amirhossein,All the tracks and all the bikes unlocked. Allyou have to do is finish the reverse.,yes
Suzuki Alstare Extreme Racing,suzukirace,v34840.vmi,v34840.VMS,ALSTRACE.SAV,dominique,all secrets unlocked,
Suzuki Alstare Extreme Racing,suzukirace,v42254.vmi,v42254.VMS,ALSTRACE.SAV,Javier,every thing is done have fun,
Suzuki Alstare Extreme Racing,suzukirace,v74081.vmi,v74081.VMS,ALSTRACE.SAV,TwoLovers,Here it is th 8th session!! can u handle the speed??,
Suzuki Alstare Extreme Racing,suzukirace,v55275.vmi,v55275.VMS,ALSTRACE.SAV,Andy James,session 4 opened,
Suzuki Alstare Extreme Racing,suzukirace,v19512.vmi,v19512.VMS,ALSTRACE.SAV,Nelson Algarin.PUERTO RICO,OPENING ALL SECRETS,
Suzuki Alstare Extreme Racing,suzukirace,00000727.vmi,00000727.VMS,ALSTRACE.SAV,Bruce Hamilton,Suzuki Alstare Extreme Racing with novice session #1 completed.,
Suzuki Alstare Extreme Racing,suzukirace,SUZUKI.VMI,SUZUKI.VMS,ALSTRACE.SAV,,All unlocked.,
Sword of the Berserk: Guts' Rage,sword_berserk,v38721.vmi,v38721.VMS,BERSERK_DATA,hyperknuckles85,About 70 percent of the game completed. So you still can have fun working to for the other unlockable things.,
Sword of the Berserk: Guts' Rage,sword_berserk,v73453.vmi,v73453.VMS,BERSERK_DATA,Excalibur007,100% COMPLETE!  Game Beaten on ALL difficulty levels and EVERYTHING has been unlocked.  I have also gotten the high scores for each game in the prize box... so see if you can beat my scores in the Battle Mode and Puck's Game.  ; )All gallery pi,yes
Sword of the Berserk: Guts' Rage,sword_berserk,v74372.vmi,v74372.VMS,BERSERK_DATA,Ivaylo Koralsky,Easy game finished.50% from galery opened.,
Sword of the Berserk: Guts' Rage,sword_berserk,v58726.vmi,v58726.VMS,BERSERK_DATA,klobb/Del.{Chile}.,"Everything unlocked: all gallery pictures,all movies, puck's game unlocked, battle arena,stage select and no limit mode.",
Sword of the Berserk: Guts' Rage,sword_berserk,v12114.vmi,v12114.VMS,BERSERK_DATA,Gangsta19,Everything unlocked.,
Sword of the Berserk: Guts' Rage,sword_berserk,v79916.vmi,v79916.VMS,BERSERK_DATA,jason,Castle escape.,
Sword of the Berserk: Guts' Rage,sword_berserk,v47779.vmi,v47779.VMS,BERSERK_DATA,Atif Bokhari,Everything unlocked including all gallery pictures.,
Sword of the Berserk: Guts' Rage,sword_berserk,v43802.vmi,v43802.VMS,BERSERK_DATA,YOSHIKAZU,COMPLETE PRIZEBOX.,
Sword of the Berserk: Guts' Rage,sword_berserk,v78570.vmi,v78570.VMS,BERSERK_DATA,Nelson Algarin.PUERTO RICO,OPENING ALL PRIZE BOX,
Sword of the Berserk: Guts' Rage,sword_berserk,00000933.vmi,00000933.VMS,BERSERK_DATA,Sonic c,"Everything unlocked. Missing a couple pictures,just play the bosses in battle mode to get em'. Japanese subtitles unlocked. All these things unlocked by hacking(don't ask how!)",
Sword of the Berserk: Guts' Rage,sword_berserk,berserk.VMI,berserk.VMS,BERSERK_DATA,,Perfect Save! Everything Unlocked!,
Sydney 2000,sydney2000,v89834.vmi,v89834.VMS,SYDNEY2K_SAV,emanz2win,100mm in 8.05 seconds..hurdles in 11.94 seconds Every event top scored but two. Show me what you working with check in x files for recorded times.,
Sydney 2000,sydney2000,v48886.vmi,v48886.VMS,SYDNEY2K_SAV,John Etter,All events qualified for olympics with all the training at 100 percent.,yes
Sydney 2000,sydney2000,v207.vmi,v207.VMS,SYDNEY2K_SAV,John Etter,1 Out of the 12 events have gold medals.One more event left to achieve a gold medal.[kayak],
Sydney 2000,sydney2000,v34290.vmi,v34290.VMS,SYDNEY2K_SAV,reggie santos,Everyone has full power. Bring home the gold.,
Sydney 2000,sydney2000,v20112.vmi,v20112.VMS,SYDNEY2K_SAV,Denis,100 Meters in 8.98 seconds,
Sydney 2000,sydney2000,v97790.vmi,v97790.VMS,SYDNEY2K_SAV,Zoe,Nine athletes qualified,
Sydney 2000,sydney2000,v12998.vmi,v12998.VMS,SYDNEY2K_SAV,Joey,"100mm full power & qualified/diving, javelin also qualified.",
Sydney 2000,sydney2000,v9210.vmi,v9210.VMS,SYDNEY2K_SAV,iron_man_2g,"Some records, and a triple jumper",
Tantei Shinshi Dash,tanteidash,ZhenTan.VMI,ZhenTan.VMS,TANTEIDSH000,,Perfect Save! All secret unlocked,yes
Tee-Off,teeoff,v78706.vmi,v78706.VMS,SHIYOUY2.SV0,Patrick,"This Save file is for Tee Off 2[aka Shiyouyo golf 2] This Save Filehas everything unlocked 100%All courses, All Golfers, All Clubsand Balls...Enjoy",
Tee-Off,teeoff,00000586.vmi,00000586.VMS,TEE_OFF_.SYS,Anthony Gest,Everything unlocked.,yes
Test Drive 6,testdrive6,v9589.vmi,v9589.VMS,TESTDRIV6_00,Igor Soprano,"All done; my garage is the best!  Pegue meu arquivo, o melhor!",
Test Drive 6,testdrive6,v87335.vmi,v87335.VMS,TESTDRIV6_00,Blasto,Tudo Completo,
Test Drive 6,testdrive6,v81126.vmi,v81126.VMS,TESTDRIV6_00,Diego,"joge com os melhores carros equipados das classes 1,2,3 e 4veja seus adversarios comerem poeira.",
Test Drive 6,testdrive6,v22500.vmi,v22500.VMS,TESTDRIV6_00,igor,audi TT 3200dollars,
Test Drive 6,testdrive6,v5217.vmi,v5217.VMS,TESTDRIV6_00,Diego,jogo 100% aberto!,
Test Drive 6,testdrive6,v19785.vmi,v19785.VMS,TESTDRIV6_00,Leo ice,"Here is the best's scores,has 20cars ; 5class one,5 class two,5 class 3 and 5 class four, and allupgraded to level 4 and cash money U$ 6.782.200 dollars.",
Test Drive 6,testdrive6,v26596.vmi,v26596.VMS,TESTDRIV6_00,pleep,Every tournament completed. Cop chase completed. Many cars including all mustangs. All cars are upgraded to level 4. All tracks available.,yes
Test Drive 6,testdrive6,v81073.vmi,v81073.VMS,TESTDRIV6_00,M. [worms] ritchey,"over $450,000,000 and check out my tribute to theMustangs. Quite a collection",
Test Drive 6,testdrive6,v92113.vmi,v92113.VMS,TESTDRIV6_00,mike fielding,"Everthing unlocked, plenty of cashand some nice rides.",
Test Drive 6,testdrive6,v99920.vmi,v99920.VMS,TESTDRIV6_00,KevinK.,"All cars/tracks unlocked, all events completed,lots of cash and nicely stocked garage!",
Test Drive 6,testdrive6,v51961.vmi,v51961.VMS,TESTDRIV6_00,Xxzzile,"All cars, classes, and 6 mil.",
Test Drive 6,testdrive6,v57372.vmi,v57372.VMS,TESTDRIV6_00,tim walsh,load it up and get all tracks and cars in practice mode.,
Test Drive 6,testdrive6,v45078.vmi,v45078.VMS,TESTDRIV6_00,terrydx,everything and then some,
Test Drive 6,testdrive6,v44546.vmi,v44546.VMS,TESTDRIV6_00,joey stafford,under name jqey over 3 million dollars best car from each class stop the bombers mode open all cop cars,
Test Drive Le Mans,lemans,v74387.vmi,v74387.VMS,TDLEMANS.OPT,Ricardo,todos modos abilitados todos carros todas fases,
Test Drive Le Mans,lemans,v21789.vmi,v21789.VMS,TDLEMANS.001,Javier,All unlocked and 20 hours into a 24hour LeMans race,
Test Drive Le Mans,lemans,v49179.vmi,v49179.VMS,TDLEMANS.001,Javier,"Todas las pistas, todos los autos desbloqueados.Faltan 5 minutos para completar las 24hs de Le Mans.Trata de batir los tiempos.",
Test Drive Le Mans,lemans,v62691.vmi,v62691.VMS,TDLEMANS.001,felipe metal,"tudo de tudo completo. com 23 horasda corrida de 24 horas completo,e 11 voltas na frente do segundode valor a seu pais!!!",
Test Drive Le Mans,lemans,v6000.vmi,v6000.VMS,TDLEMANS.OPT,black squid,"All cars opened, all tracks opened. Everything complete!",
Test Drive Le Mans,lemans,v35838.vmi,v35838.VMS,TDLEMANS.001,black squid,On the final lap of the 24hr Le Mans race using the Jaguar prototype. 3 laps ahead of the 2nd place car. Easy finish!,
Test Drive Le Mans,lemans,v16699.vmi,v16699.VMS,TDLEMANS.001,John,"All time trails, quickraces, and championships completed.",
Test Drive Le Mans,lemans,v42683.vmi,v42683.VMS,TDLEMANS.001,Bobby,15 Hours into a 24hour race Expert mode. Everything unlocked.,
Test Drive Le Mans,lemans,v38692.vmi,v38692.VMS,TDLEMANS.OPT,Chris Raposa,"All quick races won, all but one championship race won.",
Test Drive Le Mans,lemans,v36820.vmi,v36820.VMS,TDLEMANS.OPT,Paul Black,"All tracks, all but two championshipscompleted, time trials almost complete.Many unlocked cars.",
Test Drive Le Mans,lemans,v40738.vmi,v40738.VMS,TDLEMANS.001,paulo quintana,"24 hours complete. All game modes complete, all cars.",yes
Test Drive Le Mans,lemans,v73041.vmi,v73041.VMS,TDLEMANS.001,paulo quintana,"41 carros disponiveis, todas as pistas e todos os modos completados modo 24,06,01 e 10 minutos completados, feitos pelo pH DO BRASIL>feitos pe.",
Test Drive Le Mans,lemans,v8626.vmi,v8626.VMS,TDLEMANS.OPT,Darksidr_357,All races finished eccept the real 24hour Le mans race.,
Test Drive Le Mans,lemans,v70785.vmi,v70785.VMS,TDLEMANS.001,Darksidr_357,Part 3 the last of the saved game files. This should be all you need to have all but 2 of the cars in the game.,
Test Drive Le Mans,lemans,v36893.vmi,v36893.VMS,TDLEMANS.001,Robert Luckett,"All track and cars unlocked even all the time trial race are beaten, The only cars that aren't gotten is the 24 hour race cars.  enjoy!!",
Test Drive Le Mans,lemans,v13162.vmi,v13162.VMS,TDLEMANS.OPT,xngen,"All quick race and championships unlocked...3 of 10 time trials completed...10min and 1hr le man's completed...21 cars available, all tracks...",
Test Drive Le Mans,lemans,v31243.vmi,v31243.VMS,LEMANS24.OPT,peter,Loads of cars and tracks 4 hours into 24 hour race Please download both saves Part 1 of 2,
Test Drive Le Mans,lemans,v82547.vmi,v82547.VMS,LEMANS24.001,peter,Loads of cars and tracks. 4 hours into 24 hour race. Part 2 of 2,
Test Drive Le Mans,lemans,v72767.vmi,v72767.VMS,TDLEMANS.OPT,scott burnett,Some tracks a few extra cars and Uncle Chuckie and Hensley modes.,
Test Drive Le Mans,lemans,v8375.vmi,v8375.VMS,TDLEMANS.OPT,micah,All races in quick race mode finished! Jaguar unlocked,
Test Drive Le Mans,lemans,v91547.vmi,v91547.VMS,TDLEMANS.OPT,carlos soto,All the tracks plus several cars unlocked.,
Test Drive Le Mans,lemans,LEMANS24.VMI,LEMANS24.VMS,LEMANS24.OPT,,All unlocked.,
Test Drive V-Rally,vrally,v26860.vmi,v26860.VMS,TDVRALLY_GAM,WOLF-Hunter-X =W=,"Tudo detonado nesse jogasso, todas pistas, carros e um carro bonus. Voce nao vai se arrepender!",
Test Drive V-Rally,vrally,v17157.vmi,v17157.VMS,TDVRALLY_GAM,Behdad,this is good save.you have many cars.dar in save nimi az bazi takmil shodeh.,
Test Drive V-Rally,vrally,v28938.vmi,v28938.VMS,TDVRALLY_GAM,DIOGO THE MASTER,All cars and tracks open .,
Test Drive V-Rally,vrally,v59944.vmi,v59944.VMS,TDVRALLY_GAM,jonathan,"All cars and all championshipsopen, and you can put your nameas driver,if is not open go tothe progression screen and pushthe (a) button over the smallscreens.",
Test Drive V-Rally,vrally,v97468.vmi,v97468.VMS,_VRALLY2_GAM,klobb/Del.{Chile}.,"Everything clear: Arcade,v-rally trophy,championship,{european,world,expert}.All bonus cars and the stunning fullmotion video unlocked,{press the A button inthe last bonus car,in the progressionscreen,to see it}.",
Test Drive V-Rally,vrally,v93443.vmi,v93443.VMS,TDVRALLY_GAM,RallyCat,"All levels beaten, all cars attained. AND, as a VERY special bonus, a quite long movie of rally driver Ari Vatanen driving the Peugeot 405 T 16 up Pikes Peaks. The year is 1988. If you are a rally fan, then you LOVE this footage!!!",yes
Test Drive V-Rally,vrally,v91867.vmi,v91867.VMS,TDVRALLY_GAM,LoneStarr,First two levels of each mode beatenand six cars unlocked. All tracks availableto race in time trial mode.,
The Grinch,grinch,v14904.vmi,v14904.VMS,GRINCHED.004,Aaron hudec,it is 97% done it has everythingopen and all the gadgets i rentedthe game and beat it 4 days.,
The Grinch,grinch,v5981.vmi,v5981.VMS,GRINCHED.001,adamizer,100%done everything is beat all gadgets all presents all objects completed,yes
The Grinch,grinch,v16992.vmi,v16992.VMS,GRINCHED.004,patrick penar,all levels are open but still needs more stuff,
The Next Tetris: Net Edition,tetris,v10638.vmi,v10638.VMS,NEXTTETRIS01,Adam,One level 4 and One level five,yes
The Next Tetris: Net Edition,tetris,00000025.vmi,00000025.VMS,SEGATETRIS00,,Perfect Save! All Open!,
The Rhapsody Of Zephyr,rzephyr,XIFENG01.VMI,XIFENG01.VMS,NISIKAZE.001,,Start with 999999 Money!,
The Rhapsody Of Zephyr,rzephyr,XIFENG02.VMI,XIFENG02.VMS,NISIKAZE.001,,The Latest Save!,yes
The Ring: Terror's Realm,thering,v45548.vmi,v45548.VMS,RINGFILE.001,vlad,do you want to kill sadako? just do it,
The Ring: Terror's Realm,thering,v72336.vmi,v72336.VMS,RINGFILE.000,enrique,"Update!! go at the chief office and take the hidden elevator behaind of bookstan and go down at B1 and check the movie, also ammo,guns and health jelly.",
The Ring: Terror's Realm,thering,v94584.vmi,v94584.VMS,RINGFILE.001,enrique,If you want go direct whit sadako use this.,
The Ring: Terror's Realm,thering,v16006.vmi,v16006.VMS,RINGFILE.000,enrique,"You have a little bit of guns, cards, keys, anyway check it.",
The Ring: Terror's Realm,thering,v3937.vmi,v3937.VMS,RINGFILE.000,Patrick B,Just a little after getting pass for downstairs/plus shotgun.,
The Ring: Terror's Realm,thering,THERING.VMI,THERING.VMS,RINGFILE.000,,Short before the ending!,yes
The Typing Of The Dead,typingdead,00000014.vmi,00000014.VMS,TOD_DC__.SYS,,JP Perfect Save! All Open!,
The Typing Of The Dead,typingdead,TYPEDEAD.VMI,TYPEDEAD.VMS,TOD_DC_E.SYS,,"Typing of the Dead USA, All unlocked!",yes
The Virgin On Megiddo,megiddo,huoyansh.VMI,huoyansh.VMS,KAENSEIBOSYS,,Perfect Save! All secret unlocked,yes
Time Stalkers,timestalkers,v67772.vmi,v67772.VMS,TIME_STK.006,Chris Knudsen,"100% monsters, 90% items, 99,999,999 in gold. End of the game with lots of skills, magic & 9 legendary items",yes
Time Stalkers,timestalkers,v98204.vmi,v98204.VMS,TIME_STK.001,ray,"Updated file All characters 63,994,351g,79% of items,100%of monsters,8 legendary itemsat the end of the game download       and let me know if you have any questions or comments",
Time Stalkers,timestalkers,v12608.vmi,v12608.VMS,TIME_STK.002,ray,"All characters,7 legendary items,67%of items,93% of monsters,and 28,082,326Gdownload and let me know if you like it.",
Time Stalkers,timestalkers,v48250.vmi,v48250.VMS,TIME_STK.001,Brandon,4 characters w/ lots of items including 4 Legendary items.,
Time Stalkers,timestalkers,v21354.vmi,v21354.VMS,TIME_STK.002,stephanie,Doing well for a starter so far I've met Nigel his pal Friday and some other charater I can't remember his name Rao I think it is anyway you didn't miss much if you just started the game yourself and good luck and have fun.,
Time Stalkers,timestalkers,v88055.vmi,v88055.VMS,TIME_STK.001,jimmy cracked corn,Quite a bit of weapons and armor. A good variety of boots and ring including the angel and yogurt ring. Really high levels for five characters. Lots of skills and spells for each character. Enjoy.,
Time Stalkers,timestalkers,v11455.vmi,v11455.VMS,TIME_STK.002,CattBo,"All the characters (Even the Doll and Marion), the Yogurt Ring, and an unknown amount of cash (I forgot).",
Time Stalkers,timestalkers,v95195.vmi,v95195.VMS,TIME_STK.001,tenchi macross,Lots of cool things at the end of the game. Try it,
Time Stalkers,timestalkers,v43436.vmi,v43436.VMS,TIME_STK.001,Kyle,Four Charecters. All know capture. Tons of money. House and monster house on highest levels. About 20 monsters.,
Time Stalkers,timestalkers,v58992.vmi,v58992.VMS,TIME_STK.001,Tim,"Updated file:  73% items, 4 charactersat top level.  Lots of cash.  Feel free to capture and raise any and allmonsters with Capture LV 4 (Sword has it).",
Time Stalkers,timestalkers,v46687.vmi,v46687.VMS,TIME_STK.001,Nytestar,All the chararcters andlots of stuff + 2unlisted dragons,
Time Stalkers,timestalkers,v83899.vmi,v83899.VMS,TIME_STK.001,Gothalion of ThAeLiTe,End of the game. I have the yogurt ring that turns you into an all powerfull hampster!,
Time Stalkers,timestalkers,v71802.vmi,v71802.VMS,TIME_STK.001,Tim,"All characters. lots of items(59%)lot of money. see all endings bygoing to final cave and close book.hint: use with Joseph Lloyd save to get more money.go to vmu machine in monster house,purchase a lot of tokens. put a minigamein vmu and downlo",
Time Stalkers,timestalkers,00001001.vmi,00001001.VMS,TIME_STK.001,Joseph Loyd,newer save has tons of money four heroes so far...,
Time Stalkers,timestalkers,tstalker.VMI,tstalker.VMS,TIME_STK.002,,Perfect Save! Everything Unlocked!,
TNN Motorsports Hardcore Heat,hardcore,v87901.vmi,v87901.VMS,HARDCORE.A00,Craig,A car that I created it took me a while although still not perfect. Best track is Egypt,yes
TNN Motorsports Hardcore Heat,hardcore,v49295.vmi,v49295.VMS,HARDCORE.SYS,Nelson Algarin.PUERTO RICO,OPENIHG ALL SECRETS & NEW AUTOCAR,
TNN Motorsports Hardcore Heat,hardcore,00000064.vmi,00000064.VMS,HARDCORE.SYS,Juan Corral,"This is actually a car I trained in the time attack mode. This took me a friend a couple weeks to achieve and the car is still not an excellent opponent but try a see if guys got what it takes to beat me and my friends ""virtual car"". Also, an",
Tokyo Bus Guide,tokyobus,TOKYOBUS.VMI,TOKYOBUS.VMS,TOKYOBUS.001,,JP Perfect Save! All Open!,yes
Tokyo Bus Guide,tokyobus,TOKYOBU2.VMI,TOKYOBU2.VMS,TOKYOBUS.001,,All tracks unlocked.,
Tokyo Xtreme Racer,tokyo,v69447.vmi,v69447.VMS,SHUTOKOUB000,KILO W,about 40 grand cash 3 fully suped cars(corba gt500)honda2000)pourch911)as well as a bmw and a t4000 its one hell of a save.,
Tokyo Xtreme Racer,tokyo,v39967.vmi,v39967.VMS,SHUTOKOUB000,lee,EVETYTHING ALL CARS BEATEN GAME OMG 300++++++ KKKKKKKKKKKKKK'S,
Tokyo Xtreme Racer,tokyo,v25231.vmi,v25231.VMS,SHUTOKOUB000,Michael Mcdevitt,"Rival profiller tamamen acik.30 araba satin alinmis ve fullupgrade yapilmis durumda.2,5 miiliyon CP.-(15 blocks)",
Tokyo Xtreme Racer,tokyo,v51052.vmi,v51052.VMS,SHUTOKOUB000,splif,"at the last devil, 3 cars fully upgraded including the NSX",
Tokyo Xtreme Racer,tokyo,v81838.vmi,v81838.VMS,SHUTOKOUB000,OGUZ UYSAL,OYUN FULL GECILDI.TUM RIVALLERACIK.30 ARABA SATIN ALINDI VEFULL UPGRADE YAPILDI_(15BLOK)_(EUROPE),
Tokyo Xtreme Racer,tokyo,v56284.vmi,v56284.VMS,SHUTOKOUB000,natedog,All the way up to the porsche beaten and 3 sweet fully upgraded cars with more than fifty thousand,
Tokyo Xtreme Racer,tokyo,v81983.vmi,v81983.VMS,SHUTOKOUB000,Shifty Shellshock,The best of everything here it is all secret cars unlocked and TONS of cash for upgrades.,yes
Tokyo Xtreme Racer,tokyo,v26376.vmi,v26376.VMS,SHUTOKOUB000,Andrew Gudino,This is a good file to get started with it has a nice car in the garage all you have to do is download.,
Tokyo Xtreme Racer,tokyo,v82915.vmi,v82915.VMS,SHUTOKOUB000,SteveTheStoner,"Look man this has it all. Everything you could possibly want is right here for your taking. All you have to do is download it to your VMU, and ammo!",
Tokyo Xtreme Racer,tokyo,v92327.vmi,v92327.VMS,SHUTOKOUB000,Shawn954,"Lots of money, all cars beaten and all secret cars are unlocked. The new skyline & and porche.",
Tokyo Xtreme Racer,tokyo,v99445.vmi,v99445.VMS,SHUTOKOUB000,ExGauge,"Maxed out cp, 69 days of play, all rivals beaten. Also, my personal, custom car is waiting  for you in the garage.",
Tokyo Xtreme Racer,tokyo,v2473.vmi,v2473.VMS,SHUTOKOUB000,jesse,Perfect save. All cars unlocked and over 8 million dollars.,
Tokyo Xtreme Racer,tokyo,v20605.vmi,v20605.VMS,SHUTOKOUB000,Eo,"All Rival beat. $950,000 cash.",
Tokyo Xtreme Racer,tokyo,v67132.vmi,v67132.VMS,SHUTOKOUB000,Dreama,"16 Done Up Cars And $200,000! With All Enemy Cars Beaten And Bought.",
Tokyo Xtreme Racer,tokyo,v49845.vmi,v49845.VMS,SHUTOKOUB000,Jimmie phoenix,"all cars open even head boss. 5 cars fully upgraded.all rival beat. over $800,000 in cash.",
Tokyo Xtreme Racer,tokyo,v83558.vmi,v83558.VMS,SHUTOKOUB000,Steve,"All rivals beaten,about 250,000 to spend, and 3 maxed out cars.",
Tokyo Xtreme Racer,tokyo,v41403.vmi,v41403.VMS,SHUTOKOUB000,Javier,all cars and more money than any ofthese downloads here,
Tokyo Xtreme Racer,tokyo,v51803.vmi,v51803.VMS,SHUTOKOUB000,Loren Labrador,"All rivals beaten,including the devils.10 cars fully upgraded. Plus$212077cp left to spend.",
Tokyo Xtreme Racer,tokyo,00000598.vmi,00000598.VMS,SHUTOKOUB000,Ish Kalhi,"All rivals beaten, including devils and devas. 4 cars, Civic SiR, Nissan GT-R, s2000, Porsche 911.",
Tokyo Xtreme Racer,tokyo,00000015.vmi,00000015.VMS,SHUTOKOUB000,,Jap Perfect Save! All Open!,
Tokyo Xtreme Racer,tokyo,v49511.vmi,v49511.VMS,SHUTOKOUB000,,100% FECHADO VALEU!,
Tokyo Xtreme Racer 2,tokyo2,v8823.vmi,v8823.VMS,TXRACER02GF0,robbins,60 cars maxed out all go over 130 mph to 265 mph and 2 million spending money,
Tokyo Xtreme Racer 2,tokyo2,v90645.vmi,v90645.VMS,TXRACER02GF0,dasean,well im a beginner and i only have one car but its a good one help out alot tbhis is for people hwo want to finsih the game,
Tokyo Xtreme Racer 2,tokyo2,v95510.vmi,v95510.VMS,TXRACER02GF0,Pablo Henrique,more money and various cars from Brasil_sp,
Tokyo Xtreme Racer 2,tokyo2,v33171.vmi,v33171.VMS,TXRACER02GF0,chucky,all unlock VIPER GTS +800hpcelica +230mph 999999cash,yes
Tokyo Xtreme Racer 2,tokyo2,v38143.vmi,v38143.VMS,TXRACER02GF0,TOKYO64,"1,200,000+cp.332/372 rivals beaten, all cars unlocked and more...",
Tokyo Xtreme Racer 2,tokyo2,v86660.vmi,v86660.VMS,TXRACER02GF0,dennis,game complete. 1+supercarAbout 15000000cp!11,
Tokyo Xtreme Racer 2,tokyo2,v66701.vmi,v66701.VMS,TXRACER02GF0,bryan,"i have 5days plaing, a maxed out rx7,0 loses and like 98 rivals beaten, also good money to spend",
Tokyo Xtreme Racer 2,tokyo2,v24457.vmi,v24457.VMS,TXRACER02GF0,mark,"WILD>>> it has the only true king of the roada DATSUN 280Z. over 7,000,000 cp and saved garage. 270 wins,14 lose. i'm stillworking on it. trying to get all372 rivels.  GOOD LUCK",
Tokyo Xtreme Racer 2,tokyo2,v90736.vmi,v90736.VMS,TXRACER02GF0,jason cabigting,BEST FILE EVER DONE ESPECIALLY FROM GUAM47 cars in garage all fully supped up[fixed up]167 wins but most cars are in the cardealer atleast 1.5million in cpi have cars from fast and the furiousa 280z that runs 7.695 secs in0-400 in time attack.,
Tokyo Xtreme Racer 2,tokyo2,v63126.vmi,v63126.VMS,TXRACER02GF0,flipmo,"$4,000,000+ with 40+ car garage!  All maxed out, game beaten 5 times, and ALL cars have real names!",
Tokyo Xtreme Racer 2,tokyo2,v98014.vmi,v98014.VMS,TXRACER02GF0,Drifter,"Great garage and save. Stopped at midpoiont after 4th time through game.  Have about 10 or so fully tuned cars (NSX, Impreza 22B, RX-7, Integra, 280ZX Fairlady).",
Tokyo Xtreme Racer 2,tokyo2,v47134.vmi,v47134.VMS,TXRACER02GF0,Chris,"81 wins, 7 losses, and 4 draws. There is 17 Class A cars, 6 Class B cars, and 7 Class C cars. ALL the cars are fully modifided. Its my 2nd time beating it and I have $1,069,323 dollars.",
Tokyo Xtreme Racer 2,tokyo2,v87414.vmi,v87414.VMS,TXRACER02GF0,Dark Phantazm,"This file has 130 days played,310 wins, 8 looses, and has over 9,000,000 cp to play with,it also has the abilty to make it where u can racekeeping the old cars and money, but race all therivals over again.it also has a nsx that can goup to 250",
Tokyo Xtreme Racer 2,tokyo2,v58817.vmi,v58817.VMS,TXRACER02GF0,Dugger,"Now heres a save that has alot of cars from the movie ""The Fast and the Furious"" like the Mazda RX-7, honda civic, honda 2000, eclipse, and many others. over 1.7 million cp's to play with.",
Tokyo Xtreme Racer 2,tokyo2,v50430.vmi,v50430.VMS,TXRACER02GF0,MES michell,"10 cars class A . Viper GTS,Toyota supra and more.Motor full power.",
Tokyo Xtreme Racer 2,tokyo2,v75070.vmi,v75070.VMS,TXRACER02GF0,Unknown,"All cars open! All my cars are original works of art! No blank plates or TYPE-ABORZM2! Ride in the Skyline, Viper or Supra! A good boost with tracks left to open.",
Tokyo Xtreme Racer 2,tokyo2,v58348.vmi,v58348.VMS,TXRACER02GF0,alucard,280 rivals beat! all track unlocked. 1 car-viper 800+ h.p. Lots of things done but lots for you to have fun with.,
Tokyo Xtreme Racer 2,tokyo2,v82822.vmi,v82822.VMS,TXRACER02GF0,Jamar,"Ultimate save! About 65 (maybe more) almost all tracks and all cars availible. Not to mention over $700,000",
Tokyo Xtreme Racer 2,tokyo2,v80534.vmi,v80534.VMS,TXRACER02GF0,xtclover,321 rivals beat. most stickers. about550 thousand in the bank. 33 daysit's my 4th time beating it. 40 carssemi to full racing mod floating GTO'sNOT A HACK!!!!!!!!!!,
Tokyo Xtreme Racer 2,tokyo2,v56444.vmi,v56444.VMS,TXRACER02GF0,david white,"Best cars, lotsa parts, most tracks, 280 rivals beaten, over 450 wins and 200000$!",
Tokyo Xtreme Racer 2,tokyo2,v89258.vmi,v89258.VMS,TXRACER02GF0,coco tr,A lot of good cars and all tracks.Take my nsx and drive it.,
Tokyo Xtreme Racer 2,tokyo2,v79873.vmi,v79873.VMS,TXRACER02GF0,greedy69,"260+ rivals beat plenty of tight rides to choose from including 911, bmw, viper9.6,lexus,u name it. Over 1million in cars and 53,+ all tracks open.",
Tokyo Xtreme Racer 2,tokyo2,v60231.vmi,v60231.VMS,TXRACER02GF0,greedy69,Over 240 rivals beaten.,
Tokyo Xtreme Racer 2,tokyo2,v36915.vmi,v36915.VMS,TXRACER02GF0,MR PALMER,"Third time beaten with over 300 rivals, and almost 2 million in the bank. Check out the garage with over 50 fully modified cars.  Both porsche's, both NSX's all of the SKYLINE's, even the 280Z.",
Tokyo Xtreme Racer 2,tokyo2,v84459.vmi,v84459.VMS,TXRACER02GF0,gr_dragoon,"Now I have a lot of rivals beatenI dont have all the highways thoughBut I have A LOT of cash and like,8 cellicas,5 corvetts,and a whole lot more. All upgraded to the max right now. If you want a lot of carsa lot of cash and fast cars.",
Tokyo Xtreme Racer 2,tokyo2,v16257.vmi,v16257.VMS,TXRACER02GF0,whiskey29,"Save features 150+ unbeaten rivals, 302864cp to spend ;more than enough to fully modify a viper. Current car is rx-7 semi modified, set finalgears to 3.73 to beat some vipers inwagan line, or 4.82 for racing inc1 line.",
Tokyo Xtreme Racer 2,tokyo2,v40795.vmi,v40795.VMS,TXRACER02GF0,scott kallmeyer,"It has 6 cars with a viper that i built myself. 6,900.00 dollars of spending money.",
Tokyo Xtreme Racer 2,tokyo2,v12793.vmi,v12793.VMS,TXRACER02GF0,BIG MIKE,This save has a 911 that will go 250+ and it has all the routs and a million dollars!!!,
Tokyo Xtreme Racer 2,tokyo2,v4142.vmi,v4142.VMS,TXRACER02GF0,whiskey29,"Day 80, 146062 to spend, 100+ more enemy to beat. all tracks opened. RX-7",
Tokyo Xtreme Racer 2,tokyo2,v50601.vmi,v50601.VMS,TXRACER02GF0,shane barnes,a great save with all highways and last boss beaten. plus a fully modded viper!,
Tokyo Xtreme Racer 2,tokyo2,v12519.vmi,v12519.VMS,TXRACER02GF0,reaper69,"I have so many rivals I lost count.Maxed out Viper, Honda, Corvett,Cellica, and a whole lot more.All highways unlocked plus about60 grand to spend.",
Tokyo Xtreme Racer 2,tokyo2,v15947.vmi,v15947.VMS,TXRACER02GF0,T.,"THIS IS THE BEST FILE! EVERYTHING DONE. OVER 120 CARS, 1 MILLION DOLLARS, AND ABOUT 30 MAXED OUT CARS",
Tokyo Xtreme Racer 2,tokyo2,v25949.vmi,v25949.VMS,TXRACER02GF0,Megaman,"302 Rivals, Maxed out BMW, viper, Fairlady z1 million plus, Day 28, not a hack",
Tokyo Xtreme Racer 2,tokyo2,v23981.vmi,v23981.VMS,TXRACER02GF0,Glen Barnard,All highways open. Maxed out 240 mph Dodge Viper and Honda S2000.,
Tokyo Xtreme Racer 2,tokyo2,v395.vmi,v395.VMS,SHUTOKOU2GF0,william Brown,"Hacked Save This save includes all cars unlocked and lots of cash to spend with a few cars also maxed out (Dodge Viper, Mercedes Benz, BMW-E340 and others)",
Tokyo Xtreme Racer 2,tokyo2,shoudu2.VMI,shoudu2.VMS,SHUTOKOU2GF0,,Jap Perfect Save! All Open!,
Tokyo Xtreme Racer 2,tokyo2,v7256.vmi,v7256.VMS,TXRACER02GF0,,tem tudo os melhores carros ate um maverick azul,
Tomb Raider: Chronicles,tombraider5,v49962.vmi,v49962.VMS,TOMBCHRN.SYS,israel f,"system file/archivo de sistemaall secrets found, gallery unlocked.todos los secretos encontrados, galeria completa.ame y ray",yes
Tomb Raider: Chronicles,tombraider5,v17835.vmi,v17835.VMS,TOMBCHRN.000,israel f,the colosseum/coliseodirigete a la puerta grande de la izquierda y listo!!go to the gate on the left and...done!!  ame y ray,
Tomb Raider: Chronicles,tombraider5,v71241.vmi,v71241.VMS,TOMBCHRN.000,loco,coliseum and you need search the altar object,
Tomb Raider: Chronicles,tombraider5,v53021.vmi,v53021.VMS,TOMBCHRN.001,joseph,start in the third story,
Tomb Raider: Chronicles,tombraider5,v89023.vmi,v89023.VMS,TOMBCHRN.000,Reza cheshmi,AT RED ALERT BEFOR GAME COMPLETE,
Tomb Raider: Chronicles,tombraider5,v76088.vmi,v76088.VMS,TOMBCHRN.000,Dinha,FASE THE 13TH FLOOR COM TODOS OS SECRETS DAS FASES ANTERIORES.,
Tomb Raider: Chronicles,tombraider5,v23484.vmi,v23484.VMS,TOMBCHRN.004,regina,.tomb raider old mil tem que passarpelo monstro do rio,
Tomb Raider: Chronicles,tombraider5,v77644.vmi,v77644.VMS,TOMBCHRN.001,Protasio-BR,34/36 secrets the other two are in the shoting galery the other is the pioson gas labirint at RED ALERT fase.Pal-m Version,
Tomb Raider: Chronicles,tombraider5,v13339.vmi,v13339.VMS,TOMBCHRN.000,Matias,Start in the submarine in the part whit you must be found the battery in positive form.,
Tomb Raider: Chronicles,tombraider5,v97976.vmi,v97976.VMS,TOMBCHRN.000,Ymers and Osvaught,"Save game with all galleries open, all secrets founded right in the last door of the game (with the key to open). Watch the end or start a new game without worry about secrets.",
Tomb Raider: Chronicles,tombraider5,v70738.vmi,v70738.VMS,TOMBCHRN.001,yasser,"Secret agent LARA CROFT will take you to ""THE 13th FLOOR"" .",
Tomb Raider: Chronicles,tombraider5,v37682.vmi,v37682.VMS,TOMBCHRN.001,OTACILIO - BRAZIL,31/36 secrets found in the last faze.,
Tomb Raider: Chronicles,tombraider5,v6657.vmi,v6657.VMS,TOMBCHRN.000,David Pagan,Start of the last adventure,
Tomb Raider: Chronicles,tombraider5,v46354.vmi,v46354.VMS,TOMBCHRN.001,Ray Forren,The last save before the game was complete,
Tomb Raider: Chronicles,tombraider5,v4023.vmi,v4023.VMS,TOMBCHRN.000,GREG SQUIRES,level 1-10,
Tomb Raider: Chronicles,tombraider5,v92152.vmi,v92152.VMS,TOMBCHRN.000,Ace,"All secrets opened, and start on level, Streets of Rome.",
Tomb Raider: Chronicles,tombraider5,v89369.vmi,v89369.VMS,TOMBCHRN.000,Patrick JD Costa,Here is the 2nd to 7th level.Try my favorites so far=The Colosseum and The submarine. Check out my site to allsega.com/ Thanks!,
Tomb Raider: Chronicles,tombraider5,TOMBR5.VMI,TOMBR5.VMS,TOMBCHRN.000,,"Unlimited Uzi, Large Med packs.",
Tomb Raider: Chronicles,tombraider5,v60748.vmi,v60748.VMS,TOMBCHRN.001,,3rd stage almost completed,
Tomb Raider: The Last Revelation,tombraider,v47998.vmi,v47998.VMS,TOMBRAID.003,Kenneth Allen Kramer,start in the grant temple with all weapons & inf ammo,
Tomb Raider: The Last Revelation,tombraider,v40304.vmi,v40304.VMS,TOMBRAID.002,aal,temp. of karnak if you have file past it please mail it to me thanks.,
Tomb Raider: The Last Revelation,tombraider,v27766.vmi,v27766.VMS,TOMBRAID.002,Laras GrandPa,"Could not get rid of the ghost in the catacombs. Do not forgetto get rid of it right at the beginningby diving to his grave in the neighbouring home. Anybody hopefullyhas a savegame from the pointbefore i made this mistake? Pleeeeeeze,Plz,Plz u",
Tomb Raider: The Last Revelation,tombraider,v47078.vmi,v47078.VMS,TOMBRAID.002,RUFFDADDY,THE TRAIN HOWEVER I AM STUCK CUZ THE FIRST CART DOOR IS CLOSED AND DONT KNOW HOW TO OPEN,
Tomb Raider: The Last Revelation,tombraider,v50322.vmi,v50322.VMS,TOMBRAID.000,CHRIS,"This starts you off at The Temple Of Seth, with infiniteeverything.",
Tomb Raider: The Last Revelation,tombraider,v99922.vmi,v99922.VMS,TOMBRAID.000,Hoss Banks,Everything beaten with infinate everything.  All weapons.  Just start the game run foward and see the finish.,
Tomb Raider: The Last Revelation,tombraider,v22876.vmi,v22876.VMS,TOMBRAID.000,TOK,"Start at the Tomb of seth withunlimted everything ammo, life pacs,weapons,flares.",
Tomb Raider: The Last Revelation,tombraider,v25755.vmi,v25755.VMS,TOMBRAID.000,TOK,Under the Spinx!,
Tomb Raider: The Last Revelation,tombraider,v33314.vmi,v33314.VMS,TOMBRAID.SYS,ken thomas,This is system save. It unlocks all of the pictures in gallery section.,
Tomb Raider: The Last Revelation,tombraider,v76754.vmi,v76754.VMS,TOMBRAID.001,ken thomas,end of game,
Tomb Raider: The Last Revelation,tombraider,v78133.vmi,v78133.VMS,TOMBRAID.001,rob,all weapons etc....,
Tomb Raider: The Last Revelation,tombraider,v99644.vmi,v99644.VMS,TOMBRAID.001,Nelson Algarin.PUERTO RICO,"STARS AT THE TOMB AT THE SETH WITH ALL WEAPONS,AMMOR,ETC.",
Tomb Raider: The Last Revelation,tombraider,00000001.vmi,00000001.VMS,TOMBRAID.000,,Perfect Save! Everything Unlocked!,yes
Tomb Raider: The Last Revelation,tombraider,TOMBR4.VMI,TOMBR4.VMS,TOMBRAID.000,,"225 Ammo, Guns, Med packs.",
Tony Hawk's Pro Skater,tonyhawk,v10797.vmi,v10797.VMS,TONYHAWK.SYS,Clifton Church,"I'm back, but now with 200000+ min pts.500000+ on wharehouse, skate park, and streets.  All without cheating.",
Tony Hawk's Pro Skater,tonyhawk,v32543.vmi,v32543.VMS,TONYHAWK.VKW,Cliff Church,School video - chadtotal score = 500000+ pts.,
Tony Hawk's Pro Skater,tonyhawk,v7346.vmi,v7346.VMS,TONYHAWK.GGM,RockLaser,"50 tapes, officer dick, all level, all atributes, and my record in wharehouse 550000.",
Tony Hawk's Pro Skater,tonyhawk,v81525.vmi,v81525.VMS,TONYHAWK.GGM,RockLaser,"50 tapes, officer dick, all level, all atributes, and my record in wharehouse 550000",
Tony Hawk's Pro Skater,tonyhawk,v95483.vmi,v95483.VMS,TONYHAWK.GUW,J-Man,"500000 in warehouse, 100000 at least in the rest, all without cheats.",
Tony Hawk's Pro Skater,tonyhawk,v76507.vmi,v76507.VMS,TONYHAWK.SYS,SK8,"All 50 tapes, every skater, all levles,and good high scores.",
Tony Hawk's Pro Skater,tonyhawk,v52.vmi,v52.VMS,TONYHAWK.GQ5,Dave: Your Dead Homie,"Perfect save, everything unlocked, all skaters with all golds and 30 tapes plus I have the high scores in all the levels without hacking them and without using slow motion codes, not too shabby . P.s.I hope I used the right vmu save, because one h",
Tony Hawk's Pro Skater,tonyhawk,v80346.vmi,v80346.VMS,TONYHAWK.SYS,derek,"A saved game file that has everything at 110,000 ptsexcept burnside (92,000)",
Tony Hawk's Pro Skater,tonyhawk,v31605.vmi,v31605.VMS,TONYHAWK.SYS,Clifton Church,All levels' scores are 100000+ Try to beat all of the scores!,
Tony Hawk's Pro Skater,tonyhawk,v5502.vmi,v5502.VMS,TONYHAWK.SYS,brent bowlin,Want a challenge? Try too get a first place score on any stage... Good luck!,
Tony Hawk's Pro Skater,tonyhawk,v3218.vmi,v3218.VMS,TONYHAWK.GLE,Matthew Talmage,"My Tony Hawk game includes everything...all characters, all boards, all FMVs, everything! It even includes some of the highest scores ever for you to try to beat.",
Tony Hawk's Pro Skater,tonyhawk,v82327.vmi,v82327.VMS,TONYHAWK.G1S,Cid211,"This file is the best of the best! It has each person with 50 tapes, full attributes, all levels opened, all boards opened, Officier Dick is opened, and anything else that might be opened or secert in this awsome game is availiable or cleared.",yes
Tony Hawk's Pro Skater,tonyhawk,v10555.vmi,v10555.VMS,TONYHAWK.G15,seth andrews,"475,000 points on wharehouse and almost beaten with everyone, beat that",
Tony Hawk's Pro Skater,tonyhawk,v14652.vmi,v14652.VMS,TONYHAWK.GR1,Robert Davis,perfect game... all tapes... all gold medals!,
Tony Hawk's Pro Skater,tonyhawk,v59154.vmi,v59154.VMS,TONYHAWK.GJU,Nate,everything unlocked,
Tony Hawk's Pro Skater 2,tonyhawk2,v2679.vmi,v2679.VMS,TONYHWK2.G00,John Stanier,"All skaters (including spidey and officer dick) have more money than they could spend. ALL cheats unlocked. Most of the gaps finished,although that's the fun part isn't it?. Even includes a skater in my favorite attire, baggy bluejeans and white",
Tony Hawk's Pro Skater 2,tonyhawk2,v72282.vmi,v72282.VMS,TONYHWK2.G00,meef7337,"All starters incl. Officer Dick and Spidey stats at max. All levels opened incl. Chopper drop and Skate heaven. All cheats enabled except one. Just need Private Carerra, just complete gap list (about 40% done). Enjoy.",
Tony Hawk's Pro Skater 2,tonyhawk2,v49708.vmi,v49708.VMS,TONYHWK2.G00,richard b,"All skaters incl. Trixie, Spidey and Off. Dick, EVERY CHEAT, all required gaps finished, all levels open, and EVERY SKATE VIDEO.",
Tony Hawk's Pro Skater 2,tonyhawk2,v58506.vmi,v58506.VMS,TONYHWK2.P00,Bob Huff,This File Is About 95% Done With Tony2/3 Done With Bob1/2 Done with Rune,
Tony Hawk's Pro Skater 2,tonyhawk2,v39730.vmi,v39730.VMS,TONYHWK2.P02,AlphaSaiyan,"This is a skate park I created usingcreate a park.  It might seem simple, but in 2 player it can't be beat.",
Tony Hawk's Pro Skater 2,tonyhawk2,v91715.vmi,v91715.VMS,TONYHWK2.P02,morrow36,A sweet park i made for thps2:mullen heaven. A  park that mullen would die over.,
Tony Hawk's Pro Skater 2,tonyhawk2,v29481.vmi,v29481.VMS,TONYHWK2.G00,a guy from kaneohe,"This is a 100% complete THPS2 game save. This means EVERY cheat, EVERY skater, all videos, all levels, entire gap list finished... yes, all 287 required gaps have been done! Download and enjoy!!",yes
Tony Hawk's Pro Skater 2,tonyhawk2,v80837.vmi,v80837.VMS,TONYHWK2.G00,Shoryu,"Everything except carrera unlocked, plus 1 created skater. Gap checklist somewhat completed- all courses, including 2 hidden ones, spider man, and officer dick.",
Tony Hawk's Pro Skater 2,tonyhawk2,v69802.vmi,v69802.VMS,TONYHWK2.G00,richard b,"All starters incl. Spidey videos w/ stats at max, all decks, off. dick, plus kid mode, level flip, and perfect grind cheats. To get the rest of the cheats, just grab the rest of the bills! Have fun!",
Tony Hawk's Pro Skater 2,tonyhawk2,v12364.vmi,v12364.VMS,TONYHWK2.G00,Nathan,The first four levels unlocked.,
Tony Hawk's Pro Skater 2,tonyhawk2,v54876.vmi,v54876.VMS,TONYHWK2.G00,chris m.,First 5 levels and 1 created skater.,
Tony Hawk's Pro Skater 2,tonyhawk2,v51334.vmi,v51334.VMS,TONYHWK2.G00,Bman,This save has every cheat and every character except Privat Carrera.,
Tony Hawk's Pro Skater 2,tonyhawk2,v22036.vmi,v22036.VMS,TONYHWK2.G00,Curt W.D.N.J,"ALL levels unlocked, all skatershave enouh $ to max stats, all characters.  Game 80% beaten,only thing left is to get private Carrera, and complete the gap checklist.",
Toy Commander,toycommander,v57416.vmi,v57416.VMS,TOY_COMM.MAN,phadomas,ALL STAGES HAVE BEEN UNLOCKED,
Toy Commander,toycommander,v13332.vmi,v13332.VMS,TOY_COMM.MNC,nathan smith,"All golds, bosses beaten.",
Toy Commander,toycommander,v9788.vmi,v9788.VMS,TOY_COMM.___,theus,"All levels complete, even killed the big fat bear.",
Toy Commander,toycommander,v50553.vmi,v50553.VMS,TOY_COMM.DB.,DB,Everything unlocked.  Best times in all levels.,yes
Toy Commander,toycommander,v54006.vmi,v54006.VMS,TOY_COMM.JAC,Nelson Algarin.PUERTO RICO,100% COMPLETE + MULTIPLAYER & SECRETS OPTIONS,
Toy Commander,toycommander,v37886.vmi,v37886.VMS,TOY_COMM.RAM,Will/Ryan,Everything beaten and all rooms open,
Toy Commander,toycommander,v29600.vmi,v29600.VMS,TOY_COMM.JAC,agent sega,all is done.have fun in multiplayers!!!,
Toy Commander,toycommander,v33538.vmi,v33538.VMS,TOY_COMM.STE,steve walsh,all levels complete,
Toy Commander,toycommander,00000621.vmi,00000621.VMS,TOY_COMM.JAC,Hoop Harper,Completely Beaten,
Toy Story 2,toystory,v14062.vmi,v14062.VMS,TOYS2DAT.001,Emel Nieto Conde,"No es el mejor salvado, pero  es bueno para empezar.Enc Company; The high-tech Company 2003",
Toy Story 2,toystory,v93671.vmi,v93671.VMS,TOYS2DAT.001,argyle,todos los tokens en el ultimo stage,
Toy Story 2,toystory,v45862.vmi,v45862.VMS,TOYS2DAT.020,Thiago Cordeiro,23 Tokens e mais level 11 e demais.Os irmaos Thiago e Dica do BRASIL,
Toy Story 2,toystory,v38204.vmi,v38204.VMS,TOYS2DAT.001,pilaf,100% Complete - todo completoen este juego de mierda.,yes
Toy Story 2,toystory,v82334.vmi,v82334.VMS,TOYS2DAT.001,Welder,"31 token pizza , last levelbrazil - riopreto",
Toy Story 2,toystory,v82035.vmi,v82035.VMS,TOYS2DAT.020,Angel G.,23 tokens level 11,
Trickstyle,trickstyle,v39698.vmi,v39698.VMS,TRICKSTY.001,Nick,All levels and all tracks are unlock.,
Trickstyle,trickstyle,v75229.vmi,v75229.VMS,TRICKSTY.000,jeremy,All levelz open,
Trickstyle,trickstyle,v87808.vmi,v87808.VMS,TRICKSTY.001,purHAZE,"Perfect save, everything is open and unlocked.",
Trickstyle,trickstyle,v38795.vmi,v38795.VMS,TRICKSTY.000,bob sacamento,PLAY AS SEPHEROTH,
Trickstyle,trickstyle,00000168.vmi,00000168.VMS,TRICKSTY.001,Nathan Worcester,"Game completed, All boards and tricks and all tracks unlocked.",yes
Tricolore Crise,tricolore,3jiao.VMI,3jiao.VMS,TRI_CRI__002,,Money 999999 !,
Tricolore Crise,tricolore,3jiao3.VMI,3jiao3.VMS,TRI_CRI__002,,EXP 999999 !,yes
Tricolore Crise,tricolore,3jiao2.VMI,3jiao2.VMS,TRI_CRI__001,,Personal Save !,
Unreal Tournament,unreal,v92038.vmi,v92038.VMS,UNREALTO.SYS,BrazilBoy,All levels in all modes,
Unreal Tournament,unreal,v98569.vmi,v98569.VMS,UNREALTO.SYS,SNOOP DOGG,great save almost erey thing beat,
Unreal Tournament,unreal,v89731.vmi,v89731.VMS,UNREALTO.SYS,DESTROYER_61,"WASSSAAA!!! Here it is! this save haves everything, including the sega's locked levels unlocked!! withou the of cheats!! ENJOY!!!",
Unreal Tournament,unreal,v97099.vmi,v97099.VMS,UNREALTO.SYS,SOS-Spain,"El juego esta 100%100 todos los mapas,etc...",yes
Unreal Tournament,unreal,v12648.vmi,v12648.VMS,UNREALTO.SYS,KILL#GZ#,"the ultimate,save game or,deathmatch and.CTF mode includes,50%for domination",
Unreal Tournament,unreal,v34614.vmi,v34614.VMS,UNREALTO.SYS,Sharp=rus=,game is beaten at all difficulty levels without cheating.,
Unreal Tournament,unreal,v85219.vmi,v85219.VMS,UNREALTO.SYS,Felipe & Douglas Metal,"As armas secretas dos editores, armas especiais, macetes e manhasdiversos como, life infinito parajogar on-line, 6 novas armas, e todosas fases abertas no inuman.BOM PROVEITO!!!!!!!!!!!!",
Unreal Tournament,unreal,v15635.vmi,v15635.VMS,UNREALTO.SYS,K00L5h0w,all levels opened,
Unreal Tournament,unreal,v29420.vmi,v29420.VMS,UNREALTO.SYS,Sharp=rus=,"HA! Inhuman kicked in no time.Everything unlocked and sttings are very cool for controller users.Who wants to battle =rus=? Try, if you dare...",
Unreal Tournament,unreal,v52485.vmi,v52485.VMS,UNREALTO.SYS,GrayWolf,Beat game in skilled mode with Person used to beat game is GrayWolf.,
Unreal Tournament,unreal,v20885.vmi,v20885.VMS,UNREALTO.SYS,Izlude Hydral,All levels unlockedCareful in the you might fight.....me.,
Unreal Tournament,unreal,v33323.vmi,v33323.VMS,UNREALTO.SYS,dan,beat everything GREAT SAVE,
Unreal Tournament,unreal,v72085.vmi,v72085.VMS,UNREALTO.SYS,Deus,o melhor:all levels inclued seganet level,
Unreal Tournament,unreal,v50694.vmi,v50694.VMS,UNREALTO.SYS,Ricardo-Brasil,"Deathmatch, Domination, CTF and Challenge clear on inhuman mode(no cheats). All maps open 1 and 2 players.",
Unreal Tournament,unreal,v22963.vmi,v22963.VMS,UNREALTO.SYS,Colombiano,"This is an 90% of the game completed. Deathmatch,CTF,Domination.",
Unreal Tournament,unreal,v2697.vmi,v2697.VMS,UNREALTO.SYS,Phillip Dybedal,"This file has the entire game beaten on easy, and on inhuman without the use of a cheat device.",
Unreal Tournament,unreal,v16344.vmi,v16344.VMS,UNREALTO.SYS,Phillip,"Deathmatch, Capture the flag, Domination, and Challenge beaten in tournament mode on easy.A save that you can actually tell your friends you did by yourself, and still have them believeyou.",
Unreal Tournament,unreal,v80073.vmi,v80073.VMS,UNREALTO.SYS,Static-X,The whole game completed on skilled. Got all trophies. thankx!!! Static-X,
Unreal Tournament,unreal,v54677.vmi,v54677.VMS,UNREALTO.SYS,Gene,"The ultimate Unreal game save. Entire game beat on ""Inhuman"" Skill level.No cheat device used.",
Unreal Tournament,unreal,v72105.vmi,v72105.VMS,UNREALTO.SYS,GJ.n.UK,All levels unlocked!,
Unreal Tournament,unreal,v90202.vmi,v90202.VMS,UNREALTO.SYS,dre,Up to level 3.,
Unreal Tournament,unreal,v98203.vmi,v98203.VMS,UNREALTO.SYS,Garou,"Deathmatch, Domination and a part of CTF completed on single player.",
Unreal Tournament,unreal,v31199.vmi,v31199.VMS,UNREALTO.SYS,sharkman,All levels completed in easy mode.,
Unreal Tournament,unreal,UNREAL01.VMI,UNREAL01.VMS,UNREALTO.SYS,,Perfect Save! All Open!,
Unreal Tournament,unreal,UNREALT.VMI,UNREALT.VMS,UNREALTO.SYS,,All arenas. Not Sega.Net. (USA),
Unreal Tournament,unreal,v43804.vmi,v43804.VMS,UNREALTO.SYS,,"Tiene ganados deathmach, capture the flag y domination en inhuman mode y novoice modechecalo.",
Urban Chaos,urbanchaos,v31365.vmi,v31365.VMS,UR_CHAOS.001,VLADIMIR GARCIA,LAST FASE!ENJOY!ULTIMA FASE!TERMINE SE FOR FERA!SEM TRUQUES!NO TRIPS!VIVA O BRASIL PENTACAMPEAO!RUMO AO HEXA!!!TE AMO LISI!!!,
Urban Chaos,urbanchaos,v53551.vmi,v53551.VMS,UR_CHAOS.001,Alex-M,All levels are open.,
Urban Chaos,urbanchaos,v17339.vmi,v17339.VMS,UR_CHAOS.001,DIOGO THE MASTER,All done .,
Urban Chaos,urbanchaos,v247.vmi,v247.VMS,UR_CHAOS.009,E.DRAVEN,All stages cleared until the last(breakout).,yes
Urban Chaos,urbanchaos,v24319.vmi,v24319.VMS,UR_CHAOS.006,Young Trilion,This is a download for those who want just a start and not the whole thing finished...enjoy$$$,
Urban Chaos,urbanchaos,v76883.vmi,v76883.VMS,UR_CHAOS.001,Jesse Lewis,Past level 20.,
Urban Chaos,urbanchaos,v8052.vmi,v8052.VMS,UR_CHAOS.010,,"All Levels completed up until level 10 , The Arms (Where you have to blow up the gangsters weapon stores)",
Vanishing Point,vanishpoint,v96161.vmi,v96161.VMS,VNISHNPT.SYS,Patrick,"To Put it Bluntly, But Sweet.This Download Is 100% Complete",
Vanishing Point,vanishpoint,v85915.vmi,v85915.VMS,VNISHNPT.SYS,Igor Soprano,"All modes cleared, all tracks and all cars. Use the Viper RT-10 and say if it's not the best game of racing!",
Vanishing Point,vanishpoint,v94515.vmi,v94515.VMS,VNISHNPT.SYS,Lambourghini Freaky,"ummm ahh...4 pros only....all cars, trax n tunes!",
Vanishing Point,vanishpoint,v82234.vmi,v82234.VMS,VNISHNPT.SYS,jessie,5 cars 2 secret cars 12 tracks and stunt finished,
Vanishing Point,vanishpoint,v8703.vmi,v8703.VMS,VNISHNPT.SYS,Nilson Bandeira Santos Filho,"All tracks and options, more than 20 cars, and 7 tune options.",
Vanishing Point,vanishpoint,v90933.vmi,v90933.VMS,VNISHNPT.SYS,htdgflvrdwtr,"All cars, tracks, tune ups, this one is complete.",
Vanishing Point,vanishpoint,v10038.vmi,v10038.VMS,VNISHNPT.SYS,Chad Stachowicz,"1500 on stunt, all tune up, all cars, every secret car, 100% game completed, took me a long time, i am just sick of seein everyone have as hard of time as i did with this game, so here it is guyz a 11% complete save",yes
Vanishing Point,vanishpoint,v76711.vmi,v76711.VMS,VNISHNPT.SYS,steveak47,"All stunts unlocked, 6 cars & 4 secretcars unlocked. Single race cleared.",
Vanishing Point,vanishpoint,v15424.vmi,v15424.VMS,VNISHNPT.SYS,MR PALMER,"10 normal cars open, 9 secret cars.  CWG mode beaten and one cheat unlocked.",
Vanishing Point,vanishpoint,v31381.vmi,v31381.VMS,VNISHNPT.SYS,mlightning,all stunts opened except last one two tune up options opened two secret cars opened.,
Vanishing Point,vanishpoint,v93427.vmi,v93427.VMS,VNISHNPT.SYS,dre from59,All cars unlocked.,
Vanishing Point,vanishpoint,v95731.vmi,v95731.VMS,VNISHNPT.SYS,harrisfiles,5 cars and 2 secret cars unlocked. all tracks in single mode (regular direction) all but last stunt track unlocked. iknow its not alot but its a good start.,
Vanishing Point,vanishpoint,v3132.vmi,v3132.VMS,VNISHNPT.SYS,edwin,Almost all stunts unlocked except for last one and 3 car unlocked.,
Vanishing Point,vanishpoint,v6158.vmi,v6158.VMS,VNISHNPT.SYS,AshDOG,5 cars and 3 secret cars.,
Vanishing Point,vanishpoint,v82699.vmi,v82699.VMS,VNISHNPT.SYS,Ravencroft,All stunts unlocked. All single races unlocked along with several reverse tracks. 5 secret cars unlocked.,
Vanishing Point,vanishpoint,v7278.vmi,v7278.VMS,VNISHNPT.SYS,htdgflvrdwtr,"1500 on stunts, 3 secret cars, 5 standard cars, 1 tune up option",
Vanishing Point,vanishpoint,v35791.vmi,v35791.VMS,VNISHNPT.SYS,your name,all stunts unlocked.,
Vanishing Point,vanishpoint,v14881.vmi,v14881.VMS,VNISHNPT.SYS,ED,"Some stunt tracks opened, 797 points out of 1500 points.",
Vanishing Point,vanishpoint,v82908.vmi,v82908.VMS,VNISHNPT.SYS,hieroryan,All but one stunt course unlocked.  1 car unlocked. 3 cars total,
Vanishing Point,vanishpoint,v55457.vmi,v55457.VMS,VNISHNPT.SYS,arvo,Stunts unlocked except last 2. 3 cars unlocked.,
Vanishing Point,vanishpoint,v73910.vmi,v73910.VMS,VNISHNPT.SYS,xtintit,"Every Stunt Done Except for one. 5 Regular cars unlocked, and 1 secret car.",
Vanishing Point,vanishpoint,v60817.vmi,v60817.VMS,VNISHNPT.SYS,Dre Latham,Unlocked almost all stunts and two cars unlocked.,
Vanishing Point,vanishpoint,v39406.vmi,v39406.VMS,VNISHNPT.SYS,OPO9,"All stunt tracks open, 3 secret cars unlocked.",
Vanishing Point,vanishpoint,v38793.vmi,v38793.VMS,VNISHNPT.SYS,harrisfiles,5 cars and 2 secret cars unlocked. All tracks in single mode (regular direction) all but last stunt track unlocked.,
Vanishing Point,vanishpoint,v97007.vmi,v97007.VMS,VNISHNPT.SYS,IZAKILLA,"First six stunt modes open.  Audi TT, BMW 351 and two secret cars are available.",
Vanishing Point,vanishpoint,v44910.vmi,v44910.VMS,VNISHNPT.SYS,Paladin,All stunt tracks finished. All tracks unlocked and a few cars.,
Vanishing Point,vanishpoint,v87231.vmi,v87231.VMS,VNISHNPT.SYS,dre,first 5 stunt unlock,
Vermilion Desert,vermilion,00001212.VMI,00001212.VMS,VERMILION_01,,All game completed!,yes
Vigilante 8: 2nd Offense,vigilante8,v53148.vmi,v53148.VMS,V8SECOND.000,Ronald,pega este save game vc nao vai arrepender,
Vigilante 8: 2nd Offense,vigilante8,v4068.vmi,v4068.VMS,V8SECOND.000,Brian,"OK  so you want a save with everything done, cars maxed out and NO cheats?This is exactly that.",
Vigilante 8: 2nd Offense,vigilante8,v69678.vmi,v69678.VMS,V8SECOND.001,Computerman45,"This is the BEST download you can get.All cars, all new chasises, codes, and even old levels.",
Vigilante 8: 2nd Offense,vigilante8,v69901.vmi,v69901.VMS,V8SECOND.000,Trenton McCallay,The best V8-2 download anywhere! ALL CODES!!! ALL CARS UPGRATED!!! ALL LEVELS COMPLETE!!!!!!,yes
Vigilante 8: 2nd Offense,vigilante8,v60186.vmi,v60186.VMS,V8SECOND.000,Kronic420,"All Car's,and All upgrades.",
Vigilante 8: 2nd Offense,vigilante8,v38833.vmi,v38833.VMS,V8SECOND.000,Kronic420,The real best saved game file on the web every thing is done plus max upgrades and cheats Kronic420!!!,
Vigilante 8: 2nd Offense,vigilante8,v89214.vmi,v89214.VMS,V8SECOND.001,Gothalion of ThAeLiTe,All cars upgraded... all quests done... old levels... and brought to you by Gothalion!!!,
Vigilante 8: 2nd Offense,vigilante8,v52014.vmi,v52014.VMS,V8SECOND.001,Tyler Smith,"The best save on the web. All cars unlock, all cars upgrade. -warwon-rules-",
Vigilante 8: 2nd Offense,vigilante8,v50580.vmi,v50580.VMS,V8SECOND.000,Knightmare6,"all cars at max., old levels, all quests done",
Vigilante 8: 2nd Offense,vigilante8,v22250.vmi,v22250.VMS,V8SECOND.000,Dario Mendoza,"Every quest beat, every car with good upgrades and all the levels from the original!",
Vigilante 8: 2nd Offense,vigilante8,00000307.vmi,00000307.VMS,V8SECOND.000,Nate Oakley,"Lots of cars upgraded , all coyotes quests beat!!",
Virtua Athlete 2K,virtuaathlete,v46971.vmi,v46971.VMS,V_ATHL2K.E00,Thiago Cordeiro,todos recordes irmaos Thiago e Dica Cordeiros Brasil.,
Virtua Athlete 2K,virtuaathlete,v1963.vmi,v1963.VMS,V_ATHL2K.SYS,Marcelo Alves,All records.,yes
Virtua Athlete 2K,virtuaathlete,v52941.vmi,v52941.VMS,V_ATHL2K.SYS,Alcir Moura,Super Records make for CIDAO of theBRAZIL,
Virtua Athlete 2K,virtuaathlete,v25831.vmi,v25831.VMS,V_ATHL2K.E01,Marcelo Alves,World records!!!,
Virtua Athlete 2K,virtuaathlete,v14559.vmi,v14559.VMS,V_ATHL2K.SYS,Wagner Bonfiglio,[Japanese] Wagner player,
Virtua Athlete 2K,virtuaathlete,v26575.vmi,v26575.VMS,V_ATHL2K.E00,Dennis Dman Doolin,[Japanese] All world records!,
Virtua Cop 2,virtuacop2,vrcop2jp.VMI,vrcop2jp.VMS,VIRTUA_COP_2,,Just a Clear Save!,
Virtua Cop 2,virtuacop2,v59185.vmi,v59185.VMS,VIRTUA_COP_2,sean rye,Everything is complete.,yes
Virtua Striker 2,virtuastriker,v81906.vmi,v81906.VMS,VS2_DATA_R00,nelson&alejo castillo,"a pesar de ser un juego malo se meten unos/ golazos. desde barranquilla, colombia. us$2.00/per game.",
Virtua Striker 2,virtuastriker,v50187.vmi,v50187.VMS,VS2_DATA_R10,Anderson Lima,"Um golaco de falta! La na gaveta! Nao tenho muito o que falar, baixem esse save e olhem com seus proprios olhos, que a terra ha de comer!",
Virtua Striker 2,virtuastriker,v12225.vmi,v12225.VMS,VS2_DATA_R01,Juan Pablo,hola vean este gooool de la gloriosaseleccion chilena,
Virtua Striker 2,virtuastriker,v88647.vmi,v88647.VMS,VS2_DATA_R00,Fabio Simoes,Um gol fantastico!!!Se vc nao pegar ira se arrepender!,
Virtua Striker 2,virtuastriker,v21388.vmi,v21388.VMS,VS2_DATA_CNF,ROSI ROY{BRAZIL}!!!!!,TUDO ABERTO 100% FECHADO!!!!,yes
Virtua Striker 2,virtuastriker,v31894.vmi,v31894.VMS,VS2_DATA_R00,beat,"peacho de gol, dedicado al foro DC d conectajuegos PUNTUACION: 510",
Virtua Striker 2,virtuastriker,v33991.vmi,v33991.VMS,VS2_DATA_CNF,jameson69,5 secret teams unlocked from ranking mode.,
Virtua Striker 2,virtuastriker,v21180.vmi,v21180.VMS,VS2_DATA_R01,J. Carlos,Pessoal olhem so que gol legal dei uma bica que o goleiro nem viu .,
Virtua Striker 2,virtuastriker,v90483.vmi,v90483.VMS,VS2_DATA_R00,Allan G de Carvalho,"Sem comentarios! Esse gol foi loco! E detalhe: eu estava jogando no very hard! Paguem um pau gringos! Cobrei a falta no peito do artilheiro, ele matou no peito, olhou o lugar que iria chutar e de voleio ele quase rasgou a rede!",
Virtua Striker 2,virtuastriker,v6955.vmi,v6955.VMS,VS2_DATA_R04,gohan500,Mexico Mexico vamos vengan a ver este gooooool fue creado por mi y por mis muchachos y ahora si que vamos muchachos.... un tiro desde casi media cancha y goooool es uno de los mejores o el mejor.,
Virtua Striker 2,virtuastriker,v53602.vmi,v53602.VMS,VS2_DATA_R01,Allan G de Carvalho,"O gol salvador! Imagine a sena:o jogo esta empatado em um campeonato feito por voce e seus colegas! A sala esta lotada, e quando no ultimo segundo do jogo acontece uma falta seu favor. Todos na sala estao na espectativa para saber quem e o gran",
Virtua Striker 2,virtuastriker,v22398.vmi,v22398.VMS,VS2_DATA_R00,johanes from mdn.indonesia,"The goal with second highest poin, I hope you like it [best poin ayuta]",
Virtua Striker 2,virtuastriker,v84724.vmi,v84724.VMS,VS2_DATA_CNF,rafael castillo,gol de tiro de esquina,
Virtua Striker 2,virtuastriker,v61800.vmi,v61800.VMS,VS2_DATA_R01,Carlos Tello,This goal was the best one I could get ENJOY IT !!!!!,
Virtua Striker 2,virtuastriker,v5248.vmi,v5248.VMS,VS2_DATA_R00,ayuta from medan.indonesia,goal of the year [can you do better?],
Virtua Striker 2,virtuastriker,v89372.vmi,v89372.VMS,VS2_DATA_R01,Luis Morales,No human shield can stop this ball. Check out this sweet free kick goal.[around the ball view for better effects.],
Virtua Striker 2,virtuastriker,v88766.vmi,v88766.VMS,VS2_DATA_CNF,Erick lopez,All the teams available.,
Virtua Striker 2,virtuastriker,v6391.vmi,v6391.VMS,VS2_DATA_R01,rodrigo heguilen,quite nice goalfor soccer lovers,
Virtua Striker 2,virtuastriker,VS2_SYS1.VMI,VS2_SYS1.VMS,VS2_DATA_CNF,,All Secret team Unlocked!,
Virtua Striker 2,virtuastriker,VS2_REP1.VMI,VS2_REP1.VMS,VS2_DATA_R05,,Direct Free Kick!,
Wacky Races,wackyraces,v41658.vmi,v41658.VMS,WACKYRUS.SYS,Justin Bolander,"All the levels, characters, and special abilities.",
Wacky Races,wackyraces,v76433.vmi,v76433.VMS,WACKYRUS.SYS,Igor Soprano,"All done: all stars, all characters, all weapons and all modes and championships completed.",yes
Wacky Races,wackyraces,v12723.vmi,v12723.VMS,WACKYRUS.001,durval pessoa amaro de oliveira,"All cars,characters and powers[ 24 stars ].",
Wacky Races,wackyraces,v7471.vmi,v7471.VMS,WACKYRUS.001,magee,"All stars, all spanners, all cars, & all tracks.All weapons except for the Red Max's paintball.Four codes.",
Wacky Races,wackyraces,v97860.vmi,v97860.VMS,WACKYRUS.001,Tia & Trey,"The whole kit-n-caboodle, 40 stars, 15 time spanners. All boards and all cars plus 3 cheats.",
Wacky Races,wackyraces,v30076.vmi,v30076.VMS,WACKYRUS.001,John Moxley,"40 Tokens, 14 Spaners, all vehicles,and tracks.",
Wacky Races,wackyraces,v38827.vmi,v38827.VMS,WACKYRUS.001,Faris Abuzeid,In this one i have 36 stars and i`ve won all the muttley challenges.,
Wacky Races,wackyraces,v42033.vmi,v42033.VMS,WACKYRUS.001,Faris Abuzeid,I have 21 stars And 3 cheat codes and i have all the cars and i won all the battles.,
Wacky Races,wackyraces,v3928.vmi,v3928.VMS,WACKYRUS.001,warwolf1977,32 stars 3 cheats in this one.,
Wacky Races,wackyraces,v6826.vmi,v6826.VMS,WACKYRUS.001,James Buhls,"OK, this is the more complete savefile.  I've got around 25 stars,all stages at muttley challenge, allcharachters have all weapons (Minusthe Slag Bros., because they blow).I've also opened up the Battle Caveunderneath the hill.  Phew.",
Wacky Races,wackyraces,v82498.vmi,v82498.VMS,WACKYRUS.001,James Buhls,"All stages at muttley challenge,minus stage on the hill.  You canrace Pat Pending and Red Max.  16 Stars.",
Wacky Races,wackyraces,v72821.vmi,v72821.VMS,WACKYRUS.SYS,Luis Martinez,16 stars.,
Wetrix+,wetrix,v39228.vmi,v39228.VMS,WETRIXPLS_HS,E.T.,New pieces and floors.,yes
Wild Metal,wildmetal,v56159.vmi,v56159.VMS,WMETAL__.001,THE NuKE,"100% complete, all levels, and tanks. This save is ready to kill some alien scum.",yes
Wild Metal,wildmetal,v92577.vmi,v92577.VMS,WMETAL__.001,Tom W.,I've beaten this game.  All levelsand some new tanks are open.,
World Series Baseball 2K1,baseball2k1,v65822.vmi,v65822.VMS,WSBB2K1__DAT,buttcher,"Rosters up to date as of 10/10/00.  I made a few mistakes on my last file, but this one should be as up to date as I can possibly get it.",
World Series Baseball 2K1,baseball2k1,v10156.vmi,v10156.VMS,WSBB2K1__DAT,redsoxboys,"Updated rosters as of 9/26.  I have tried to create the most up to date rosters for every team, but I may have missed a few transactions.  Also, I have created a large number of players not in the game, like Jeff D'Amico and Pat Burrell.",
World Series Baseball 2K1,baseball2k1,v45014.vmi,v45014.VMS,WSBB2K1__DAT,Keenan Williams,Rosters updated as of 6/5/00 3:17 amAlso includes a great season with theIndians.I'm in the mid of June with only 2 loses and its on all-star with thehandicaps OFF!,
World Series Baseball 2K1,baseball2k1,v77383.vmi,v77383.VMS,WSBB2K1__DAT,joe green,Infinite player points,
World Series Baseball 2K1,baseball2k1,v12541.vmi,v12541.VMS,WSBB2K1__DAT,Logan Kirkland,My sweet season,
World Series Baseball 2K1,baseball2k1,v54876.vmi,v54876.VMS,WSBB2K1__DAT,javaman72,"1997 Marlins, Infinite Create Points, and Hall of Famers (note: Arm & Fielding attributes are ""reversed"" on created players due to Sega's programming error).",yes
World Series Baseball 2K1,baseball2k1,v41992.vmi,v41992.VMS,WSBB2K1__DAT,carlos A,The Oakland A's dream team. With this team how could you not win?,
World Series Baseball 2K1,baseball2k1,v98446.vmi,v98446.VMS,WSBB2K1__DAT,Aaron Wright,Perfect team on the Astros.,
World Series Baseball 2K1,baseball2k1,v66989.vmi,v66989.VMS,WSBB2K1__DAT,WSB 2K1 master,Completed season with the Mets. File complete with the Home Run Derby Option! Also a few created players with maxed out attributes!,
World Series Baseball 2K1,baseball2k1,v34406.vmi,v34406.VMS,WSBB2K1__DAT,mike4,Finished season with HR Derby!,
World Series Baseball 2K1,baseball2k1,v72548.vmi,v72548.VMS,WSBB2K1__DAT,sam gaskin,Recent roster update! Play with Mike Piazza and the Mets. In this season the Mets are number 1!!,
World Series Baseball 2K1,baseball2k1,v49283.vmi,v49283.VMS,WSBB2K1__DAT,Shawn King,Make your own perfect players. Just delete mine and make yours.,
World Series Baseball 2K1,baseball2k1,v54470.vmi,v54470.VMS,WSBB2K1__DAT,Ty Buchanan,Rosters & lineup are the closes thing to the real big league as of Aug 9th. Also on this save is a 3/4 complete season w/ the BUCS!,
World Series Baseball 2K1,baseball2k1,v74376.vmi,v74376.VMS,WSBB2K1__DAT,tyler buchanan,"A must have save! Rosters are completely accurate as of the evening of August 4th.  Every trade and signing down to the very minor ones are included.  As an extra bonus, in season mode you control the A's with a 1-0 lead going into game two of",
World Series Baseball 2K1,baseball2k1,v98370.vmi,v98370.VMS,WSBB2K1__DAT,tyler buchanan,"A great vmu download for WSB2k1. Updated rosters, lineups, and All Star roster updated as of Aug.7th. Also you can control the Pirates in a season.",
World Series Baseball 2K1,baseball2k1,v22375.vmi,v22375.VMS,WSBB2K1__DAT,Bob Monocchio,I have a great file with the Orioles. A 12-2 record in season.,
World Series Baseball 2K1,baseball2k1,v58522.vmi,v58522.VMS,WSBB2K1__DAT,Tomas Perdomo,"Nice save. You control Oakland in Game 1 of the A.L.C.S. against Cleveland.  Also, many roster updates have been made up to the morning of July 31.  The orioles roster is almost the way it is now (with Will Clark still to be traded to Cards), N",
World Series Baseball 2K1,baseball2k1,v30113.vmi,v30113.VMS,WSBB2K1__DAT,andy,"Awesome created players, start a new season with them than trade them to your team.",
World Series Baseball 2K1,baseball2k1,v50553.vmi,v50553.VMS,WSBB2K1__DAT,Brett,A great season only played 1 game,
World Series Baseball 2K2,baseball2k2,v95783.vmi,v95783.VMS,wsbb_2k2_,john eriksen,tihs is the best team of all year the yankees appearing in their seasonal games you will love the rookie mode because it is simply easy...have fun gd luck,yes
World Series Baseball 2K2,baseball2k2,v78593.vmi,v78593.VMS,wsbb_2k2_,hamburger,"this is the perfect roster update 4 mets fans!  Rosters as of 12/21/2002. includes Floyd, Glavine, Stanton, Reyes, Heilman!!!!",
World Series Baseball 2K2,baseball2k2,v35219.vmi,v35219.VMS,wsbb_2k2_,Anthony,Updated rosters as of 7/31/02All trade deadline dealscompleted.,
World Series Baseball 2K2,baseball2k2,v44044.vmi,v44044.VMS,wsbb_2k2_,Armando,Updated rosters as of 5/24/2002,
World Series Baseball 2K2,baseball2k2,v8983.vmi,v8983.VMS,wsbb_2k2_,anthony turner,"Updated Rosters/Trades as of May 16 2002.As good as you will see all players on there right teams.the 3 created players was used for the teams i favor of course the bluejays.I havent started a season, just did all the correct trades, at the begg",
World Series Baseball 2K2,baseball2k2,v20453.vmi,v20453.VMS,wsbb_2k2_,xMOPXx,Man forget the rest okay this is itright here okay!And check this outB.Agbayani already has 28 homersand its right before the allstarbreak.So try and bring your teamto the playoffs...on allstar!,
World Series Baseball 2K2,baseball2k2,v1735.vmi,v1735.VMS,wsbb_2k2_,xMOPXx,"Man forget that!This is the seasonright here dawg.Updated rosters,lineups and the Marlins are no jokedespite there record!",
World Series Baseball 2K2,baseball2k2,v63148.vmi,v63148.VMS,wsbb_2k2_,mudvayne0267,This is an updated season with all deadline trades completed.,
Worms Armageddon,worm,v54621.vmi,v54621.VMS,ARMAGEDDONDC,Super Scooper,"PERFECT SAVE! Gold medals in all training levels and in all 33 missions. Elite deathmatch ratingwith 21 wins, 0 losses. All 7 bonusmultiplayer game schemes open. Allmission landscapes available formultiplayer play (just use teamprimos after dow",yes
Worms Armageddon,worm,v90627.vmi,v90627.VMS,ARMAGEDDONDC,M. [worms] ritchey,"23-2 in deathmatch [elite], stuck on mission 9...use team. STONIATED.......have fun",
Worms Armageddon,worm,v30774.vmi,v30774.VMS,ARMAGEDDONDC,Expert Gamer,"EVERYTHING but needs gold in grenading and missions 5,7.",
Worms Armageddon,worm,v57389.vmi,v57389.VMS,ARMAGEDDONDC,Dark Nights,"Gold Medal basic training, silver medalCrazy Crates training, Bronze all others,bouns 1, Deathmatch level intermediet,mission 4. Does that sound average?",
Worms Armageddon,worm,v43076.vmi,v43076.VMS,ARMAGEDDONDC,jesse,"At about level 28, have seceretbonus scheme 1, and I am also have a high ranking in deathmatch.",
Worms Armageddon,worm,v77302.vmi,v77302.VMS,ARMAGEDDONDC,michael haight,I am at a very high level with most training compleated. Use the name FREAKS,
Worms Armageddon,worm,v58500.vmi,v58500.VMS,ARMAGEDDONDC,Expert Gamer,"Up to bonus 6, mission 30, deathmatch 20.GREAT SAVE!!!",
Worms Armageddon,worm,00000585.vmi,00000585.VMS,ARMAGEDDONDC,David Borgelt,"up to level 6, i think",
Worms World Party,wormparty,v58185.vmi,v58185.VMS,WWP_DC_SAVE.,Bek-Fox,Save com a porra toda aberta! preparem-se!,
Worms World Party,wormparty,v66120.vmi,v66120.VMS,WWP_DC_SAVE.,Matt,"A save with all missions and bonus schemes unlocked. Only a few time attack missions complete! The Dj's team was used to unlock all missions. For your use, please edit the teams' names.",yes
Worms World Party,wormparty,v70788.vmi,v70788.VMS,WWP_DC_SAVE.,Jaroslaw Szymaniak,BONUS 6 !,
Worms World Party,wormparty,v50556.vmi,v50556.VMS,WWP_DC_SAVE.,RED BANDIT,ALL MISSIONS FINISHED WITH TEAM 215 AND ELITE RANK ON DEATHMATCH WITH vocalists... I JUST FINISHED THE OTHER GUYS MISSIONS,
Worms World Party,wormparty,v48553.vmi,v48553.VMS,WWP_DC_SAVE.,Josh Tony,36 of 45 mission complete..3 bonus schemes unlocked.some training missions.,
WWF Attitude,wwfattitude,v72529.vmi,v72529.VMS,WWFATUDE.OPN,grant johnson,everything unlocked,
WWF Attitude,wwfattitude,v37991.vmi,v37991.VMS,WWFATUDE.WJD,john david macleod,Heres some old timers you just don`t see anymore.,
WWF Attitude,wwfattitude,v91195.vmi,v91195.VMS,WWFATUDE.WBS,Jimbo Jezuz (AKA HitEmUp),The Second best characters that have ever come from anyone with a demented mind. This is my second set of characters for Attitude including He-Man Skeletor and the mighty MANBOOBIE.,
WWF Attitude,wwfattitude,v1009.vmi,v1009.VMS,WWFATUDE.WTL,Jimbo Jezuz (AKA HitEmUp),"Featuring 2pac shakur, Eminem, and a few others. some famous ones I made up.",
WWF Attitude,wwfattitude,v3458.vmi,v3458.VMS,WWFATUDE.WW1,JASON MONTGOMERY,"BOOKER, GOLDBERG, AWESOME, STING, Y2J, VAMPIRO, S. STEINER",
WWF Attitude,wwfattitude,v11011.vmi,v11011.VMS,WWFATUDE.WKW,Keenan Williams,"A huge update!!! Raven and William Regalare added to my upgraded part 3 plus ever other character updated.E-mail me ifyou want my upgrades of part 1,2,3.(Bad rikishi,k.angle with belt,etc.)This is better than the NFL2k1 downloaded rosters!",
WWF Attitude,wwfattitude,v42582.vmi,v42582.VMS,WWFATUDE.WK_,Keenan Williams,"This is a much enhanced version of my last save. 4 new characters, all friends of mine, who hapened to love them. Also Dr. Frank-n-furter from Rocky Horror Picture Show. Of course, I'm back too under the save name of Madruk. Please contact me f",
WWF Attitude,wwfattitude,v26645.vmi,v26645.VMS,WWFATUDE.WKB,Keenan Williams,"This is part 2 of 3 of the created wrestlers.This includes Scotty too hotty, G.sexay, Hardcoreand Crash Holly, Matt and Jeff Hardy, P.Saturn, D.Malenko, E.Guerrero, and of course the crippler CHRIS BENOIT!!! (2/3)",
WWF Attitude,wwfattitude,v58809.vmi,v58809.VMS,WWFATUDE.WKW,Keenan Williams,"Part 3 of 3 This one I like to call the Extras.It includes Vince, Shane, Stephanie Test, P.Albert, Tori,B.Buchanan, Essas Rios, and TRISH!!!!!!!  After you download any of the parts write me and give me your thoughts.",
WWF Attitude,wwfattitude,v20468.vmi,v20468.VMS,WWFATUDE.WM2,Nick Enloe,These are some weird characters that I made including one based off myself under the heading of M2.,
WWF Attitude,wwfattitude,v7985.vmi,v7985.VMS,WWFATUDE.WUS,Henry Jose,"The is file has alot of superstars that are in the WWF right now! This file includes Tazz, Benoit, Kurt Angle and the Dudley Boys, Jericho, and even has soon to be WWF star Raven who is expected to be in the WWF by summer end.",
WWF Attitude,wwfattitude,v43953.vmi,v43953.VMS,WWFATUDE.WNB,Henry,"This file is a must!!It has cool wrestlers that I made up plus the Dudleys Boys, Kurt Angle and scott stiener!!!!",
WWF Attitude,wwfattitude,00000855.vmi,00000855.VMS,WWFATUDE.OPN,Menotti,Finished Career Everything Unlocked! Perfect Save.,yes
WWF Royal Rumble,wwfrumble,v33904.vmi,v33904.VMS,ROYAL_RUMBLE,Eric Dilliard,Vince and Shane Unlocked...Plus Chris Jerhico is in the number 1 popularity rankings and Dlo brown is number one in royal rumble rankings.,
WWF Royal Rumble,wwfrumble,v31180.vmi,v31180.VMS,ROYAL_RUMBLE,bigg randall,Shane and Vince unlock plus 60 wrestlersbeaten plus unlocked super rock fromgagameshark.,yes
WWF Royal Rumble,wwfrumble,v4477.vmi,v4477.VMS,ROYAL_RUMBLE,KRAZYWUN20001,!! Vince mcman and shane mc men unlocked for royalroumble this is the real deal.,
WWF Royal Rumble,wwfrumble,v95072.vmi,v95072.VMS,ROYAL_RUMBLE,Know Your Role!!!!!!!!!,"Vince and Shane unlocked and I have beaten over 1,000 in the Rumble.",
WWF Royal Rumble,wwfrumble,v79690.vmi,v79690.VMS,ROYAL_RUMBLE,k00l5h0w,Good vmu save for average game,
WWF Royal Rumble,wwfrumble,v39825.vmi,v39825.VMS,ROYAL_RUMBLE,Batman,Has Every Single Secret In The Game90 man 60 man 30 man rumble beaten,
WWF Royal Rumble,wwfrumble,v84955.vmi,v84955.VMS,ROYAL_RUMBLE,Andrew,"Vince and Shane unlocked.30,60,90 men eliminatedExibition beat",
WWF Royal Rumble,wwfrumble,v45315.vmi,v45315.VMS,ROYAL_RUMBLE,Kronic420,Forget all the saves under or above this I bet no one can match this save so if your smart you will get this save so you make the desision.PS:Kronic420+grindmaster_2k rule !!!,
WWF Royal Rumble,wwfrumble,v93698.vmi,v93698.VMS,ROYAL_RUMBLE,DB,Vince and Shane McMahon unlocked.  90 people eliminated in rumble.,
WWF Royal Rumble,wwfrumble,v11835.vmi,v11835.VMS,ROYAL_RUMBLE,Tim George,"Vince And Shane unlocked really this time better than Pedros save, this one actually works!",
WWF Royal Rumble,wwfrumble,v95992.vmi,v95992.VMS,ROYAL_RUMBLE,Pedro J. Sanchez,Shane and Vince unlocked,
Zero Gunner 2,zerogun2,zerogun2.VMI,zerogun2.VMS,ZEROGNR2.SYS,,Perfect Save! All Open!,yes
Zero Gunner 2,zerogun2,v97953.vmi,v97953.VMS,ZEROGNR2.SYS,Renato Hardcore,Infinite continue for Zero Gunner 2,
Zombie Revenge,zombie,v30965.vmi,v30965.VMS,ZOMBIE_U_001,FELIPE SILVA DOS PASSOS,"red blood, extra option, free play mode, tranning mode",
Zombie Revenge,zombie,v91226.vmi,v91226.VMS,ZOMBIE_U_001,alessandro brito,TUDO LIBERADO,
Zombie Revenge,zombie,v26491.vmi,v26491.VMS,ZOMBIE_U_001,Draygon Xandoval,Everything unlocked,
Zombie Revenge,zombie,v97447.vmi,v97447.VMS,ZOMBIE_U_001,Knightmare6,"Unlimited continues & Infinite life, as well as red blood. Change blood color & # of continues in the options mode. The infinite life is for Original Mode only.",
Zombie Revenge,zombie,ZOMBIERE.VMI,ZOMBIERE.VMS,ZOMBIE_U_SYS,,Best Save! Everything Unlocked!,yes
Zusar Vasar,zusarvasar,00000945.VMI,00000945.VMS,ZUSARVASAR00,,Everything unlocked! All tracks available.,yes
disc_climaxlanders,disc_climaxlanders,dc_kool_00000032.vmi,dc_kool_00000032.VMS,CLMX_LAND003,,"Special Character & All VMS Mini Games [source: DC_KOOL (Joe Endy, fp.enter.net/~jkool/DCSaves.htm); region JP]",yes
disc_coolboardersburrrn,disc_coolboardersburrrn,dc_kool_00000035.vmi,dc_kool_00000035.VMS,COOLBOAR.SYS,,"All Tracks & Hidden Characters [source: DC_KOOL (Joe Endy, fp.enter.net/~jkool/DCSaves.htm); region JP]",yes
disc_getbass,disc_getbass,dc_kool_00000096.vmi,dc_kool_00000096.VMS,GETBASS_DATA,,"All Lakes & Lures Opened [source: DC_KOOL (Joe Endy, fp.enter.net/~jkool/DCSaves.htm); region JP]",yes
disc_giantgram1,disc_giantgram1,dc_kool_00000097.vmi,dc_kool_00000097.VMS,GIANTGRAM_DC,,"Hidden Wrestlers Opened [source: DC_KOOL (Joe Endy, fp.enter.net/~jkool/DCSaves.htm); region JP]",yes
disc_jetcoasterdream,disc_jetcoasterdream,dc_kool_00000115.vmi,dc_kool_00000115.VMS,JETDREAM.001,,"Finished [source: DC_KOOL (Joe Endy, fp.enter.net/~jkool/DCSaves.htm); region JP]",yes
disc_toukon4,disc_toukon4,dc_kool_00000146.vmi,dc_kool_00000146.VMS,TOUKON4DCSYS,,"Hidden Wrestlers Available [source: DC_KOOL (Joe Endy, fp.enter.net/~jkool/DCSaves.htm); region JP]",yes
disc_nhl2k2,disc_nhl2k2,dc_kool_00000150.vmi,dc_kool_00000150.VMS,SGANHL2K2M00,Hardy Kawelius,"Roster Update For November 5th 2002 [source: DC_KOOL (Joe Endy, fp.enter.net/~jkool/DCSaves.htm); saved by Hardy Kawelius; region US]",yes
disc_popnmusic3,disc_popnmusic3,dc_kool_00000160.vmi,dc_kool_00000160.VMS,P_MUSIC3.DAT,,"Most Unlocked [source: DC_KOOL (Joe Endy, fp.enter.net/~jkool/DCSaves.htm); region JP]",yes
disc_superspeedracing,disc_superspeedracing,dc_kool_00000321.vmi,dc_kool_00000321.VMS,SSRACING.SYS,,"Super Speed Extra Characters & Cars [source: DC_KOOL (Joe Endy, fp.enter.net/~jkool/DCSaves.htm); region JP]",yes
disc_kikaioh,disc_kikaioh,dc_kool_00000325.vmi,dc_kool_00000325.VMS,KIKAIOH__DAT,,"Hidden Fighters Available [source: DC_KOOL (Joe Endy, fp.enter.net/~jkool/DCSaves.htm); region JP]",yes
disc_aerodancing,disc_aerodancing,dc_kool_00000004.vmi,dc_kool_00000004.VMS,AERODANC.SYS,,"All Unlocked [source: DC_KOOL (Joe Endy, fp.enter.net/~jkool/DCSaves.htm); region JP]",yes
disc_aerodancingf,disc_aerodancingf,dc_kool_00000005.vmi,dc_kool_00000005.VMS,AERODANF.SYS,,"Fighter Pilot Complete / Tactical # 8 [source: DC_KOOL (Joe Endy, fp.enter.net/~jkool/DCSaves.htm); region JP]",yes
disc_borderdown,disc_borderdown,heezy_00000025.vmi,heezy_00000025.VMS,BORDERDOWNDC,,Both Arcade and Remix mode Unlocked [source: HEEZY (hrb2k); region JP],yes
disc_seaman,disc_seaman,purhaze_SEA1.vmi,purhaze_SEA1.VMS,SM2000US.USR,,(no description) [source: PURHAZE (geocities.com/purhaze5/vmu.html)],yes
disc_seaman,disc_seaman,purhaze_SEA2.vmi,purhaze_SEA2.VMS,SM2000US._VM,,(no description) [source: PURHAZE (geocities.com/purhaze5/vmu.html)],yes
disc_dvineluv,disc_dvineluv,jeffma_DVINELUV.vmi,jeffma_DVINELUV.VMS,DVINELUV.DAT,,(no description) [source: JEFFMA (jeffma.51.net/dcgl)],yes
disc_bs_f1wgp2,disc_bs_f1wgp2,blue_swirl_f1_world_g_SAVE0000.vmi,blue_swirl_f1_world_g_SAVE0000.VMS,F1WGP4DC2CH0,,"Tournament in last course. [source: BLUE_SWIRL (blueswirl.shorturl.com, (c) 2006 Blue Swirl; site now offline)]",yes
disc_bs_segaextreme,disc_bs_segaextreme,blue_swirl_sega_extre_SAVE0002.vmi,blue_swirl_sega_extre_SAVE0002.VMS,EXTREMES.SYS,,"all tracks unlocked (PAL) [source: BLUE_SWIRL (blueswirl.shorturl.com, (c) 2006 Blue Swirl; site now offline)]",yes
disc_bs_aquagt,disc_bs_aquagt,blue_swirl_aqua_gt_SAVE0000.vmi,blue_swirl_aqua_gt_SAVE0000.VMS,AQUAGTRACING,,"All Boats & Tracks Unlocked In Arcade Mode [source: BLUE_SWIRL (blueswirl.shorturl.com, (c) 2006 Blue Swirl; site now offline)]",yes
disc_bs_cvspro,disc_bs_cvspro,blue_swirl_capcom_vs__SAVE0000.vmi,blue_swirl_capcom_vs__SAVE0000.VMS,CVS.SPRO_SYS,,"TUDO ABERTO [source: BLUE_SWIRL (blueswirl.shorturl.com, (c) 2006 Blue Swirl; site now offline)]",yes
disc_bs_ddr2nd,disc_bs_ddr2nd,blue_swirl_dance_danc_SAVE0000.vmi,blue_swirl_dance_danc_SAVE0000.VMS,DDR2NDMX.SYS,,"Just about everything unlocked [source: BLUE_SWIRL (blueswirl.shorturl.com, (c) 2006 Blue Swirl; site now offline)]",yes
disc_bs_gunspike,disc_bs_gunspike,blue_swirl_gunspike_SAVE0000.vmi,blue_swirl_gunspike_SAVE0000.VMS,GUNSPIKE_001,,"jeu terminé [source: BLUE_SWIRL (blueswirl.shorturl.com, (c) 2006 Blue Swirl; site now offline)]",yes
disc_bs_nanatsu,disc_bs_nanatsu,blue_swirl_seven_mans_SAVE0000.vmi,blue_swirl_seven_mans_SAVE0000.VMS,7HIKAN2SV000,,"complete [source: BLUE_SWIRL (blueswirl.shorturl.com, (c) 2006 Blue Swirl; site now offline)]",yes
disc_bs_snowsurfers,disc_bs_snowsurfers,blue_swirl_snow_surfe_SAVE0000.vmi,blue_swirl_snow_surfe_SAVE0000.VMS,SNOWSURF.SYS,,"Tous les secrets débloqués! [source: BLUE_SWIRL (blueswirl.shorturl.com, (c) 2006 Blue Swirl; site now offline)]",yes
disc_bs_thc2,disc_bs_thc2,blue_swirl_tokyo_high_SAVE0000.vmi,blue_swirl_tokyo_high_SAVE0000.VMS,HIGHCHA02GF0,,"All Tracks open. 258 rivals beaten. (J.B.) [source: BLUE_SWIRL (blueswirl.shorturl.com, (c) 2006 Blue Swirl; site now offline)]",yes
disc_bs_deadlyskies,disc_bs_deadlyskies,blue_swirl_deadly_ski_SAVE0000.vmi,blue_swirl_deadly_ski_SAVE0000.VMS,DEADLY_S.001,,"19 missij igry projdeno. Inferno [source: BLUE_SWIRL (blueswirl.shorturl.com, (c) 2006 Blue Swirl; site now offline)]",yes
disc_bs_dragonsblood,disc_bs_dragonsblood,blue_swirl_dragons_bl_SAVE0000.vmi,blue_swirl_dragons_bl_SAVE0000.VMS,DRAGONSB.001,,"Final level / Aeowyn(PAL) [source: BLUE_SWIRL (blueswirl.shorturl.com, (c) 2006 Blue Swirl; site now offline)]",yes
disc_bs_runecast,disc_bs_runecast,blue_swirl_runecast_SAVE0000.vmi,blue_swirl_runecast_SAVE0000.VMS,RUNEDATA_SYS,,"ostalnie nizhe [source: BLUE_SWIRL (blueswirl.shorturl.com, (c) 2006 Blue Swirl; site now offline)]",yes
disc_bs_runecast,disc_bs_runecast,blue_swirl_runecast_SAVE0001.vmi,blue_swirl_runecast_SAVE0001.VMS,RUNEDATA_DAT,,"ostalnie nizhe [source: BLUE_SWIRL (blueswirl.shorturl.com, (c) 2006 Blue Swirl; site now offline)]",yes
disc_bs_runecast,disc_bs_runecast,blue_swirl_runecast_SAVE0002.vmi,blue_swirl_runecast_SAVE0002.VMS,RUNEDATA_CP2,,"ostalnie nizhe [source: BLUE_SWIRL (blueswirl.shorturl.com, (c) 2006 Blue Swirl; site now offline)]",yes
disc_bs_puyoda,disc_bs_puyoda,blue_swirl_puyo_puyo__SAVE0000.vmi,blue_swirl_puyo_puyo__SAVE0000.VMS,PUYODA01.SYS,,"No description [source: BLUE_SWIRL (blueswirl.shorturl.com, (c) 2006 Blue Swirl; site now offline)]",yes
disc_bs_vampirechron,disc_bs_vampirechron,blue_swirl_vampire_ch_SAVE0000.vmi,blue_swirl_vampire_ch_SAVE0000.VMS,VAMPIRE_.SYS,,"No description [source: BLUE_SWIRL (blueswirl.shorturl.com, (c) 2006 Blue Swirl; site now offline)]",yes
VMU Mini Games,minigames,4WINS.VMI,4WINS.VMS,GAME_4WINS,,"4 Wins: You all know the principle of 4 wins: 2 players put chips into several columns. The chips fall down, the first player who got at least 4 of his chips in a row(diagonal, vertical or horizontal) wins.",yes
VMU Mini Games,minigames,ALNFIGHT.VMI,ALNFIGHT.VMS,ALIENFIGHTER,,"Alien Fighter: This game is a vertical scrolling shooter. You have to move your ship through tight passages, destroy cannons, ships and avoid bombs. Included are 4 levels of action.",yes
VMU Mini Games,minigames,FATRAIN.VMI,FATRAIN.VMS,FATRAIN,,Fat Rain: Big Joce is sitting in the background and spits several sweets and bombs. You control a little man at the bottom and have to catch the sweets (not the bombs!) before they fell at the bottom.,yes
VMU Mini Games,minigames,GLUCKY.VMI,GLUCKY.VMS,GLUCKYLABY,,"Glucky Labyrinth: You are stuck in a building of several floors with each floor being a labyrinth of corridors. What you have to do is, find the exit of each labyrint to the next floor unti you reach the top. There are maps to find for each floor.",yes
VMU Mini Games,minigames,IDOUDO.VMI,IDOUDO.VMS,IDO,,"I do, U do: I simon says style game for the dreamcast VMU.",yes
VMU Mini Games,minigames,SI.VMI,SI.VMS,SPACEINV,,Space Invaders: Aliens are invading our solar system and you are earth's only hope.,yes
VMU Mini Games,minigames,LOGIC.VMI,LOGIC.VMS,LOGIC,,Logic: A very short game. No sound or savegame support. No menu and playing instructions.,yes
VMU Mini Games,minigames,MINE.VMI,MINE.VMS,MINESWEEPER,,"Minesweeper: An adaption of the classic minesweeper game for the VM. You got a board with 5x6 hidden fields. At the beginning, you can choose how many bombs(2-9) are hidden in the board. You have to open all fields, except the ones holding bombs.",yes
VMU Mini Games,minigames,PACMAN.VMI,PACMAN.VMS,PACMAN,,"VMU Mini Pacman: The classic PACMAN. You, beeing a hungry spot, have to eat through 2D labyrints and avoid ghosts. Hidden passages, special items make it very exciting.",yes
VMU Mini Games,minigames,PAPER.VMI,PAPER.VMS,PAPER,,Paper Attack: A horizontal scrolling shooter. You can move your ship up and down and fire at flying rocks or bomb all out of the screen(limited amount).,yes
VMU Mini Games,minigames,POWERSTN.VMI,POWERSTN.VMS,POWERSTONE,,"Powerstone mini, by Capcom.",yes
VMU Mini Games,minigames,SCALIBU.VMI,SCALIBU.VMS,SOULCALIBUR,,"SoulCalibur, by Namco. A collection of 3 nice minigames.",yes
VMU Mini Games,minigames,SKETCH.VMI,SKETCH.VMS,SKETCH,,"VM-a-Sketch: Sorry, but I don't know what this game is about. Those who know Etch-a-Sketch or what will be able to use it. Seems somewhat similar to snake.",yes
VMU Mini Games,minigames,SLIDEPUZ.VMI,SLIDEPUZ.VMS,SLIDEPUZZLE,,"Slidepuzzle: The classic slide puzzle game you all might know. A board with 4x6 fields with numbers of the wrong number need to be slided in the right order. One field is empty, to allow sliding.",yes
VMU Mini Games,minigames,SNAKY.VMI,SNAKY.VMS,SNAKY,,Snaky: An adaption of the classic game snake. You have to move the snake to not let it touch a wall or itself. The snake gets longer and longer. Several levels with increasing difficulty.,yes
VMU Mini Games,minigames,SOUND.VMI,SOUND.VMS,SOUND_DEMO_1,,Sound Demo v1.0: Let's you generate all tones that the VMS can do. Explains the sound generation possibilities.,yes
VMU Mini Games,minigames,SWAMPY.VMI,SWAMPY.VMS,SWAMPY,,Swampy: This is a tricky game. Imagine having a set of stones laying on the ground. Starting on one stone you have to jump on every other stone exact one time. You can only jump to neighbor stones. Lots of levels are included.,yes
VMU Mini Games,minigames,TETRIS.VMI,TETRIS.VMS,TETRIS,,"Tiny Tetris: The classic game tetris! Several types of block are falling from the top. You can turn them and move them to the left or right. The goal is to not let the screen fill up with block. One line disappears, when it's totally black.",yes
VMU Mini Games,minigames,DANGELO.VMI,DANGELO.VMS,DEMOMOVIE,,"D'Angelo music video. really an amazing video, captured from the music video ""Untitled"" by D'Angelo.",yes
VMU Mini Games,minigames,E0.VMI,E0.VMS,DEMOMOVIE,,"Enemy Zero training video. Yes, see me killing the first alien of E0's training! Not suited for VM that much like the videos above.",yes
VMU Mini Games,minigames,GREY.VMI,GREY.VMS,GREYSCALE,,"fotoshow. A demo showing the power of the greyscale extension for B-movie;)v1.x. You won't believe to see this on VM! Images are not displayed just black and white, it's an attempt to make images more foto-realistic.",yes
VMU Mini Games,minigames,MICHAEL.VMI,MICHAEL.VMS,DEMOMOVIE,,"Michael Jackson music video. also very cool, captured from the music video ""You rock my world"" by Michael Jackson.",yes
VMU Mini Games,minigames,PROMO.VMI,PROMO.VMS,DEMOMOVIE,,promotion video. introduces some features of B-movie;) compression.,yes
VMU Mini Games,minigames,RISE.VMI,RISE.VMS,DEMOMOVIE,,sun & moon rise. Nothing to add to the title. Also made with Flash. B-movie;)v1.2,yes
VMU Mini Games,minigames,CIRCLES.VMI,CIRCLES.VMS,DEMOMOVIE,,"circles. Nothing special, just used Flash to make this movie. B-movie;)v1.2",yes
VMU Mini Games,minigames,00003831.VMI,00003831.VMS,DC_ANIM.EXE,,Alien Shooter. Author: Loren Peace,yes
VMU Mini Games,minigames,00006003.VMI,00006003.VMS,DC_ANIM.EXE,,Dragon Ball Z. Author: Brian Siklinski,yes
VMU Mini Games,minigames,00003096.VMI,00003096.VMS,DC_ANIM.EXE,,Kill Hyman. Author: Loren Peace,yes
VMU Mini Games,minigames,00003910.VMI,00003910.VMS,DC_ANIM.EXE,,Lightsabre Battle. Author: Ryan J,yes
VMU Mini Games,minigames,00004662.VMI,00004662.VMS,DC_ANIM.EXE,,Neko 2.2. Author: Unknown,yes
VMU Mini Games,minigames,00004276.VMI,00004276.VMS,DC_ANIM.EXE,,Simon/Bryan. Author: Bryan Crow,yes
VMU Mini Games,minigames,00003291.VMI,00003291.VMS,DC_ANIM.EXE,,Star Wars. Author: Ryan Jordan,yes
VMU Mini Games,minigames,00001870.VMI,00001870.VMS,DC_ANIM.EXE,,Supercross VMU. Author: Unknown,yes
VMU Mini Games,minigames,00004271.VMI,00004271.VMS,DC_ANIM.EXE,,VMU Fighter. Author: Unknown,yes
VMU Mini Games,minigames,4001.VMI,4001.VMS,SHENMUE,,Shenmue mini game.,yes
VMU Mini Games,minigames,4004.VMI,4004.VMS,SEGA_GT,,SEGA GT mini game.,yes
VMU Mini Games,minigames,4007.VMI,4007.VMS,M_VS_C2,,Marvel vs. Capcom 2 mini game.,yes
VMU Mini Games,minigames,4008.VMI,4008.VMS,POWSTONE2JP,,"Power Stone 2 mini game, japanese version.",yes
VMU Mini Games,minigames,BREAKOUT.VMI,BREAKOUT.VMS,BREAKOUT,,VMU Breakout by MJ,yes
VMU Mini Games,minigames,GODZILLA.VMI,GODZILLA.VMS,GODZILLA,,Godzilla mini game by SEGA.,yes
VMU Mini Games,minigames,CHAO2.VMI,CHAO2.VMS,CHAOEDIT2,,Chao Editor 2 by Tyro.,yes
VMU Mini Games,minigames,CHAOEDIT.VMI,CHAOEDIT.VMS,CHAOEDIT,,Chao Editor by Tyro.,yes
VMU Mini Games,minigames,DRACER.VMI,DRACER.VMS,D_RACER,,Dream Racer.,yes
VMU Mini Games,minigames,FROG.VMI,FROG.VMS,FROG,,Frog in a blender.,yes
VMU Mini Games,minigames,FSKATER.VMI,FSKATER.VMS,FREAKSKATE,,Freak Skater,yes
VMU Mini Games,minigames,JOJO.VMI,JOJO.VMS,JOJOPROB,,Jojo's Problem,yes
VMU Mini Games,minigames,KITTYCAT.VMI,KITTYCAT.VMS,HELLO_KITTY,,Hello Kitty mini game.,yes
VMU Mini Games,minigames,MINICLOC.VMI,MINICLOC.VMS,LIN_WATCH,,Linear's Watch.,yes
VMU Mini Games,minigames,POPMUSI1.VMI,POPMUSI1.VMS,POPMUSIC1,,Pop n Music Vol 1 mini game.,yes
VMU Mini Games,minigames,POPMUSI2.VMI,POPMUSI2.VMS,POPMUSIC2,,Pop n Music Vol 2 mini game.,yes
VMU Mini Games,minigames,POPMUSI3.VMI,POPMUSI3.VMS,POPMUSIC3,,Pop n Music Vol 3 mini game.,yes
VMU Mini Games,minigames,PSOID.VMI,PSOID.VMS,PSOIDCALC,,PSO ID Calculator,yes
VMU Mini Games,minigames,PSOPUZZL.VMI,PSOPUZZL.VMS,SPUZZLE,,PSO Slide Puzzle.,yes
VMU Mini Games,minigames,SOUL2ADV.VMI,SOUL2ADV.VMS,SOULC2ADV,,Soul Calibur 2 Adventure mini game by Namco.,yes
VMU Mini Games,minigames,TOKYOCAR.VMI,TOKYOCAR.VMS,TOKYOCAR,,Tokyo Car race.,yes
VMU Mini Games,minigames,VISION1.VMI,VISION1.VMS,VMUVISION,,VMU Vision by Tyro.,yes
VMU Mini Games,minigames,VMFL_073.VMI,VMFL_073.VMS,CHAO_ADV,,Chao Adventure by SEGA.,yes
VMU Mini Games,minigames,VMFL_081.VMI,VMFL_081.VMS,TECHROMANCER,,Tech Romancer mini game.,yes
VMU Mini Games,minigames,VMFL_084.VMI,VMFL_084.VMS,CLIMAX,,Climax Landers mini game.,yes
VMU Mini Games,minigames,VMWBP.VMI,VMWBP.VMS,WHEREBRUCE,,Where's Bruce?,yes
VMU Mini Games,minigames,ZUQIU.VMI,ZUQIU.VMS,FOOTBALL,,VMU Football mini game.,yes
VMU Mini Games,minigames,SCCBRK.VMI,SCCBRK.VMS,CARDCAPTOR,,Sakura Card Captors Breakout mini game.,yes
VMU Mini Games,minigames,FASTFURI.VMI,FASTFURI.VMS,FASTNFURIOUS,,The Fast and the Furious vmu animation by Kalin Krastev,yes
VMU Mini Games,minigames,MATRXRLD.VMI,MATRXRLD.VMS,MATRIXRELOAD,,Matrix Reloaded vmu animation by Kalin Krastev,yes
VMU Mini Games,minigames,PQ_NTSC.VMI,PQ_NTSC.VMS,S.ARCADIA_VM,,"Skies of Arcadia Pinta's Quest (NTSC). Map 100% open, level 1.",yes
VMU Mini Games,minigames,PQ_PAL.VMI,PQ_PAL.VMS,S.ARCADIA_VM,,"Skies of Arcadia Pinta's Quest (PAL). Map 20% open, level 1.",yes
VMU Mini Games,minigames,SOAMINI.VMI,SOAMINI.VMS,S.ARCADIA_VM,,Skies of Arcadia mini game Pinta's Quest by SEGA,yes
disc_bs_minigames,disc_bs_minigames,bs_action_game0003.vmi,bs_action_game0003.VMS,DC_ANIM.EXE,,DREAM MONSTERS (action) [source: Blue Swirl collection / Rockin'-B games on the VMU Tool disc; (c) 2006 Blue Swirl],yes
disc_bs_minigames,disc_bs_minigames,bs_action_game0004.vmi,bs_action_game0004.VMS,DC_ANIM.EXE,,DUNAR FIGHTER (action) [source: Blue Swirl collection / Rockin'-B games on the VMU Tool disc; (c) 2006 Blue Swirl],yes
disc_bs_minigames,disc_bs_minigames,bs_action_game0005.vmi,bs_action_game0005.VMS,DC_ANIM.EXE,,JAMES BOND (action) [source: Blue Swirl collection / Rockin'-B games on the VMU Tool disc; (c) 2006 Blue Swirl],yes
disc_bs_minigames,disc_bs_minigames,bs_action_game0006.vmi,bs_action_game0006.VMS,DC_ANIM.EXE,,KILL'EM ALL (action) [source: Blue Swirl collection / Rockin'-B games on the VMU Tool disc; (c) 2006 Blue Swirl],yes
disc_bs_minigames,disc_bs_minigames,bs_action_game0008.vmi,bs_action_game0008.VMS,DC_ANIM.EXE,,MEGAMAN VMU BATTLE (action) [source: Blue Swirl collection / Rockin'-B games on the VMU Tool disc; (c) 2006 Blue Swirl],yes
disc_bs_minigames,disc_bs_minigames,bs_action_game0009.vmi,bs_action_game0009.VMS,DC_ANIM.EXE,,METAL GEAR STEALTH (action) [source: Blue Swirl collection / Rockin'-B games on the VMU Tool disc; (c) 2006 Blue Swirl],yes
disc_bs_minigames,disc_bs_minigames,bs_action_game0010.vmi,bs_action_game0010.VMS,DC_ANIM.EXE,,METROID (action) [source: Blue Swirl collection / Rockin'-B games on the VMU Tool disc; (c) 2006 Blue Swirl],yes
disc_bs_minigames,disc_bs_minigames,bs_action_game0012.vmi,bs_action_game0012.VMS,DC_ANIM.EXE,,RAINBOW SIX (action) [source: Blue Swirl collection / Rockin'-B games on the VMU Tool disc; (c) 2006 Blue Swirl],yes
disc_bs_minigames,disc_bs_minigames,bs_action_game0013.vmi,bs_action_game0013.VMS,DC_ANIM.EXE,,REVENGE (action) [source: Blue Swirl collection / Rockin'-B games on the VMU Tool disc; (c) 2006 Blue Swirl],yes
disc_bs_minigames,disc_bs_minigames,bs_action_game0015.vmi,bs_action_game0015.VMS,DC_ANIM.EXE,,TERA (action) [source: Blue Swirl collection / Rockin'-B games on the VMU Tool disc; (c) 2006 Blue Swirl],yes
disc_bs_minigames,disc_bs_minigames,bs_action_game0016.vmi,bs_action_game0016.VMS,DC_ANIM.EXE,,TIME CRISIS (action) [source: Blue Swirl collection / Rockin'-B games on the VMU Tool disc; (c) 2006 Blue Swirl],yes
disc_bs_minigames,disc_bs_minigames,bs_action_game0017.vmi,bs_action_game0017.VMS,DC_ANIM.EXE,,TIME SHOOTER (action) [source: Blue Swirl collection / Rockin'-B games on the VMU Tool disc; (c) 2006 Blue Swirl],yes
disc_bs_minigames,disc_bs_minigames,bs_action_game0018.vmi,bs_action_game0018.VMS,DC_ANIM.EXE,,TRIGGER FRONT 1 (action) [source: Blue Swirl collection / Rockin'-B games on the VMU Tool disc; (c) 2006 Blue Swirl],yes
disc_bs_minigames,disc_bs_minigames,bs_action_game0019.vmi,bs_action_game0019.VMS,DC_ANIM.EXE,,TRIGGER FRONT 2 (action) [source: Blue Swirl collection / Rockin'-B games on the VMU Tool disc; (c) 2006 Blue Swirl],yes
disc_bs_minigames,disc_bs_minigames,bs_action_game0020.vmi,bs_action_game0020.VMS,DC_ANIM.EXE,,TRIGGER FRONT 3-4 (action) [source: Blue Swirl collection / Rockin'-B games on the VMU Tool disc; (c) 2006 Blue Swirl],yes
disc_bs_minigames,disc_bs_minigames,bs_action_game0021.vmi,bs_action_game0021.VMS,DC_ANIM.EXE,,VIRTUA COP (action) [source: Blue Swirl collection / Rockin'-B games on the VMU Tool disc; (c) 2006 Blue Swirl],yes
disc_bs_minigames,disc_bs_minigames,bs_adventure_game0001.vmi,bs_adventure_game0001.VMS,DC_ANIM.EXE,,FOREVER LEGEND POCKET (adventure) [source: Blue Swirl collection / Rockin'-B games on the VMU Tool disc; (c) 2006 Blue Swirl],yes
disc_bs_minigames,disc_bs_minigames,bs_arcade_game0003.vmi,bs_arcade_game0003.VMS,DC_ANIM.EXE,,DANCE DANCE (arcade) [source: Blue Swirl collection / Rockin'-B games on the VMU Tool disc; (c) 2006 Blue Swirl],yes
disc_bs_minigames,disc_bs_minigames,bs_arcade_game0009.vmi,bs_arcade_game0009.VMS,DC_ANIM.EXE,,QTE (arcade) [source: Blue Swirl collection / Rockin'-B games on the VMU Tool disc; (c) 2006 Blue Swirl],yes
disc_bs_minigames,disc_bs_minigames,bs_arcade_game0011.vmi,bs_arcade_game0011.VMS,SNAKE,,SNAKE (arcade) [source: Blue Swirl collection / Rockin'-B games on the VMU Tool disc; (c) 2006 Blue Swirl],yes
disc_bs_minigames,disc_bs_minigames,bs_arcade_game0012.vmi,bs_arcade_game0012.VMS,SNAKY,,SNAKY! (arcade) [source: Blue Swirl collection / Rockin'-B games on the VMU Tool disc; (c) 2006 Blue Swirl],yes
disc_bs_minigames,disc_bs_minigames,bs_arcade_game0015.vmi,bs_arcade_game0015.VMS,VMU_MINIGAME,,TRICKSTYLE JR VMU GAME (arcade) [source: Blue Swirl collection / Rockin'-B games on the VMU Tool disc; (c) 2006 Blue Swirl],yes
disc_bs_minigames,disc_bs_minigames,bs_clock_game0001.vmi,bs_clock_game0001.VMS,VMU_MINIGAME,,CC SAKURA (KERO) (clock) [source: Blue Swirl collection / Rockin'-B games on the VMU Tool disc; (c) 2006 Blue Swirl],yes
disc_bs_minigames,disc_bs_minigames,bs_clock_game0002.vmi,bs_clock_game0002.VMS,VMU_MINIGAME,,CC SAKURA (LI) (clock) [source: Blue Swirl collection / Rockin'-B games on the VMU Tool disc; (c) 2006 Blue Swirl],yes
disc_bs_minigames,disc_bs_minigames,bs_clock_game0003.vmi,bs_clock_game0003.VMS,VMU_MINIGAME,,CC SAKURA (SAKURA) (clock) [source: Blue Swirl collection / Rockin'-B games on the VMU Tool disc; (c) 2006 Blue Swirl],yes
disc_bs_minigames,disc_bs_minigames,bs_clock_game0004.vmi,bs_clock_game0004.VMS,VMU_MINIGAME,,CC SAKURA (TOMOYO) (clock) [source: Blue Swirl collection / Rockin'-B games on the VMU Tool disc; (c) 2006 Blue Swirl],yes
disc_bs_minigames,disc_bs_minigames,bs_demo_game0001.vmi,bs_demo_game0001.VMS,VMU_MINIGAME,,ARROW (demo) [source: Blue Swirl collection / Rockin'-B games on the VMU Tool disc; (c) 2006 Blue Swirl],yes
disc_bs_minigames,disc_bs_minigames,bs_demo_game0002.vmi,bs_demo_game0002.VMS,VMU_MINIGAME,,ROTOZOOM (demo) [source: Blue Swirl collection / Rockin'-B games on the VMU Tool disc; (c) 2006 Blue Swirl],yes
disc_bs_minigames,disc_bs_minigames,bs_demo_game0003.vmi,bs_demo_game0003.VMS,DC_ANIM.EXE,,SAMPLE (demo) [source: Blue Swirl collection / Rockin'-B games on the VMU Tool disc; (c) 2006 Blue Swirl],yes
disc_bs_minigames,disc_bs_minigames,bs_demo_game0004.vmi,bs_demo_game0004.VMS,VMU_MINIGAME,,SCROLL (demo) [source: Blue Swirl collection / Rockin'-B games on the VMU Tool disc; (c) 2006 Blue Swirl],yes
disc_bs_minigames,disc_bs_minigames,bs_demo_game0005.vmi,bs_demo_game0005.VMS,VMU_MINIGAME,,SOUND 1 (demo) [source: Blue Swirl collection / Rockin'-B games on the VMU Tool disc; (c) 2006 Blue Swirl],yes
disc_bs_minigames,disc_bs_minigames,bs_demo_game0006.vmi,bs_demo_game0006.VMS,VMU_MINIGAME,,SOUND 2 (demo) [source: Blue Swirl collection / Rockin'-B games on the VMU Tool disc; (c) 2006 Blue Swirl],yes
disc_bs_minigames,disc_bs_minigames,bs_demo_game0007.vmi,bs_demo_game0007.VMS,SOUND,,SOUND 3 (demo) [source: Blue Swirl collection / Rockin'-B games on the VMU Tool disc; (c) 2006 Blue Swirl],yes
disc_bs_minigames,disc_bs_minigames,bs_interanim_game0001.vmi,bs_interanim_game0001.VMS,DC_ANIM.EXE,,3D FPS (interanim) [source: Blue Swirl collection / Rockin'-B games on the VMU Tool disc; (c) 2006 Blue Swirl],yes
disc_bs_minigames,disc_bs_minigames,bs_interanim_game0002.vmi,bs_interanim_game0002.VMS,DC_ANIM.EXE,,AIR DISASTER (interanim) [source: Blue Swirl collection / Rockin'-B games on the VMU Tool disc; (c) 2006 Blue Swirl],yes
disc_bs_minigames,disc_bs_minigames,bs_interanim_game0003.vmi,bs_interanim_game0003.VMS,DC_ANIM.EXE,,BUFFY (interanim) [source: Blue Swirl collection / Rockin'-B games on the VMU Tool disc; (c) 2006 Blue Swirl],yes
disc_bs_minigames,disc_bs_minigames,bs_interanim_game0004.vmi,bs_interanim_game0004.VMS,DC_ANIM.EXE,,CHUCHU (interanim) [source: Blue Swirl collection / Rockin'-B games on the VMU Tool disc; (c) 2006 Blue Swirl],yes
disc_bs_minigames,disc_bs_minigames,bs_interanim_game0007.vmi,bs_interanim_game0007.VMS,DC_ANIM.EXE,,JIM LIGHT (interanim) [source: Blue Swirl collection / Rockin'-B games on the VMU Tool disc; (c) 2006 Blue Swirl],yes
disc_bs_minigames,disc_bs_minigames,bs_interanim_game0009.vmi,bs_interanim_game0009.VMS,DC_ANIM.EXE,,MUDDY SAYS (interanim) [source: Blue Swirl collection / Rockin'-B games on the VMU Tool disc; (c) 2006 Blue Swirl],yes
disc_bs_minigames,disc_bs_minigames,bs_interanim_game0010.vmi,bs_interanim_game0010.VMS,DC_ANIM.EXE,,OUTRUN (interanim) [source: Blue Swirl collection / Rockin'-B games on the VMU Tool disc; (c) 2006 Blue Swirl],yes
disc_bs_minigames,disc_bs_minigames,bs_interanim_game0011.vmi,bs_interanim_game0011.VMS,DC_ANIM.EXE,,SHELL (interanim) [source: Blue Swirl collection / Rockin'-B games on the VMU Tool disc; (c) 2006 Blue Swirl],yes
disc_bs_minigames,disc_bs_minigames,bs_interanim_game0012.vmi,bs_interanim_game0012.VMS,DC_ANIM.EXE,,SNIPER (interanim) [source: Blue Swirl collection / Rockin'-B games on the VMU Tool disc; (c) 2006 Blue Swirl],yes
disc_bs_minigames,disc_bs_minigames,bs_interanim_game0013.vmi,bs_interanim_game0013.VMS,DC_ANIM.EXE,,VMU 8 BALL (interanim) [source: Blue Swirl collection / Rockin'-B games on the VMU Tool disc; (c) 2006 Blue Swirl],yes
disc_bs_minigames,disc_bs_minigames,bs_interanim_game0014.vmi,bs_interanim_game0014.VMS,DC_ANIM.EXE,,VMU ADVENTURE (interanim) [source: Blue Swirl collection / Rockin'-B games on the VMU Tool disc; (c) 2006 Blue Swirl],yes
disc_bs_minigames,disc_bs_minigames,bs_interanim_game0015.vmi,bs_interanim_game0015.VMS,DC_ANIM.EXE,,VMU DICE (interanim) [source: Blue Swirl collection / Rockin'-B games on the VMU Tool disc; (c) 2006 Blue Swirl],yes
disc_bs_minigames,disc_bs_minigames,bs_misc_game0002.vmi,bs_misc_game0002.VMS,SONIC2____VM,,CHAO ADVENTURE 2 (EN) (misc) [source: Blue Swirl collection / Rockin'-B games on the VMU Tool disc; (c) 2006 Blue Swirl],yes
disc_bs_minigames,disc_bs_minigames,bs_misc_game0003.vmi,bs_misc_game0003.VMS,SONIC2____VM,,CHAO ADVENTURE 2 (FR) (misc) [source: Blue Swirl collection / Rockin'-B games on the VMU Tool disc; (c) 2006 Blue Swirl],yes
disc_bs_minigames,disc_bs_minigames,bs_misc_game0006.vmi,bs_misc_game0006.VMS,GODZILLA,,GODZILLA (misc) [source: Blue Swirl collection / Rockin'-B games on the VMU Tool disc; (c) 2006 Blue Swirl],yes
disc_bs_minigames,disc_bs_minigames,bs_misc_game0012.vmi,bs_misc_game0012.VMS,BS__MINIGAME,,POCKET GT (EU) (misc) [source: Blue Swirl collection / Rockin'-B games on the VMU Tool disc; (c) 2006 Blue Swirl],yes
disc_bs_minigames,disc_bs_minigames,bs_misc_game0013.vmi,bs_misc_game0013.VMS,VMU_MINIGAME,,POCKET GT (JAP) (misc) [source: Blue Swirl collection / Rockin'-B games on the VMU Tool disc; (c) 2006 Blue Swirl],yes
disc_bs_minigames,disc_bs_minigames,bs_misc_game0014.vmi,bs_misc_game0014.VMS,VMU_MINIGAME,,POCKET GT (USA) (misc) [source: Blue Swirl collection / Rockin'-B games on the VMU Tool disc; (c) 2006 Blue Swirl],yes
disc_bs_minigames,disc_bs_minigames,bs_misc_game0015.vmi,bs_misc_game0015.VMS,POWERSTONE,,POWERSTONE MINI (misc) [source: Blue Swirl collection / Rockin'-B games on the VMU Tool disc; (c) 2006 Blue Swirl],yes
disc_bs_minigames,disc_bs_minigames,bs_misc_game0017.vmi,bs_misc_game0017.VMS,VMU_MINIGAME,,ROAD KILL (misc) [source: Blue Swirl collection / Rockin'-B games on the VMU Tool disc; (c) 2006 Blue Swirl],yes
disc_bs_minigames,disc_bs_minigames,bs_misc_game0021.vmi,bs_misc_game0021.VMS,DC_ANIM.EXE,,VIRTUAL TEACHER (misc) [source: Blue Swirl collection / Rockin'-B games on the VMU Tool disc; (c) 2006 Blue Swirl],yes
disc_bs_minigames,disc_bs_minigames,bs_misc_game0023.vmi,bs_misc_game0023.VMS,ZOMBIE_U__VM,,ZOMBIE REVENGE (misc) [source: Blue Swirl collection / Rockin'-B games on the VMU Tool disc; (c) 2006 Blue Swirl],yes
disc_bs_minigames,disc_bs_minigames,bs_misc_game0024.vmi,bs_misc_game0024.VMS,PSO_ID_CALC,,PSO VMU ID Calculator (Beta 0.6) (misc) [source: Blue Swirl collection / Rockin'-B games on the VMU Tool disc; (c) 2006 Blue Swirl],yes
disc_bs_minigames,disc_bs_minigames,bs_rockin_b_3d.vmi,bs_rockin_b_3d.VMS,TINY3DENGINE,,Tiny 3D Engine (rockin_b) [source: Blue Swirl collection / Rockin'-B games on the VMU Tool disc; (c) 2006 Blue Swirl],yes
disc_bs_minigames,disc_bs_minigames,bs_rockin_b_allstars.vmi,bs_rockin_b_allstars.VMS,VMU_ALLSTARS,,VMU All Stars 1 (rockin_b) [source: Blue Swirl collection / Rockin'-B games on the VMU Tool disc; (c) 2006 Blue Swirl],yes
disc_bs_minigames,disc_bs_minigames,bs_rockin_b_pcv09b.vmi,bs_rockin_b_pcv09b.VMS,PCV09BETA,,Pocket Calculator (rockin_b) [source: Blue Swirl collection / Rockin'-B games on the VMU Tool disc; (c) 2006 Blue Swirl],yes
disc_bs_minigames,disc_bs_minigames,bs_rockin_b_sg2.vmi,bs_rockin_b_sg2.VMS,SHENMUE2,,Shenmue Goodies 2 (rockin_b) [source: Blue Swirl collection / Rockin'-B games on the VMU Tool disc; (c) 2006 Blue Swirl],yes
disc_bs_minigames,disc_bs_minigames,bs_sport_game0001.vmi,bs_sport_game0001.VMS,DC_ANIM.EXE,,BASKETBALL (sport) [source: Blue Swirl collection / Rockin'-B games on the VMU Tool disc; (c) 2006 Blue Swirl],yes
disc_bs_minigames,disc_bs_minigames,bs_sport_game0002.vmi,bs_sport_game0002.VMS,DC_ANIM.EXE,,BOXING (sport) [source: Blue Swirl collection / Rockin'-B games on the VMU Tool disc; (c) 2006 Blue Swirl],yes
disc_bs_minigames,disc_bs_minigames,bs_sport_game0005.vmi,bs_sport_game0005.VMS,DC_ANIM.EXE,,JIM BOWL (sport) [source: Blue Swirl collection / Rockin'-B games on the VMU Tool disc; (c) 2006 Blue Swirl],yes
disc_bs_minigames,disc_bs_minigames,bs_strategy_game0001.vmi,bs_strategy_game0001.VMS,4_WINS,,4 WINS (strategy) [source: Blue Swirl collection / Rockin'-B games on the VMU Tool disc; (c) 2006 Blue Swirl],yes
disc_bs_minigames,disc_bs_minigames,bs_strategy_game0002.vmi,bs_strategy_game0002.VMS,VMU_MINIGAME,,CC SAKURA (OYATU) (strategy) [source: Blue Swirl collection / Rockin'-B games on the VMU Tool disc; (c) 2006 Blue Swirl],yes
disc_bs_minigames,disc_bs_minigames,bs_strategy_game0003.vmi,bs_strategy_game0003.VMS,VMU_MINIGAME,,CC SAKURA (TOBAKERO) (strategy) [source: Blue Swirl collection / Rockin'-B games on the VMU Tool disc; (c) 2006 Blue Swirl],yes
disc_bs_minigames,disc_bs_minigames,bs_strategy_game0004.vmi,bs_strategy_game0004.VMS,DC_ANIM.EXE,,GUESS THAT SQUARE (strategy) [source: Blue Swirl collection / Rockin'-B games on the VMU Tool disc; (c) 2006 Blue Swirl],yes
disc_bs_minigames,disc_bs_minigames,bs_strategy_game0006.vmi,bs_strategy_game0006.VMS,LIGHT,,LIGHT (strategy) [source: Blue Swirl collection / Rockin'-B games on the VMU Tool disc; (c) 2006 Blue Swirl],yes
disc_bs_minigames,disc_bs_minigames,bs_strategy_game0007.vmi,bs_strategy_game0007.VMS,LOGIC,,LOGIC (strategy) [source: Blue Swirl collection / Rockin'-B games on the VMU Tool disc; (c) 2006 Blue Swirl],yes
disc_vm2_minigames,disc_vm2_minigames,vm2_asagiri_ayame_clock.vmi,vm2_asagiri_ayame_clock.VMS,MABOROSI_C1+,,Asagiri Ayame Clock (vm2) [source: game pack bundled with the VM2 organizer; community and fan VMU games],yes
disc_vm2_minigames,disc_vm2_minigames,vm2_asagiri_minami_clock.vmi,vm2_asagiri_minami_clock.VMS,MABOROSI_C2+,,Asagiri Minami Clock (vm2) [source: game pack bundled with the VM2 organizer; community and fan VMU games],yes
disc_vm2_minigames,disc_vm2_minigames,vm2_asonde_kid_dc_dc.vmi,vm2_asonde_kid_dc_dc.VMS,ASONDEKID_VM,,Asonde Kid DC DC (vm2) [source: game pack bundled with the VM2 organizer; community and fan VMU games],yes
disc_vm2_minigames,disc_vm2_minigames,vm2_atsumete_godzilla.vmi,vm2_atsumete_godzilla.VMS,GODZILLA,,Atsumete Godzilla (vm2) [source: game pack bundled with the VM2 organizer; community and fan VMU games],yes
disc_vm2_minigames,disc_vm2_minigames,vm2_bababa_battle.vmi,vm2_bababa_battle.VMS,REALSOUND_VM,,Bababa Battle (vm2) [source: game pack bundled with the VM2 organizer; community and fan VMU games],yes
disc_vm2_minigames,disc_vm2_minigames,vm2_bass_rush_mini.vmi,vm2_bass_rush_mini.VMS,BASSRUSH._VM,,Bass Rush Mini (vm2) [source: game pack bundled with the VM2 organizer; community and fan VMU games],yes
disc_vm2_minigames,disc_vm2_minigames,vm2_beam_force.vmi,vm2_beam_force.VMS,EVE0_BF_._VM,,Beam Force (vm2) [source: game pack bundled with the VM2 organizer; community and fan VMU games],yes
disc_vm2_minigames,disc_vm2_minigames,vm2_chiisana_kotori_uranai.vmi,vm2_chiisana_kotori_uranai.VMS,ONSEN_URA_VM,,Chiisana Kotori Uranai (vm2) [source: game pack bundled with the VM2 organizer; community and fan VMU games],yes
disc_vm2_minigames,disc_vm2_minigames,vm2_climax_editor_1.vmi,vm2_climax_editor_1.VMS,EDITOR_U._VM,,Climax Editor 1 (vm2) [source: game pack bundled with the VM2 organizer; community and fan VMU games],yes
disc_vm2_minigames,disc_vm2_minigames,vm2_climax_editor_2.vmi,vm2_climax_editor_2.VMS,EDITNAME._VM,,Climax Editor 2 (vm2) [source: game pack bundled with the VM2 organizer; community and fan VMU games],yes
disc_vm2_minigames,disc_vm2_minigames,vm2_coji_coji_watch.vmi,vm2_coji_coji_watch.VMS,COJICOJI._VM,,Coji Coji Watch (vm2) [source: game pack bundled with the VM2 organizer; community and fan VMU games],yes
disc_vm2_minigames,disc_vm2_minigames,vm2_collect_gachara.vmi,vm2_collect_gachara.VMS,RENTA1GMG_VM,,Collect Gachara (vm2) [source: game pack bundled with the VM2 organizer; community and fan VMU games],yes
disc_vm2_minigames,disc_vm2_minigames,vm2_culdcept_2_pocket_book.vmi,vm2_culdcept_2_pocket_book.VMS,CULDCEPT2_VM,,Culdcept 2 Pocket Book (vm2) [source: game pack bundled with the VM2 organizer; community and fan VMU games],yes
disc_vm2_minigames,disc_vm2_minigames,vm2_dungeon_iv.vmi,vm2_dungeon_iv.VMS,TSUYU4U_._VM,,Dungeon IV (vm2) [source: game pack bundled with the VM2 organizer; community and fan VMU games],yes
disc_vm2_minigames,disc_vm2_minigames,vm2_f_san_gogo.vmi,vm2_f_san_gogo.VMS,RENTA1GMF_VM,,F San Gogo (vm2) [source: game pack bundled with the VM2 organizer; community and fan VMU games],yes
disc_vm2_minigames,disc_vm2_minigames,vm2_fsync2.vmi,vm2_fsync2.VMS,Frame Sy,,FSYNC2 (vm2) [source: game pack bundled with the VM2 organizer; community and fan VMU games],yes
disc_vm2_minigames,disc_vm2_minigames,vm2_flappy_bird.vmi,vm2_flappy_bird.VMS,FLPPYBRD,,Flappy Bird (vm2) [source: game pack bundled with the VM2 organizer; community and fan VMU games],yes
disc_vm2_minigames,disc_vm2_minigames,vm2_gamera_dream_battle.vmi,vm2_gamera_dream_battle.VMS,GAMERADBTVMS,,Gamera Dream Battle (vm2) [source: game pack bundled with the VM2 organizer; community and fan VMU games],yes
disc_vm2_minigames,disc_vm2_minigames,vm2_giant_channel.vmi,vm2_giant_channel.VMS,GIANTGRAM_V+,,Giant Channel (vm2) [source: game pack bundled with the VM2 organizer; community and fan VMU games],yes
disc_vm2_minigames,disc_vm2_minigames,vm2_gose_satsuki_clock.vmi,vm2_gose_satsuki_clock.VMS,MABOROSI_C9+,,Gose Satsuki Clock (vm2) [source: game pack bundled with the VM2 organizer; community and fan VMU games],yes
disc_vm2_minigames,disc_vm2_minigames,vm2_heartful_catch.vmi,vm2_heartful_catch.VMS,MARICOMP__VM,,Heartful Catch (vm2) [source: game pack bundled with the VM2 organizer; community and fan VMU games],yes
disc_vm2_minigames,disc_vm2_minigames,vm2_hello_kitty_diet_room.vmi,vm2_hello_kitty_diet_room.VMS,KITTYSND._VM,,Hello Kitty Diet Room (vm2) [source: game pack bundled with the VM2 organizer; community and fan VMU games],yes
disc_vm2_minigames,disc_vm2_minigames,vm2_imuppi.vmi,vm2_imuppi.VMS,PLUTO_IMUPPI,,Imuppi (vm2) [source: game pack bundled with the VM2 organizer; community and fan VMU games],yes
disc_vm2_minigames,disc_vm2_minigames,vm2_jet_set_radio_graffiti_dl_tool.vmi,vm2_jet_set_radio_graffiti_dl_tool.VMS,JETSET____VM,,Jet Set Radio Graffiti DL Tool (vm2) [source: game pack bundled with the VM2 organizer; community and fan VMU games],yes
disc_vm2_minigames,disc_vm2_minigames,vm2_kotodamashi_encyclopedia.vmi,vm2_kotodamashi_encyclopedia.VMS,KOTODAMA_VM+,,Kotodamashi Encyclopedia (vm2) [source: game pack bundled with the VM2 organizer; community and fan VMU games],yes
disc_vm2_minigames,disc_vm2_minigames,vm2_lets_play_vmu_trade.vmi,vm2_lets_play_vmu_trade.VMS,Y_ASOBOU__VM,,Lets Play VMU Trade (vm2) [source: game pack bundled with the VM2 organizer; community and fan VMU games],yes
disc_vm2_minigames,disc_vm2_minigames,vm2_make_soccer_anywhere_1.vmi,vm2_make_soccer_anywhere_1.VMS,SAKATOKU._V+,,Make Soccer Anywhere 1 (vm2) [source: game pack bundled with the VM2 organizer; community and fan VMU games],yes
disc_vm2_minigames,disc_vm2_minigames,vm2_make_soccer_anywhere_2.vmi,vm2_make_soccer_anywhere_2.VMS,SAKATOKU._VM,,Make Soccer Anywhere 2 (vm2) [source: game pack bundled with the VM2 organizer; community and fan VMU games],yes
disc_vm2_minigames,disc_vm2_minigames,vm2_make_soccer_anywhere_3.vmi,vm2_make_soccer_anywhere_3.VMS,SAKATOK2._VM,,Make Soccer Anywhere 3 (vm2) [source: game pack bundled with the VM2 organizer; community and fan VMU games],yes
disc_vm2_minigames,disc_vm2_minigames,vm2_manari_clock.vmi,vm2_manari_clock.VMS,NAKORURU_VM+,,Manari Clock (vm2) [source: game pack bundled with the VM2 organizer; community and fan VMU games],yes
disc_vm2_minigames,disc_vm2_minigames,vm2_marvel_vs_capcom_2.vmi,vm2_marvel_vs_capcom_2.VMS,MVLVSCP2__VM,,Marvel vs Capcom 2 (vm2) [source: game pack bundled with the VM2 organizer; community and fan VMU games],yes
disc_vm2_minigames,disc_vm2_minigames,vm2_mikami_satoru_clock.vmi,vm2_mikami_satoru_clock.VMS,MABOROSI_C8+,,Mikami Satoru Clock (vm2) [source: game pack bundled with the VM2 organizer; community and fan VMU games],yes
disc_vm2_minigames,disc_vm2_minigames,vm2_mini_anima_notebook.vmi,vm2_mini_anima_notebook.VMS,ANIMASTAR_VM,,Mini Anima Notebook (vm2) [source: game pack bundled with the VM2 organizer; community and fan VMU games],yes
disc_vm2_minigames,disc_vm2_minigames,vm2_minto_to_issho.vmi,vm2_minto_to_issho.VMS,TANTEIDSH_V+,,Minto To Issho (vm2) [source: game pack bundled with the VM2 organizer; community and fan VMU games],yes
disc_vm2_minigames,disc_vm2_minigames,vm2_mojipuchi_animals.vmi,vm2_mojipuchi_animals.VMS,ROOMNEJI_VM+,,Mojipuchi - Animals (vm2) [source: game pack bundled with the VM2 organizer; community and fan VMU games],yes
disc_vm2_minigames,disc_vm2_minigames,vm2_mojipuchi_english.vmi,vm2_mojipuchi_english.VMS,ROOMNEJI_VM+,,Mojipuchi - English (vm2) [source: game pack bundled with the VM2 organizer; community and fan VMU games],yes
disc_vm2_minigames,disc_vm2_minigames,vm2_mojipuchi_mixed.vmi,vm2_mojipuchi_mixed.VMS,ROOMNEJI__VM,,Mojipuchi - Mixed (vm2) [source: game pack bundled with the VM2 organizer; community and fan VMU games],yes
disc_vm2_minigames,disc_vm2_minigames,vm2_mojipuchi_places.vmi,vm2_mojipuchi_places.VMS,ROOMNEJI_VM+,,Mojipuchi - Places (vm2) [source: game pack bundled with the VM2 organizer; community and fan VMU games],yes
disc_vm2_minigames,disc_vm2_minigames,vm2_mojipuchi.vmi,vm2_mojipuchi.VMS,ROOMNEJI_VM+,,Mojipuchi (vm2) [source: game pack bundled with the VM2 organizer; community and fan VMU games],yes
disc_vm2_minigames,disc_vm2_minigames,vm2_moonlighter.vmi,vm2_moonlighter.VMS,TOPPARAU._VM,,Moonlighter (vm2) [source: game pack bundled with the VM2 organizer; community and fan VMU games],yes
disc_vm2_minigames,disc_vm2_minigames,vm2_mothra_dream_battle.vmi,vm2_mothra_dream_battle.VMS,MOTHRADBTVMS,,Mothra Dream Battle (vm2) [source: game pack bundled with the VM2 organizer; community and fan VMU games],yes
disc_vm2_minigames,disc_vm2_minigames,vm2_nba_2k1_vmu.vmi,vm2_nba_2k1_vmu.VMS,VMUVPLAY__VM,,NBA 2K1 VMU (vm2) [source: game pack bundled with the VM2 organizer; community and fan VMU games],yes
disc_vm2_minigames,disc_vm2_minigames,vm2_nakoruro_mana_character_vmu_clock_en.vmi,vm2_nakoruro_mana_character_vmu_clock_en.VMS,NAKO_MANA_VM,,Nakoruro Mana Character VMU Clock (EN) (vm2) [source: game pack bundled with the VM2 organizer; community and fan VMU games],yes
disc_vm2_minigames,disc_vm2_minigames,vm2_nakoruro_nako_character_vmu_clock_en.vmi,vm2_nakoruro_nako_character_vmu_clock_en.VMS,NAKO_NAKO_VM,,Nakoruro Nako Character VMU Clock (EN) (vm2) [source: game pack bundled with the VM2 organizer; community and fan VMU games],yes
disc_vm2_minigames,disc_vm2_minigames,vm2_nakoruro_rera_character_vmu_clock_en.vmi,vm2_nakoruro_rera_character_vmu_clock_en.VMS,NAKO_RERA_VM,,Nakoruro Rera Character VMU Clock (EN) (vm2) [source: game pack bundled with the VM2 organizer; community and fan VMU games],yes
disc_vm2_minigames,disc_vm2_minigames,vm2_nakoruro_rimu_character_vmu_clock_en.vmi,vm2_nakoruro_rimu_character_vmu_clock_en.VMS,NAKO_RIMU_VM,,Nakoruro Rimu Character VMU Clock (EN) (vm2) [source: game pack bundled with the VM2 organizer; community and fan VMU games],yes
disc_vm2_minigames,disc_vm2_minigames,vm2_nakoruru_clock.vmi,vm2_nakoruru_clock.VMS,NAKORURU_VM+,,Nakoruru Clock (vm2) [source: game pack bundled with the VM2 organizer; community and fan VMU games],yes
disc_vm2_minigames,disc_vm2_minigames,vm2_narumi_rio_clock.vmi,vm2_narumi_rio_clock.VMS,MABOROSI_C3+,,Narumi Rio Clock (vm2) [source: game pack bundled with the VM2 organizer; community and fan VMU games],yes
disc_vm2_minigames,disc_vm2_minigames,vm2_pacit.vmi,vm2_pacit.VMS,PACIT_NM.VMU,,PACit (vm2) [source: game pack bundled with the VM2 organizer; community and fan VMU games],yes
disc_vm2_minigames,disc_vm2_minigames,vm2_pinguino.vmi,vm2_pinguino.VMS,.VMS,,PINGUINO (vm2) [source: game pack bundled with the VM2 organizer; community and fan VMU games],yes
disc_vm2_minigames,disc_vm2_minigames,vm2_pari_no_futari.vmi,vm2_pari_no_futari.VMS,SAKURA_3._VM,,Pari No Futari (vm2) [source: game pack bundled with the VM2 organizer; community and fan VMU games],yes
disc_vm2_minigames,disc_vm2_minigames,vm2_pata_pies.vmi,vm2_pata_pies.VMS,PATAPIES__VM,,Pata Pies (vm2) [source: game pack bundled with the VM2 organizer; community and fan VMU games],yes
disc_vm2_minigames,disc_vm2_minigames,vm2_pier_solar_labyrinth.vmi,vm2_pier_solar_labyrinth.VMS,PSHD.VMS,,Pier Solar Labyrinth (vm2) [source: game pack bundled with the VM2 organizer; community and fan VMU games],yes
disc_vm2_minigames,disc_vm2_minigames,vm2_pixel_art.vmi,vm2_pixel_art.VMS,DOTILOVE._VM,,Pixel Art (vm2) [source: game pack bundled with the VM2 organizer; community and fan VMU games],yes
disc_vm2_minigames,disc_vm2_minigames,vm2_pockekano_shizuka.vmi,vm2_pockekano_shizuka.VMS,POCKEKANO_VM,,PockeKano - Shizuka (vm2) [source: game pack bundled with the VM2 organizer; community and fan VMU games],yes
disc_vm2_minigames,disc_vm2_minigames,vm2_pockekano_yumi.vmi,vm2_pockekano_yumi.VMS,POCKEKANO_VM,,PockeKano - Yumi (vm2) [source: game pack bundled with the VM2 organizer; community and fan VMU games],yes
disc_vm2_minigames,disc_vm2_minigames,vm2_pockekano.vmi,vm2_pockekano.VMS,POCKEKANO_VM,,PockeKano (vm2) [source: game pack bundled with the VM2 organizer; community and fan VMU games],yes
disc_vm2_minigames,disc_vm2_minigames,vm2_pop_n_music_anywhere_3.vmi,vm2_pop_n_music_anywhere_3.VMS,ROOMNEJI_VM+,,Pop 'n Music Anywhere 3 (vm2) [source: game pack bundled with the VM2 organizer; community and fan VMU games],yes
disc_vm2_minigames,disc_vm2_minigames,vm2_power_stone_2_mini_book.vmi,vm2_power_stone_2_mini_book.VMS,P_STONE2__VM,,Power Stone 2 Mini Book (vm2) [source: game pack bundled with the VM2 organizer; community and fan VMU games],yes
disc_vm2_minigames,disc_vm2_minigames,vm2_rera_clock.vmi,vm2_rera_clock.VMS,NAKORURU_VM+,,Rera Clock (vm2) [source: game pack bundled with the VM2 organizer; community and fan VMU games],yes
disc_vm2_minigames,disc_vm2_minigames,vm2_rich_life_collection.vmi,vm2_rich_life_collection.VMS,GAME0200._VM,,Rich Life Collection (vm2) [source: game pack bundled with the VM2 organizer; community and fan VMU games],yes
disc_vm2_minigames,disc_vm2_minigames,vm2_rimururu_clock.vmi,vm2_rimururu_clock.VMS,NAKORURU_VM+,,Rimururu Clock (vm2) [source: game pack bundled with the VM2 organizer; community and fan VMU games],yes
disc_vm2_minigames,disc_vm2_minigames,vm2_runabout_mini_madness.vmi,vm2_runabout_mini_madness.VMS,RUNABOUU._VM,,Runabout Mini Madness (vm2) [source: game pack bundled with the VM2 organizer; community and fan VMU games],yes
disc_vm2_minigames,disc_vm2_minigames,vm2_sakagami_hazuki_clock.vmi,vm2_sakagami_hazuki_clock.VMS,MABOROSI_C4+,,Sakagami Hazuki Clock (vm2) [source: game pack bundled with the VM2 organizer; community and fan VMU games],yes
disc_vm2_minigames,disc_vm2_minigames,vm2_sakagami_miyuki_clock.vmi,vm2_sakagami_miyuki_clock.VMS,MABOROSI_C5+,,Sakagami Miyuki Clock (vm2) [source: game pack bundled with the VM2 organizer; community and fan VMU games],yes
disc_vm2_minigames,disc_vm2_minigames,vm2_sasagawa_asami_clock.vmi,vm2_sasagawa_asami_clock.VMS,MABOROSI_C7+,,Sasagawa Asami Clock (vm2) [source: game pack bundled with the VM2 organizer; community and fan VMU games],yes
disc_vm2_minigames,disc_vm2_minigames,vm2_sasagawa_sanae_clock.vmi,vm2_sasagawa_sanae_clock.VMS,MABOROSI_C6+,,Sasagawa Sanae Clock (vm2) [source: game pack bundled with the VM2 organizer; community and fan VMU games],yes
disc_vm2_minigames,disc_vm2_minigames,vm2_seaman_storage_matrix.vmi,vm2_seaman_storage_matrix.VMS,SEAMANDC._VM,,Seaman Storage Matrix (vm2) [source: game pack bundled with the VM2 organizer; community and fan VMU games],yes
disc_vm2_minigames,disc_vm2_minigames,vm2_sega_rally_2_record_viewer.vmi,vm2_sega_rally_2_record_viewer.VMS,SGRALLY2I_VM,,Sega Rally 2 Record Viewer (vm2) [source: game pack bundled with the VM2 organizer; community and fan VMU games],yes
disc_vm2_minigames,disc_vm2_minigames,vm2_shenmue_goodies.vmi,vm2_shenmue_goodies.VMS,V_SHENMUE_VM,,Shenmue Goodies (vm2) [source: game pack bundled with the VM2 organizer; community and fan VMU games],yes
disc_vm2_minigames,disc_vm2_minigames,vm2_soulcalibur_vmu_game_pak.vmi,vm2_soulcalibur_vmu_game_pak.VMS,SCALIBUR_PAK,,SoulCalibur VMU Game Pak (vm2) [source: game pack bundled with the VM2 organizer; community and fan VMU games],yes
disc_vm2_minigames,disc_vm2_minigames,vm2_space_senmu.vmi,vm2_space_senmu.VMS,SP_SENMU__VM,,Space Senmu (vm2) [source: game pack bundled with the VM2 organizer; community and fan VMU games],yes
disc_vm2_minigames,disc_vm2_minigames,vm2_speed_devils_record_viewer.vmi,vm2_speed_devils_record_viewer.VMS,SPEEDDEV._VM,,Speed Devils Record Viewer (vm2) [source: game pack bundled with the VM2 organizer; community and fan VMU games],yes
disc_vm2_minigames,disc_vm2_minigames,vm2_street_race_vmu.vmi,vm2_street_race_vmu.VMS,SRVMU,,Street Race VMU (vm2) [source: game pack bundled with the VM2 organizer; community and fan VMU games],yes
disc_vm2_minigames,disc_vm2_minigames,vm2_stuff.vmi,vm2_stuff.VMS,GAME010U._VM,,Stuff (vm2) [source: game pack bundled with the VM2 organizer; community and fan VMU games],yes
disc_vm2_minigames,disc_vm2_minigames,vm2_tokyo_bus_guide.vmi,vm2_tokyo_bus_guide.VMS,TOKYOBUS._VM,,Tokyo Bus Guide (vm2) [source: game pack bundled with the VM2 organizer; community and fan VMU games],yes
disc_vm2_minigames,disc_vm2_minigames,vm2_vm_business_card_exchange.vmi,vm2_vm_business_card_exchange.VMS,KOHKANKUN_V+,,VM Business Card Exchange (vm2) [source: game pack bundled with the VM2 organizer; community and fan VMU games],yes
disc_vm2_minigames,disc_vm2_minigames,vm2_vmchan_1.vmi,vm2_vmchan_1.VMS,VMC_SET1._VM,,VMChan 1 (vm2) [source: game pack bundled with the VM2 organizer; community and fan VMU games],yes
disc_vm2_minigames,disc_vm2_minigames,vm2_vmchan_2.vmi,vm2_vmchan_2.VMS,VMC_SET2._VM,,VMChan 2 (vm2) [source: game pack bundled with the VM2 organizer; community and fan VMU games],yes
disc_vm2_minigames,disc_vm2_minigames,vm2_yogurts_big_adventure.vmi,vm2_yogurts_big_adventure.VMS,YOGURT_1._VM,,Yogurts Big Adventure (vm2) [source: game pack bundled with the VM2 organizer; community and fan VMU games],yes
disc_vm2_minigames,disc_vm2_minigames,vm2_zombie_player_vs_monster.vmi,vm2_zombie_player_vs_monster.VMS,ZOMBIE,,Zombie - Player vs Monster (vm2) [source: game pack bundled with the VM2 organizer; community and fan VMU games],yes
Action Replay CDX,arcdx,arcdx1.VMI,arcdx1.VMS,CDX_CODES_00,,Action Replay CDX save with many codes loaded.,yes
Action Replay CDX,arcdx,AR423.VMI,AR423.VMS,CDX_CODES_00,,This Action Replay CDX code save contains codes for 423 games (including orginal codes) for all regions.,yes
GameShark CDX,gscdx,gscdx1.VMI,gscdx1.VMS,CDX_CODES_00,,Good save for GameShark CDX with many codes loaded!,yes
GameShark CDX,gscdx,GSHARK.VMI,GSHARK.VMS,ICONDATA_VMS,,Game Shark VMU icon.,
GameShark CDX,gscdx,GSCDX.vmi,GSCDX.VMS,CDX_CODES_00,,A lot of codes for GameShark CDX!,yes
Code Breaker / Xploder DC,xploder,XPLODER.VMI,XPLODER.VMS,FCDCHEATS,,Code Breaker - Xploder DC code save for 30 games.,yes
Atari Anniversary Edition,atari,ATARI.VMI,ATARI.VMS,ICONDATA_VMS,,Atari VMU icon.,yes
